particle_id,forcing_member_id,timestamp,lat,lon,valid
0,0,2019-06-11 20:35:58,34.41558902808327,35.008854217101934,True
0,1,2019-06-11 20:35:58,34.336154771996156,35.04934186346293,True
0,2,2019-06-11 20:35:58,34.35627666468469,35.00968762940212,True
0,3,2019-06-11 20:35:58,34.37543450873269,35.011306006997806,True
0,4,2019-06-11 20:35:58,34.379766160856995,35.04609627656103,True
0,5,2019-06-11 20:35:58,34.38380105617547,35.05916891930898,True
1,0,2019-06-11 20:35:58,34.40652585272077,35.02998559950298,True
1,1,2019-06-11 20:35:58,34.34272187769834,35.058829006635285,True
1,2,2019-06-11 20:35:58,34.34645760592232,35.022351151408756,True
1,3,2019-06-11 20:35:58,34.38946069138518,35.05558354069375,True
1,4,2019-06-11 20:35:58,34.37344616169918,35.00637976488511,True
1,5,2019-06-11 20:35:58,34.366267180660856,35.03847983418976,True
2,0,2019-06-11 20:35:58,34.39589722030875,35.048350659546024,True
2,1,2019-06-11 20:35:58,34.34375622230421,35.0118509288448,True
2,2,2019-06-11 20:35:58,34.354843167228985,35.042189444964315,True
2,3,2019-06-11 20:35:58,34.375419183808795,35.02253845287665,True
2,4,2019-06-11 20:35:58,34.375217913676195,35.0383542289629,True
2,5,2019-06-11 20:35:58,34.37703751517842,35.03671618317545,True
3,0,2019-06-11 20:35:58,34.39878255652686,34.983408924048085,True
3,1,2019-06-11 20:35:58,34.35280475908741,35.03270473676926,True
3,2,2019-06-11 20:35:58,34.36867568042938,35.01033011638665,True
3,3,2019-06-11 20:35:58,34.37029877450441,35.019961501004765,True
3,4,2019-06-11 20:35:58,34.36785343695165,35.01093829956407,True
3,5,2019-06-11 20:35:58,34.37576999199054,35.04910980762618,True
4,0,2019-06-11 20:35:58,34.38964856310705,35.00457015855697,True
4,1,2019-06-11 20:35:58,34.35488504387945,35.02280711467363,True
4,2,2019-06-11 20:35:58,34.36937309616674,34.95264121735179,True
4,3,2019-06-11 20:35:58,34.38773804753069,35.02086874823681,True
4,4,2019-06-11 20:35:58,34.3734995197302,35.06474588394124,True
4,5,2019-06-11 20:35:58,34.38859616219212,35.055529906351104,True
5,0,2019-06-11 20:35:58,34.39612632688743,34.982977321306606,True
5,1,2019-06-11 20:35:58,34.349036273850054,35.043541413031384,True
5,2,2019-06-11 20:35:58,34.34366630423246,35.031433452227276,True
5,3,2019-06-11 20:35:58,34.375630032548365,35.051224766677706,True
5,4,2019-06-11 20:35:58,34.37110768708474,35.035126276851535,True
5,5,2019-06-11 20:35:58,34.36872038223082,35.05096854464332,True
6,0,2019-06-11 20:35:58,34.393427169723545,35.04513200690157,True
6,1,2019-06-11 20:35:58,34.32191911099777,35.018704331783965,True
6,2,2019-06-11 20:35:58,34.37213253249459,35.03643981669038,True
6,3,2019-06-11 20:35:58,34.40693303562036,35.00793735108572,True
6,4,2019-06-11 20:35:58,34.37482037945789,35.0219847888509,True
6,5,2019-06-11 20:35:58,34.37025586164381,35.046933328073486,True
7,0,2019-06-11 20:35:58,34.395251031476214,35.01718321131543,True
7,1,2019-06-11 20:35:58,34.347294903695364,35.0275006654217,True
7,2,2019-06-11 20:35:58,34.373868320765126,34.97658266667152,True
7,3,2019-06-11 20:35:58,34.39005733247228,35.02135411872562,True
7,4,2019-06-11 20:35:58,34.38062953302391,35.031656482126664,True
7,5,2019-06-11 20:35:58,34.3873057703596,35.06005269102145,True
8,0,2019-06-11 20:35:58,34.40063059744498,35.038930912275575,True
8,1,2019-06-11 20:35:58,34.345040533014675,35.04541943938506,True
8,2,2019-06-11 20:35:58,34.365631160705895,35.01803185992475,True
8,3,2019-06-11 20:35:58,34.383471862135224,35.0342870051119,True
8,4,2019-06-11 20:35:58,34.383474427769585,35.03598362494843,True
8,5,2019-06-11 20:35:58,34.39551703519513,35.04465914482481,True
9,0,2019-06-11 20:35:58,34.393833924671256,34.99892706504269,True
9,1,2019-06-11 20:35:58,34.343280304112625,35.05258252740341,True
9,2,2019-06-11 20:35:58,34.376748014113666,34.97250085152081,True
9,3,2019-06-11 20:35:58,34.38025669240356,35.02368895109445,True
9,4,2019-06-11 20:35:58,34.37183593344704,35.04405367740982,True
9,5,2019-06-11 20:35:58,34.37369705999294,35.022479289699355,True
10,0,2019-06-11 20:35:58,34.40078360486464,35.02859932280733,True
10,1,2019-06-11 20:35:58,34.337141633215786,35.054696541636424,True
10,2,2019-06-11 20:35:58,34.365389842038795,34.99819798865081,True
10,3,2019-06-11 20:35:58,34.394924147856074,35.012067709373994,True
10,4,2019-06-11 20:35:58,34.385004697549896,35.021060048318,True
10,5,2019-06-11 20:35:58,34.369905283725785,35.006548269518134,True
11,0,2019-06-11 20:35:58,34.38713413517331,35.03109052992809,True
11,1,2019-06-11 20:35:58,34.35687944179733,35.022512583183946,True
11,2,2019-06-11 20:35:58,34.36763448930845,34.98722416885066,True
11,3,2019-06-11 20:35:58,34.380629978094284,35.038130909174534,True
11,4,2019-06-11 20:35:58,34.374151440337776,35.00183970262053,True
11,5,2019-06-11 20:35:58,34.374689684041655,35.03182972756945,True
12,0,2019-06-11 20:35:58,34.39280302217677,35.04223408637325,True
12,1,2019-06-11 20:35:58,34.336185742837216,35.01538982830764,True
12,2,2019-06-11 20:35:58,34.35645329293263,34.972449333926726,True
12,3,2019-06-11 20:35:58,34.38018645563089,34.98230707362235,True
12,4,2019-06-11 20:35:58,34.3816309075237,35.01057873231566,True
12,5,2019-06-11 20:35:58,34.38360395505036,34.984517762093176,True
13,0,2019-06-11 20:35:58,34.384770957191165,35.01289670291606,True
13,1,2019-06-11 20:35:58,34.350168883975215,35.0525034040355,True
13,2,2019-06-11 20:35:58,34.35545962449988,35.006512131459296,True
13,3,2019-06-11 20:35:58,34.40729270890383,35.052512668905806,True
13,4,2019-06-11 20:35:58,34.39541598419693,35.02754561835131,True
13,5,2019-06-11 20:35:58,34.37069092330329,35.045788851028476,True
14,0,2019-06-11 20:35:58,34.3844127729419,35.021587854898655,True
14,1,2019-06-11 20:35:58,34.33655267607363,35.00006187208512,True
14,2,2019-06-11 20:35:58,34.358341458692436,35.02473533886477,True
14,3,2019-06-11 20:35:58,34.38628721906022,35.01865157631079,True
14,4,2019-06-11 20:35:58,34.374377192034196,35.008021824944336,True
14,5,2019-06-11 20:35:58,34.35854233268806,35.06255946632238,True
15,0,2019-06-11 20:35:58,34.40213672298628,35.07168912385844,True
15,1,2019-06-11 20:35:58,34.340480835789236,35.04007150190631,True
15,2,2019-06-11 20:35:58,34.36074789162147,35.03559760671113,True
15,3,2019-06-11 20:35:58,34.39227572630554,35.04307830180482,True
15,4,2019-06-11 20:35:58,34.378363838355476,34.98599730110332,True
15,5,2019-06-11 20:35:58,34.38216754974798,35.05395427528813,True
16,0,2019-06-11 20:35:58,34.39370418966877,35.01820638902491,True
16,1,2019-06-11 20:35:58,34.34196308603512,34.996399597942265,True
16,2,2019-06-11 20:35:58,34.36900786582127,35.050279998175604,True
16,3,2019-06-11 20:35:58,34.39312280293868,35.06543745830857,True
16,4,2019-06-11 20:35:58,34.369130460160136,35.07138500861044,True
16,5,2019-06-11 20:35:58,34.373567971237414,35.04209297588406,True
17,0,2019-06-11 20:35:58,34.39035377967936,35.019163277262734,True
17,1,2019-06-11 20:35:58,34.34848191437605,35.01193261506039,True
17,2,2019-06-11 20:35:58,34.367278512599945,34.9887414716202,True
17,3,2019-06-11 20:35:58,34.38405575567578,34.98829140997016,True
17,4,2019-06-11 20:35:58,34.37017190790976,35.0692227275168,True
17,5,2019-06-11 20:35:58,34.372819772075644,35.049885135387335,True
18,0,2019-06-11 20:35:58,34.39877457587444,35.04001192032544,True
18,1,2019-06-11 20:35:58,34.35233512204311,35.018546303920076,True
18,2,2019-06-11 20:35:58,34.3720641207693,34.968365136478425,True
18,3,2019-06-11 20:35:58,34.38126625831853,35.01920424714384,True
18,4,2019-06-11 20:35:58,34.36457170329184,34.99086043112372,True
18,5,2019-06-11 20:35:58,34.36201139479248,35.04736929918801,True
19,0,2019-06-11 20:35:58,34.39677969293241,35.07629397042841,True
19,1,2019-06-11 20:35:58,34.33376580358946,35.00039999763992,True
19,2,2019-06-11 20:35:58,34.376021179532856,35.06281209795754,True
19,3,2019-06-11 20:35:58,34.38036051231539,35.05003488555485,True
19,4,2019-06-11 20:35:58,34.38722176318918,34.99507646832062,True
19,5,2019-06-11 20:35:58,34.36175430971606,35.0364039022698,True
20,0,2019-06-11 20:35:58,34.38764230316726,34.99219159994544,True
20,1,2019-06-11 20:35:58,34.33772178990954,35.0205020060825,True
20,2,2019-06-11 20:35:58,34.35841644521672,34.992240715029375,True
20,3,2019-06-11 20:35:58,34.38231876326115,35.03559536140545,True
20,4,2019-06-11 20:35:58,34.372803904831684,35.07009992007798,True
20,5,2019-06-11 20:35:58,34.37325214461339,35.033816866490774,True
21,0,2019-06-11 20:35:58,34.40984997092076,34.998868818519426,True
21,1,2019-06-11 20:35:58,34.338109122070264,35.02562924538824,True
21,2,2019-06-11 20:35:58,34.349030884449085,34.99152833297511,True
21,3,2019-06-11 20:35:58,34.37876021002982,35.01837948794747,True
21,4,2019-06-11 20:35:58,34.38853370631329,35.01261185522974,True
21,5,2019-06-11 20:35:58,34.37413181433998,35.03683912206634,True
22,0,2019-06-11 20:35:58,34.39671736665273,35.0097800379408,True
22,1,2019-06-11 20:35:58,34.34593260635475,35.02570180386682,True
22,2,2019-06-11 20:35:58,34.378925505638485,34.96071319834814,True
22,3,2019-06-11 20:35:58,34.38407325767985,35.039923736513536,True
22,4,2019-06-11 20:35:58,34.38505955459456,34.99722800807223,True
22,5,2019-06-11 20:35:58,34.37560892072423,35.01402678609942,True
23,0,2019-06-11 20:35:58,34.41006280432142,35.007361126267774,True
23,1,2019-06-11 20:35:58,34.36625629378901,35.05413289383186,True
23,2,2019-06-11 20:35:58,34.365915449045175,34.96604525282703,True
23,3,2019-06-11 20:35:58,34.37314379607389,35.054694818385016,True
23,4,2019-06-11 20:35:58,34.384248699432916,35.00692150394801,True
23,5,2019-06-11 20:35:58,34.36765915615129,35.0774088001152,True
24,0,2019-06-11 20:35:58,34.39711674522068,35.006072338459845,True
24,1,2019-06-11 20:35:58,34.33094825913479,35.05726691107662,True
24,2,2019-06-11 20:35:58,34.362273933145445,34.982806789792576,True
24,3,2019-06-11 20:35:58,34.36988305308288,35.06310731389591,True
24,4,2019-06-11 20:35:58,34.37450741087246,35.04200842957604,True
24,5,2019-06-11 20:35:58,34.38242376191646,35.05852727886712,True
25,0,2019-06-11 20:35:58,34.41215768582013,35.009817587346674,True
25,1,2019-06-11 20:35:58,34.341701637858,35.012347620106794,True
25,2,2019-06-11 20:35:58,34.36089382007056,35.014287720724326,True
25,3,2019-06-11 20:35:58,34.3900405692019,35.020701019505324,True
25,4,2019-06-11 20:35:58,34.376867994585716,35.04277628905874,True
25,5,2019-06-11 20:35:58,34.366541492202,35.04934798256758,True
26,0,2019-06-11 20:35:58,34.403948915124865,35.005311606052366,True
26,1,2019-06-11 20:35:58,34.33963228883383,35.064252711500565,True
26,2,2019-06-11 20:35:58,34.3386775727441,35.028711613603974,True
26,3,2019-06-11 20:35:58,34.380295369191295,34.98486019368448,True
26,4,2019-06-11 20:35:58,34.38847557009965,35.02596196784531,True
26,5,2019-06-11 20:35:58,34.373271403481574,35.03146473283885,True
27,0,2019-06-11 20:35:58,34.383151625905526,34.976269660182325,True
27,1,2019-06-11 20:35:58,34.33537345451039,35.03127898347148,True
27,2,2019-06-11 20:35:58,34.3601998947418,35.02182488095507,True
27,3,2019-06-11 20:35:58,34.38273176182114,35.03618238840396,True
27,4,2019-06-11 20:35:58,34.38123340438973,35.02595824849295,True
27,5,2019-06-11 20:35:58,34.37508816383303,35.04002262469339,True
28,0,2019-06-11 20:35:58,34.393319506910665,34.992793569791736,True
28,1,2019-06-11 20:35:58,34.34988345519767,35.080935535753184,True
28,2,2019-06-11 20:35:58,34.36260735184226,34.98024245400477,True
28,3,2019-06-11 20:35:58,34.38955971234625,34.990063675075504,True
28,4,2019-06-11 20:35:58,34.37575273969675,35.01351497005868,True
28,5,2019-06-11 20:35:58,34.370419627860855,35.03947419941291,True
29,0,2019-06-11 20:35:58,34.41003716985266,35.07401588935734,True
29,1,2019-06-11 20:35:58,34.35546926800313,35.083038693694476,True
29,2,2019-06-11 20:35:58,34.3722480663217,34.96109093774986,True
29,3,2019-06-11 20:35:58,34.3897649207563,35.02190358343098,True
29,4,2019-06-11 20:35:58,34.368887682384575,35.008563939315934,True
29,5,2019-06-11 20:35:58,34.37430824926372,35.03233567485554,True
30,0,2019-06-11 20:35:58,34.39451193550104,35.011809385975646,True
30,1,2019-06-11 20:35:58,34.34915190242092,34.99537590784463,True
30,2,2019-06-11 20:35:58,34.36139588644405,35.00110275105333,True
30,3,2019-06-11 20:35:58,34.38200885280636,35.01008382358658,True
30,4,2019-06-11 20:35:58,34.38108104858346,34.99939950579737,True
30,5,2019-06-11 20:35:58,34.37065422389924,35.042842247236194,True
31,0,2019-06-11 20:35:58,34.40269000393913,35.024692366874795,True
31,1,2019-06-11 20:35:58,34.33573837648181,35.03656099757145,True
31,2,2019-06-11 20:35:58,34.360346526007845,34.99841683960873,True
31,3,2019-06-11 20:35:58,34.39570666588119,35.02282037246078,True
31,4,2019-06-11 20:35:58,34.367563523212745,35.02415044982882,True
31,5,2019-06-11 20:35:58,34.36719748105294,35.01242253202481,True
32,0,2019-06-11 20:35:58,34.398469772761274,35.04128578786062,True
32,1,2019-06-11 20:35:58,34.34367424647359,35.02631883629088,True
32,2,2019-06-11 20:35:58,34.36442426180464,35.00245644263467,True
32,3,2019-06-11 20:35:58,34.37359875335504,34.99053531091058,True
32,4,2019-06-11 20:35:58,34.38166994413494,35.02984450080538,True
32,5,2019-06-11 20:35:58,34.37445319475429,35.00588354964676,True
33,0,2019-06-11 20:35:58,34.38875450838837,35.03197898750565,True
33,1,2019-06-11 20:35:58,34.35123268416659,35.03705063649246,True
33,2,2019-06-11 20:35:58,34.350289648794224,34.97445821287151,True
33,3,2019-06-11 20:35:58,34.39998079042601,34.99141202272553,True
33,4,2019-06-11 20:35:58,34.38191270023593,34.99606647794233,True
33,5,2019-06-11 20:35:58,34.381091887468806,34.98326403274633,True
34,0,2019-06-11 20:35:58,34.40299601243662,35.02167740575061,True
34,1,2019-06-11 20:35:58,34.3323326508159,35.04894827352385,True
34,2,2019-06-11 20:35:58,34.37646382558621,35.00766218791385,True
34,3,2019-06-11 20:35:58,34.388043302417984,35.00308061792606,True
34,4,2019-06-11 20:35:58,34.37155680300324,35.025067514118874,True
34,5,2019-06-11 20:35:58,34.38270159482664,35.02296591795844,True
35,0,2019-06-11 20:35:58,34.40146591813543,35.01830341438619,True
35,1,2019-06-11 20:35:58,34.33595153976717,35.01123112895645,True
35,2,2019-06-11 20:35:58,34.370477983194476,34.9676374332935,True
35,3,2019-06-11 20:35:58,34.38895521890187,35.04759469332761,True
35,4,2019-06-11 20:35:58,34.37756648974981,35.04006011949975,True
35,5,2019-06-11 20:35:58,34.37121843694675,35.0471668406652,True
36,0,2019-06-11 20:35:58,34.39301758461458,35.02981880028428,True
36,1,2019-06-11 20:35:58,34.34009965295426,35.00480870295978,True
36,2,2019-06-11 20:35:58,34.37098309515191,35.06388111870247,True
36,3,2019-06-11 20:35:58,34.39274348188007,34.96697381142537,True
36,4,2019-06-11 20:35:58,34.373996705512425,35.00175975245158,True
36,5,2019-06-11 20:35:58,34.36405779143599,35.042489044534086,True
37,0,2019-06-11 20:35:58,34.403023662087314,35.02272286781928,True
37,1,2019-06-11 20:35:58,34.336765090885194,35.029348232280284,True
37,2,2019-06-11 20:35:58,34.368332756523756,34.99618638976628,True
37,3,2019-06-11 20:35:58,34.37814143412915,35.01391267088272,True
37,4,2019-06-11 20:35:58,34.37965901619277,35.04483078312845,True
37,5,2019-06-11 20:35:58,34.367349055580966,35.039823568359054,True
38,0,2019-06-11 20:35:58,34.39499893281503,35.02168660982237,True
38,1,2019-06-11 20:35:58,34.32766335637476,35.032457293240135,True
38,2,2019-06-11 20:35:58,34.36838934253822,34.98233529534421,True
38,3,2019-06-11 20:35:58,34.382881274077356,35.04849288782005,True
38,4,2019-06-11 20:35:58,34.381698899809905,35.08100750055638,True
38,5,2019-06-11 20:35:58,34.37243731365887,35.03927963543497,True
39,0,2019-06-11 20:35:58,34.386597683746444,34.971632224613515,True
39,1,2019-06-11 20:35:58,34.34433701005811,35.02757982931611,True
39,2,2019-06-11 20:35:58,34.35899119233373,35.04160696866407,True
39,3,2019-06-11 20:35:58,34.3790356609579,35.05813415747472,True
39,4,2019-06-11 20:35:58,34.384675093035675,35.00431955826898,True
39,5,2019-06-11 20:35:58,34.37889018775497,35.03873334827001,True
40,0,2019-06-11 20:35:58,34.38896325417164,34.9862887997874,True
40,1,2019-06-11 20:35:58,34.32574949540845,35.02268850280566,True
40,2,2019-06-11 20:35:58,34.35877329753317,34.978401564374,True
40,3,2019-06-11 20:35:58,34.39447121698161,35.02986102194132,True
40,4,2019-06-11 20:35:58,34.37228253625726,35.049351886537465,True
40,5,2019-06-11 20:35:58,34.37636689022347,35.03206689187745,True
41,0,2019-06-11 20:35:58,34.405751518813425,35.02052199890899,True
41,1,2019-06-11 20:35:58,34.336546067349694,35.02248235205408,True
41,2,2019-06-11 20:35:58,34.37555202841955,35.01139707691783,True
41,3,2019-06-11 20:35:58,34.388165692426305,34.99993542548959,True
41,4,2019-06-11 20:35:58,34.37517558678764,35.053199916541566,True
41,5,2019-06-11 20:35:58,34.3673526430328,35.019711220545574,True
42,0,2019-06-11 20:35:58,34.39533001853721,35.050652636630126,True
42,1,2019-06-11 20:35:58,34.34636994798307,35.01766896479315,True
42,2,2019-06-11 20:35:58,34.37047401816027,35.014005751597395,True
42,3,2019-06-11 20:35:58,34.39440412841746,35.05106522027989,True
42,4,2019-06-11 20:35:58,34.36478462772782,35.03598801960564,True
42,5,2019-06-11 20:35:58,34.37234795177083,35.00888133399335,True
43,0,2019-06-11 20:35:58,34.39377671853882,35.02346595115702,True
43,1,2019-06-11 20:35:58,34.342238711858805,35.008368213053814,True
43,2,2019-06-11 20:35:58,34.36030154523504,35.00169019527386,True
43,3,2019-06-11 20:35:58,34.38709992487799,35.023836026168276,True
43,4,2019-06-11 20:35:58,34.374858019046194,35.03987827423716,True
43,5,2019-06-11 20:35:58,34.38567157106754,35.03776674622272,True
44,0,2019-06-11 20:35:58,34.38133620818248,34.993698127575165,True
44,1,2019-06-11 20:35:58,34.34867479294693,35.02806127933945,True
44,2,2019-06-11 20:35:58,34.36242727806654,35.02921576960173,True
44,3,2019-06-11 20:35:58,34.400757353497404,35.003961624326486,True
44,4,2019-06-11 20:35:58,34.39122655062508,34.98425457919118,True
44,5,2019-06-11 20:35:58,34.37611048528943,35.031631844063604,True
45,0,2019-06-11 20:35:58,34.39538510817734,34.98654694348832,True
45,1,2019-06-11 20:35:58,34.335397570253036,35.03801580009319,True
45,2,2019-06-11 20:35:58,34.3682601086657,34.99920712573719,True
45,3,2019-06-11 20:35:58,34.39292367875061,34.98790016582873,True
45,4,2019-06-11 20:35:58,34.371201574104425,35.02165219906175,True
45,5,2019-06-11 20:35:58,34.374338998560965,35.06896286401895,True
46,0,2019-06-11 20:35:58,34.41148251358472,35.06303753670225,True
46,1,2019-06-11 20:35:58,34.34824944895285,35.00916129145324,True
46,2,2019-06-11 20:35:58,34.36728189045902,34.98962242475517,True
46,3,2019-06-11 20:35:58,34.3749470548338,35.042839946102326,True
46,4,2019-06-11 20:35:58,34.37088312849437,35.04615066890419,True
46,5,2019-06-11 20:35:58,34.36857206223041,35.04075826778439,True
47,0,2019-06-11 20:35:58,34.386046293834475,34.999335566019724,True
47,1,2019-06-11 20:35:58,34.34430535290577,35.01707521744705,True
47,2,2019-06-11 20:35:58,34.35599930852096,34.99968132646473,True
47,3,2019-06-11 20:35:58,34.388133340158475,34.989198301044695,True
47,4,2019-06-11 20:35:58,34.37151551265204,35.01728877892484,True
47,5,2019-06-11 20:35:58,34.37539383649391,35.00476023002763,True
48,0,2019-06-11 20:35:58,34.38762914595103,35.04092535332829,True
48,1,2019-06-11 20:35:58,34.34174529820314,35.015658471335904,True
48,2,2019-06-11 20:35:58,34.3720248660024,34.98700955469845,True
48,3,2019-06-11 20:35:58,34.386618523989945,35.037328192418684,True
48,4,2019-06-11 20:35:58,34.38894327916206,35.02500971392396,True
48,5,2019-06-11 20:35:58,34.374069250325945,35.00484275621772,True
49,0,2019-06-11 20:35:58,34.38287011802632,35.00776265181702,True
49,1,2019-06-11 20:35:58,34.344327868537114,35.007796597259485,True
49,2,2019-06-11 20:35:58,34.349925271952294,35.05032701413815,True
49,3,2019-06-11 20:35:58,34.39951284901894,35.012803584688,True
49,4,2019-06-11 20:35:58,34.36714148010886,34.97356512957803,True
49,5,2019-06-11 20:35:58,34.394495680780295,35.06707576755638,True
50,0,2019-06-11 20:35:58,34.3908624617995,35.03342698246601,True
50,1,2019-06-11 20:35:58,34.356186254575974,35.04627387239224,True
50,2,2019-06-11 20:35:58,34.37761283578309,35.00910604793087,True
50,3,2019-06-11 20:35:58,34.386996957573736,34.98315479558843,True
50,4,2019-06-11 20:35:58,34.38193865374059,35.03468542927347,True
50,5,2019-06-11 20:35:58,34.37684757253238,35.040201814132544,True
51,0,2019-06-11 20:35:58,34.39498303672754,35.020444467707215,True
51,1,2019-06-11 20:35:58,34.34319704574216,35.01920768148976,True
51,2,2019-06-11 20:35:58,34.36514642374452,35.03998540931459,True
51,3,2019-06-11 20:35:58,34.39230959594414,35.02765209158296,True
51,4,2019-06-11 20:35:58,34.377777216250074,35.04743688780808,True
51,5,2019-06-11 20:35:58,34.380270644097145,35.01762458318112,True
52,0,2019-06-11 20:35:58,34.398880036005146,35.04772209728885,True
52,1,2019-06-11 20:35:58,34.33892965069858,35.03429785654256,True
52,2,2019-06-11 20:35:58,34.35503019256978,35.02318057227784,True
52,3,2019-06-11 20:35:58,34.38004883536313,35.00447839032982,True
52,4,2019-06-11 20:35:58,34.38167473126774,34.972393969499095,True
52,5,2019-06-11 20:35:58,34.381154270309246,35.00934983730797,True
53,0,2019-06-11 20:35:58,34.41403142288775,35.02539135397456,True
53,1,2019-06-11 20:35:58,34.33745410905559,35.04081873110204,True
53,2,2019-06-11 20:35:58,34.369494435138094,35.01062914273224,True
53,3,2019-06-11 20:35:58,34.38917979864626,35.02624605357107,True
53,4,2019-06-11 20:35:58,34.37314193304308,34.99423337383711,True
53,5,2019-06-11 20:35:58,34.362478620222205,35.00993999552714,True
54,0,2019-06-11 20:35:58,34.40536754832019,35.0510338769003,True
54,1,2019-06-11 20:35:58,34.34318367178822,35.014541173860906,True
54,2,2019-06-11 20:35:58,34.35440664954283,34.964116949944575,True
54,3,2019-06-11 20:35:58,34.39128893868639,35.043776050824064,True
54,4,2019-06-11 20:35:58,34.379388287509805,35.02404626843261,True
54,5,2019-06-11 20:35:58,34.36656477826168,35.04201800732678,True
55,0,2019-06-11 20:35:58,34.39222377235199,35.03246970067922,True
55,1,2019-06-11 20:35:58,34.33601523990764,35.020639171611954,True
55,2,2019-06-11 20:35:58,34.371210281801254,34.974830037240906,True
55,3,2019-06-11 20:35:58,34.381548058720504,35.0337588353526,True
55,4,2019-06-11 20:35:58,34.374069644270136,35.04349476266631,True
55,5,2019-06-11 20:35:58,34.3675480316156,35.05536241857531,True
56,0,2019-06-11 20:35:58,34.40895479584559,35.04183695475902,True
56,1,2019-06-11 20:35:58,34.3398553513144,35.01412076228697,True
56,2,2019-06-11 20:35:58,34.36330406515531,35.0095766723412,True
56,3,2019-06-11 20:35:58,34.37892679925952,35.03269138243466,True
56,4,2019-06-11 20:35:58,34.38119520985465,35.00969895130105,True
56,5,2019-06-11 20:35:58,34.36518815438123,35.0190502425235,True
57,0,2019-06-11 20:35:58,34.40899929821702,35.02152803362916,True
57,1,2019-06-11 20:35:58,34.3331033925172,35.05602240935685,True
57,2,2019-06-11 20:35:58,34.36291636501797,34.99723729615178,True
57,3,2019-06-11 20:35:58,34.36691880696105,35.04748291255237,True
57,4,2019-06-11 20:35:58,34.38878996979266,35.00289895997075,True
57,5,2019-06-11 20:35:58,34.36336571385989,35.05633013987782,True
58,0,2019-06-11 20:35:58,34.397178989393794,35.01876816148971,True
58,1,2019-06-11 20:35:58,34.34842102160857,35.02917194295776,True
58,2,2019-06-11 20:35:58,34.36723030297804,35.01104081274616,True
58,3,2019-06-11 20:35:58,34.3863851821016,34.99638051828528,True
58,4,2019-06-11 20:35:58,34.382595752580116,34.98765157136024,True
58,5,2019-06-11 20:35:58,34.3803426650981,35.005707029008974,True
59,0,2019-06-11 20:35:58,34.40396111744482,35.0690067428239,True
59,1,2019-06-11 20:35:58,34.338543398941006,35.02427099585433,True
59,2,2019-06-11 20:35:58,34.35717995113368,35.017801704746155,True
59,3,2019-06-11 20:35:58,34.384052598900496,35.02008457262191,True
59,4,2019-06-11 20:35:58,34.37756395796648,35.04382123271038,True
59,5,2019-06-11 20:35:58,34.38077123456214,35.00950490554351,True
60,0,2019-06-11 20:35:58,34.39884590780009,35.053327308568576,True
60,1,2019-06-11 20:35:58,34.34586736065773,35.03177735360963,True
60,2,2019-06-11 20:35:58,34.35963003434967,35.00867465164934,True
60,3,2019-06-11 20:35:58,34.385663546298744,35.035023010180936,True
60,4,2019-06-11 20:35:58,34.37993750696311,35.02063639161466,True
60,5,2019-06-11 20:35:58,34.37511739926366,35.069381986225544,True
61,0,2019-06-11 20:35:58,34.41000090123452,35.03898282040775,True
61,1,2019-06-11 20:35:58,34.34260963530632,35.025356444051475,True
61,2,2019-06-11 20:35:58,34.375558583422055,35.05076597835843,True
61,3,2019-06-11 20:35:58,34.38904175158833,35.010952084261866,True
61,4,2019-06-11 20:35:58,34.37132328637517,35.039269806250715,True
61,5,2019-06-11 20:35:58,34.37858487015713,35.031246000458864,True
62,0,2019-06-11 20:35:58,34.40406312462824,34.99998029350921,True
62,1,2019-06-11 20:35:58,34.35148412416016,35.0423641882223,True
62,2,2019-06-11 20:35:58,34.36355746341064,35.00349457310882,True
62,3,2019-06-11 20:35:58,34.37811808785052,35.03972611984348,True
62,4,2019-06-11 20:35:58,34.365199433897224,35.011552644146576,True
62,5,2019-06-11 20:35:58,34.37740475598021,35.02250142816039,True
63,0,2019-06-11 20:35:58,34.403123219892564,35.02885686072307,True
63,1,2019-06-11 20:35:58,34.341281659421604,35.03899925342233,True
63,2,2019-06-11 20:35:58,34.36104156087668,34.95985202394502,True
63,3,2019-06-11 20:35:58,34.3822308908435,35.022301296634396,True
63,4,2019-06-11 20:35:58,34.38054940170764,35.00185716318636,True
63,5,2019-06-11 20:35:58,34.380658589879594,35.00299334858459,True
64,0,2019-06-11 20:35:58,34.38188970074585,34.99677270541138,True
64,1,2019-06-11 20:35:58,34.351433452304214,35.035507900021315,True
64,2,2019-06-11 20:35:58,34.363617057569364,34.98103145930002,True
64,3,2019-06-11 20:35:58,34.37977234126922,34.99360485475605,True
64,4,2019-06-11 20:35:58,34.38747403973675,35.022669774064155,True
64,5,2019-06-11 20:35:58,34.367298418288094,35.02205489728021,True
65,0,2019-06-11 20:35:58,34.40184284643539,35.017204921189155,True
65,1,2019-06-11 20:35:58,34.331857200548136,35.040349313516494,True
65,2,2019-06-11 20:35:58,34.372243229147664,35.002575245356844,True
65,3,2019-06-11 20:35:58,34.396965382870434,35.042135676805074,True
65,4,2019-06-11 20:35:58,34.38214639333495,35.033701422175966,True
65,5,2019-06-11 20:35:58,34.37783863545445,35.03765952494275,True
66,0,2019-06-11 20:35:58,34.38621463319702,35.02050979772029,True
66,1,2019-06-11 20:35:58,34.336767580197176,35.040052679618626,True
66,2,2019-06-11 20:35:58,34.366781664516736,35.01012926597954,True
66,3,2019-06-11 20:35:58,34.38450902486203,35.00213267647958,True
66,4,2019-06-11 20:35:58,34.377751468396795,34.996139460167065,True
66,5,2019-06-11 20:35:58,34.36705781146019,35.03685966981746,True
67,0,2019-06-11 20:35:58,34.39663089910046,34.989573038333724,True
67,1,2019-06-11 20:35:58,34.349863508796346,35.01191255302594,True
67,2,2019-06-11 20:35:58,34.371822885956675,34.99801536662618,True
67,3,2019-06-11 20:35:58,34.37983921404921,34.99234359642188,True
67,4,2019-06-11 20:35:58,34.378077806833986,34.99270242770378,True
67,5,2019-06-11 20:35:58,34.36805978850326,35.01451533366576,True
68,0,2019-06-11 20:35:58,34.398894637146334,35.02552959412004,True
68,1,2019-06-11 20:35:58,34.34387774845871,35.05239650229524,True
68,2,2019-06-11 20:35:58,34.365207422762936,35.0265363002435,True
68,3,2019-06-11 20:35:58,34.36293616888042,35.03622129227042,True
68,4,2019-06-11 20:35:58,34.37507215604423,35.02567351037396,True
68,5,2019-06-11 20:35:58,34.38492625046703,35.01970226733709,True
69,0,2019-06-11 20:35:58,34.404524237167585,34.989311004427215,True
69,1,2019-06-11 20:35:58,34.35740406422412,35.031443128257536,True
69,2,2019-06-11 20:35:58,34.36273457577807,35.00763301333179,True
69,3,2019-06-11 20:35:58,34.39826741871091,35.04951477513677,True
69,4,2019-06-11 20:35:58,34.37847320454288,35.00170199537517,True
69,5,2019-06-11 20:35:58,34.378250167157134,35.049976070747846,True
70,0,2019-06-11 20:35:58,34.39887469703634,35.00772240231171,True
70,1,2019-06-11 20:35:58,34.34271418265788,35.02394758102275,True
70,2,2019-06-11 20:35:58,34.35731563546187,34.95682755603281,True
70,3,2019-06-11 20:35:58,34.375107681103074,35.01972378745785,True
70,4,2019-06-11 20:35:58,34.382061329209314,35.02383163682044,True
70,5,2019-06-11 20:35:58,34.374397875402785,35.00667714425213,True
71,0,2019-06-11 20:35:58,34.38611112769653,35.01826666071305,True
71,1,2019-06-11 20:35:58,34.3635527741656,35.03557629460986,True
71,2,2019-06-11 20:35:58,34.38707787358035,34.9706245226123,True
71,3,2019-06-11 20:35:58,34.377299758748016,35.03421453888608,True
71,4,2019-06-11 20:35:58,34.37895820016614,35.02200360557674,True
71,5,2019-06-11 20:35:58,34.37769899038941,35.021829729779355,True
72,0,2019-06-11 20:35:58,34.40497506732946,35.02513277634188,True
72,1,2019-06-11 20:35:58,34.337568406336054,35.022729785532974,True
72,2,2019-06-11 20:35:58,34.365022032644454,35.03442903800775,True
72,3,2019-06-11 20:35:58,34.37811977615635,35.00994093270298,True
72,4,2019-06-11 20:35:58,34.39122820912856,35.00819308096623,True
72,5,2019-06-11 20:35:58,34.3665850746011,35.079118622292285,True
73,0,2019-06-11 20:35:58,34.390756942412146,35.03075440120008,True
73,1,2019-06-11 20:35:58,34.338373002019274,35.004870814221874,True
73,2,2019-06-11 20:35:58,34.38692023980115,34.95058043644169,True
73,3,2019-06-11 20:35:58,34.371776901765344,34.98051042638142,True
73,4,2019-06-11 20:35:58,34.375648631788856,35.015752565301746,True
73,5,2019-06-11 20:35:58,34.38644703606163,35.06032823884925,True
74,0,2019-06-11 20:35:58,34.3984475481035,35.035279434507615,True
74,1,2019-06-11 20:35:58,34.35410104668491,35.0142519503072,True
74,2,2019-06-11 20:35:58,34.374025295040425,34.9616927404247,True
74,3,2019-06-11 20:35:58,34.393171560036606,35.05035818003552,True
74,4,2019-06-11 20:35:58,34.37973767846906,35.0393085660924,True
74,5,2019-06-11 20:35:58,34.36070854875194,35.037202973389014,True
75,0,2019-06-11 20:35:58,34.417875498158615,35.010523824866794,True
75,1,2019-06-11 20:35:58,34.345076783305075,35.04188250950701,True
75,2,2019-06-11 20:35:58,34.36939913564227,34.990095799999,True
75,3,2019-06-11 20:35:58,34.40128080923133,34.979231124629614,True
75,4,2019-06-11 20:35:58,34.3867357141357,35.030040478086526,True
75,5,2019-06-11 20:35:58,34.389274981569415,35.0081110573613,True
76,0,2019-06-11 20:35:58,34.40870455089386,35.04301961094435,True
76,1,2019-06-11 20:35:58,34.328406509991304,35.058289854452404,True
76,2,2019-06-11 20:35:58,34.34712538236574,35.00424503197648,True
76,3,2019-06-11 20:35:58,34.38423843315317,34.998752524943825,True
76,4,2019-06-11 20:35:58,34.37940135591401,35.00427617835482,True
76,5,2019-06-11 20:35:58,34.36038511661309,35.03450252563943,True
77,0,2019-06-11 20:35:58,34.396180596740955,35.01164594365006,True
77,1,2019-06-11 20:35:58,34.32999469817098,35.03591873203935,True
77,2,2019-06-11 20:35:58,34.363234116248684,34.98067442567993,True
77,3,2019-06-11 20:35:58,34.38415885365605,34.99495356151867,True
77,4,2019-06-11 20:35:58,34.369281786067205,34.98536565847455,True
77,5,2019-06-11 20:35:58,34.378491422444085,34.985800538602895,True
78,0,2019-06-11 20:35:58,34.4011550564941,35.015148515437104,True
78,1,2019-06-11 20:35:58,34.329733534184925,35.051249355969475,True
78,2,2019-06-11 20:35:58,34.37151745371133,34.97199170349059,True
78,3,2019-06-11 20:35:58,34.38019120197116,35.00831476465018,True
78,4,2019-06-11 20:35:58,34.38006246779129,34.956829703801475,True
78,5,2019-06-11 20:35:58,34.36444084024897,35.04522435297154,True
79,0,2019-06-11 20:35:58,34.39803155844731,35.022615162803,True
79,1,2019-06-11 20:35:58,34.345492961328176,35.01774431199895,True
79,2,2019-06-11 20:35:58,34.365717254988304,35.02438005214808,True
79,3,2019-06-11 20:35:58,34.40003326701809,35.00584843406936,True
79,4,2019-06-11 20:35:58,34.37154853997454,34.99441976412961,True
79,5,2019-06-11 20:35:58,34.37981123955511,34.995780414278826,True
80,0,2019-06-11 20:35:58,34.401327343303336,35.006197354376035,True
80,1,2019-06-11 20:35:58,34.342049788776116,34.98797489499673,True
80,2,2019-06-11 20:35:58,34.35254156444561,35.0179540666451,True
80,3,2019-06-11 20:35:58,34.38433633713735,35.01145196292725,True
80,4,2019-06-11 20:35:58,34.381319502934176,35.0154687483698,True
80,5,2019-06-11 20:35:58,34.378803639749975,35.01002041399514,True
81,0,2019-06-11 20:35:58,34.392405027581425,35.03938879502646,True
81,1,2019-06-11 20:35:58,34.336766162382474,35.01548966516819,True
81,2,2019-06-11 20:35:58,34.356882578848825,34.961998247680334,True
81,3,2019-06-11 20:35:58,34.37646997381828,35.018025359539614,True
81,4,2019-06-11 20:35:58,34.40157529848493,35.02932363356991,True
81,5,2019-06-11 20:35:58,34.36782377162561,35.03479859236929,True
82,0,2019-06-11 20:35:58,34.40476060730693,34.984912116286935,True
82,1,2019-06-11 20:35:58,34.32625381524295,35.03337846895969,True
82,2,2019-06-11 20:35:58,34.37942730600021,34.994314993267906,True
82,3,2019-06-11 20:35:58,34.396366153151355,35.03805182645607,True
82,4,2019-06-11 20:35:58,34.3847491824876,34.977378688471724,True
82,5,2019-06-11 20:35:58,34.371538294027964,35.034635206743125,True
83,0,2019-06-11 20:35:58,34.3945892280415,35.005772439207135,True
83,1,2019-06-11 20:35:58,34.34231590228288,35.02325471345692,True
83,2,2019-06-11 20:35:58,34.37309779987871,34.99570850221009,True
83,3,2019-06-11 20:35:58,34.38226572053267,34.99264869291196,True
83,4,2019-06-11 20:35:58,34.37787511404737,35.02773955534157,True
83,5,2019-06-11 20:35:58,34.37193893791397,35.029577275367124,True
84,0,2019-06-11 20:35:58,34.406276644922464,34.997026518307344,True
84,1,2019-06-11 20:35:58,34.343386957902986,34.99123554492407,True
84,2,2019-06-11 20:35:58,34.37313185148456,35.04302639633762,True
84,3,2019-06-11 20:35:58,34.39021461396149,35.045554232320804,True
84,4,2019-06-11 20:35:58,34.376457618725276,34.98942939995806,True
84,5,2019-06-11 20:35:58,34.36939566420407,35.0270791899718,True
85,0,2019-06-11 20:35:58,34.398457586770775,35.047425444503816,True
85,1,2019-06-11 20:35:58,34.35665697612928,35.00270877397945,True
85,2,2019-06-11 20:35:58,34.37524215955755,34.97181317239961,True
85,3,2019-06-11 20:35:58,34.37431500212963,35.02780937570775,True
85,4,2019-06-11 20:35:58,34.391485513064225,34.999644579700245,True
85,5,2019-06-11 20:35:58,34.36428708087804,35.03272744399675,True
86,0,2019-06-11 20:35:58,34.402219270907636,35.0080767195561,True
86,1,2019-06-11 20:35:58,34.338941000273685,35.01638536116798,True
86,2,2019-06-11 20:35:58,34.360742069705026,34.988237715905996,True
86,3,2019-06-11 20:35:58,34.38579985119133,35.0193142328285,True
86,4,2019-06-11 20:35:58,34.38012187665921,35.03600892655283,True
86,5,2019-06-11 20:35:58,34.37904607008781,35.02248721781995,True
87,0,2019-06-11 20:35:58,34.41351653392516,35.01432495308726,True
87,1,2019-06-11 20:35:58,34.34064015660032,35.02063914215956,True
87,2,2019-06-11 20:35:58,34.37664751596598,34.95984224201275,True
87,3,2019-06-11 20:35:58,34.3877456839933,34.97727055414173,True
87,4,2019-06-11 20:35:58,34.3751971823266,35.03383133012092,True
87,5,2019-06-11 20:35:58,34.38022952368675,35.03432590120074,True
88,0,2019-06-11 20:35:58,34.40401677009449,35.04917452476397,True
88,1,2019-06-11 20:35:58,34.350129458786434,35.023626440569245,True
88,2,2019-06-11 20:35:58,34.36981170775441,34.96321546464993,True
88,3,2019-06-11 20:35:58,34.39421904481373,35.032333448813155,True
88,4,2019-06-11 20:35:58,34.378779036781545,35.08131529966942,True
88,5,2019-06-11 20:35:58,34.37266472860147,35.015208682272835,True
89,0,2019-06-11 20:35:58,34.39430467826333,34.973224579120924,True
89,1,2019-06-11 20:35:58,34.351302989464266,35.06141904580123,True
89,2,2019-06-11 20:35:58,34.359768406834775,34.99947961357434,True
89,3,2019-06-11 20:35:58,34.386237374441436,35.01686873047929,True
89,4,2019-06-11 20:35:58,34.39641466979885,35.01396395168121,True
89,5,2019-06-11 20:35:58,34.36295675738806,35.02560827514306,True
90,0,2019-06-11 20:35:58,34.39182624515925,34.984458030885314,True
90,1,2019-06-11 20:35:58,34.33886765553533,35.018262116467305,True
90,2,2019-06-11 20:35:58,34.367865198684264,35.01408159046573,True
90,3,2019-06-11 20:35:58,34.387663830867446,34.98360676756003,True
90,4,2019-06-11 20:35:58,34.367751638261,35.01381913806308,True
90,5,2019-06-11 20:35:58,34.38983620475232,35.09083077121437,True
91,0,2019-06-11 20:35:58,34.40704000279555,34.97954515561097,True
91,1,2019-06-11 20:35:58,34.3420016563635,34.989169533511294,True
91,2,2019-06-11 20:35:58,34.37166469569181,35.030178316727465,True
91,3,2019-06-11 20:35:58,34.39792278897224,34.992127767123456,True
91,4,2019-06-11 20:35:58,34.375853734721986,35.04748301289356,True
91,5,2019-06-11 20:35:58,34.37437975855457,35.04553357626041,True
92,0,2019-06-11 20:35:58,34.39258916664411,35.00783540115955,True
92,1,2019-06-11 20:35:58,34.34091413933784,34.986516645312555,True
92,2,2019-06-11 20:35:58,34.37204746750192,34.975535128975444,True
92,3,2019-06-11 20:35:58,34.37313241578873,35.04014980506693,True
92,4,2019-06-11 20:35:58,34.37284515802123,34.95621948774416,True
92,5,2019-06-11 20:35:58,34.37489407117766,35.05282946372046,True
93,0,2019-06-11 20:35:58,34.39068712130838,35.03284310281897,True
93,1,2019-06-11 20:35:58,34.337250868581776,35.02455753146226,True
93,2,2019-06-11 20:35:58,34.36617316167363,34.9758133344335,True
93,3,2019-06-11 20:35:58,34.37286901336115,35.022559333744155,True
93,4,2019-06-11 20:35:58,34.37449433346462,35.01242845800242,True
93,5,2019-06-11 20:35:58,34.37950032743836,34.997055406954594,True
94,0,2019-06-11 20:35:58,34.39082487331939,35.003272514855944,True
94,1,2019-06-11 20:35:58,34.35007165379845,35.025734371125075,True
94,2,2019-06-11 20:35:58,34.36867030709599,34.95794493521695,True
94,3,2019-06-11 20:35:58,34.37964610048278,35.00158052485248,True
94,4,2019-06-11 20:35:58,34.390314769664094,34.98701147313274,True
94,5,2019-06-11 20:35:58,34.38144074431116,35.01767611981204,True
95,0,2019-06-11 20:35:58,34.389685458638894,34.999240625788076,True
95,1,2019-06-11 20:35:58,34.35033149943435,35.03798561468208,True
95,2,2019-06-11 20:35:58,34.36375702088988,34.98333789366781,True
95,3,2019-06-11 20:35:58,34.39523605438358,35.032149492035245,True
95,4,2019-06-11 20:35:58,34.367819360575616,35.00377950808116,True
95,5,2019-06-11 20:35:58,34.37605062969349,35.02423400273185,True
96,0,2019-06-11 20:35:58,34.38192105670548,35.03214337124859,True
96,1,2019-06-11 20:35:58,34.343315116527094,35.03781393389054,True
96,2,2019-06-11 20:35:58,34.3640182750085,34.97808949728219,True
96,3,2019-06-11 20:35:58,34.38696872058617,35.004318212935644,True
96,4,2019-06-11 20:35:58,34.38184506877951,35.04642806762514,True
96,5,2019-06-11 20:35:58,34.38052366782459,35.022208730672475,True
97,0,2019-06-11 20:35:58,34.389734277590435,34.994559657230496,True
97,1,2019-06-11 20:35:58,34.35075509238879,34.99599582273278,True
97,2,2019-06-11 20:35:58,34.36308226837687,34.96412864630409,True
97,3,2019-06-11 20:35:58,34.401858195679466,35.00279785948658,True
97,4,2019-06-11 20:35:58,34.38224698512308,35.05301717435407,True
97,5,2019-06-11 20:35:58,34.37592674972469,35.04379323112874,True
98,0,2019-06-11 20:35:58,34.39852011839818,35.03040467230958,True
98,1,2019-06-11 20:35:58,34.33864859105509,35.066134815712964,True
98,2,2019-06-11 20:35:58,34.36364982644916,35.011987242822784,True
98,3,2019-06-11 20:35:58,34.392842091897826,35.014426549952034,True
98,4,2019-06-11 20:35:58,34.36682314737021,35.001595982792644,True
98,5,2019-06-11 20:35:58,34.3699203549701,35.02688939235464,True
99,0,2019-06-11 20:35:58,34.40646570837084,35.01041470416803,True
99,1,2019-06-11 20:35:58,34.352383284532195,35.033831814244,True
99,2,2019-06-11 20:35:58,34.35773386875682,34.998676491504305,True
99,3,2019-06-11 20:35:58,34.39445413577244,35.04473699031393,True
99,4,2019-06-11 20:35:58,34.382549899979786,34.983600374174884,True
99,5,2019-06-11 20:35:58,34.37478316322898,34.99805907891224,True
100,0,2019-06-11 20:35:58,34.389023042903396,35.030403661419115,True
100,1,2019-06-11 20:35:58,34.3354949677474,35.04090390296329,True
100,2,2019-06-11 20:35:58,34.35108159414327,35.017089712139565,True
100,3,2019-06-11 20:35:58,34.38782989266401,34.97465308796851,True
100,4,2019-06-11 20:35:58,34.379916465801315,34.99101290815535,True
100,5,2019-06-11 20:35:58,34.36755210595439,35.03270872826983,True
101,0,2019-06-11 20:35:58,34.401109639456536,35.02660533807264,True
101,1,2019-06-11 20:35:58,34.343281616218334,35.03497215307001,True
101,2,2019-06-11 20:35:58,34.36624044126027,34.99032785619384,True
101,3,2019-06-11 20:35:58,34.380364976591736,34.995338472221285,True
101,4,2019-06-11 20:35:58,34.36663151328789,35.02591012239567,True
101,5,2019-06-11 20:35:58,34.36541373663835,35.01774382634684,True
102,0,2019-06-11 20:35:58,34.40285780398611,35.005453213352304,True
102,1,2019-06-11 20:35:58,34.33035653901042,35.034881111095174,True
102,2,2019-06-11 20:35:58,34.36758012840118,35.04021813096486,True
102,3,2019-06-11 20:35:58,34.40431576778445,35.02314282828375,True
102,4,2019-06-11 20:35:58,34.3787985413495,34.990933617255266,True
102,5,2019-06-11 20:35:58,34.382175508291255,35.043111160457286,True
103,0,2019-06-11 20:35:58,34.404726710275305,35.01892492742659,True
103,1,2019-06-11 20:35:58,34.33762620940489,35.0568597500869,True
103,2,2019-06-11 20:35:58,34.373784274274044,34.96903085398253,True
103,3,2019-06-11 20:35:58,34.3879030063096,34.99511689620667,True
103,4,2019-06-11 20:35:58,34.38159079369971,35.02816431251358,True
103,5,2019-06-11 20:35:58,34.37800915102982,35.02610688241266,True
104,0,2019-06-11 20:35:58,34.39733515672466,35.01028959063652,True
104,1,2019-06-11 20:35:58,34.35233288145843,35.028337395086005,True
104,2,2019-06-11 20:35:58,34.360509916925146,34.988096514456295,True
104,3,2019-06-11 20:35:58,34.38310578702032,34.97776292551835,True
104,4,2019-06-11 20:35:58,34.39122171584843,35.048645876114925,True
104,5,2019-06-11 20:35:58,34.37397073989579,35.02379984107162,True
105,0,2019-06-11 20:35:58,34.39073880638627,34.99427081197806,True
105,1,2019-06-11 20:35:58,34.34788317309594,35.00505040869014,True
105,2,2019-06-11 20:35:58,34.36693712119126,35.00582536065185,True
105,3,2019-06-11 20:35:58,34.383749915619354,35.017885196273575,True
105,4,2019-06-11 20:35:58,34.36481663240299,35.00989974845493,True
105,5,2019-06-11 20:35:58,34.37442568597623,35.00286742291511,True
106,0,2019-06-11 20:35:58,34.39915559083283,35.04335208159347,True
106,1,2019-06-11 20:35:58,34.34835712943161,34.985992086681286,True
106,2,2019-06-11 20:35:58,34.35657779774828,34.99086164968942,True
106,3,2019-06-11 20:35:58,34.392655955214885,35.02478594044983,True
106,4,2019-06-11 20:35:58,34.38617333973939,35.01640548571684,True
106,5,2019-06-11 20:35:58,34.36509698550829,35.01354008799272,True
107,0,2019-06-11 20:35:58,34.407522638579884,35.01584941987896,True
107,1,2019-06-11 20:35:58,34.34422005669323,35.07421156923195,True
107,2,2019-06-11 20:35:58,34.365218668210225,34.963808208356625,True
107,3,2019-06-11 20:35:58,34.376890001272756,35.016661919919095,True
107,4,2019-06-11 20:35:58,34.36719175379279,34.95494353827306,True
107,5,2019-06-11 20:35:58,34.37293875718026,35.01220407995272,True
108,0,2019-06-11 20:35:58,34.40055147527414,34.97648570533309,True
108,1,2019-06-11 20:35:58,34.34047809979568,35.018474762602104,True
108,2,2019-06-11 20:35:58,34.37086680513075,34.97830831619935,True
108,3,2019-06-11 20:35:58,34.36626238439568,35.02653861527568,True
108,4,2019-06-11 20:35:58,34.37637257858999,34.99160448109388,True
108,5,2019-06-11 20:35:58,34.3677856583134,34.98305547643265,True
109,0,2019-06-11 20:35:58,34.39625231827084,35.05714468165544,True
109,1,2019-06-11 20:35:58,34.34352933211597,35.05701674263823,True
109,2,2019-06-11 20:35:58,34.37875463054002,35.00824187450755,True
109,3,2019-06-11 20:35:58,34.37955575665148,34.979871065435425,True
109,4,2019-06-11 20:35:58,34.368980247211596,35.01439797488464,True
109,5,2019-06-11 20:35:58,34.36881044674376,35.01687824102574,True
110,0,2019-06-11 20:35:58,34.39205071700175,35.01674311935184,True
110,1,2019-06-11 20:35:58,34.342476126685646,35.006414595268055,True
110,2,2019-06-11 20:35:58,34.36351189725245,34.97417982217609,True
110,3,2019-06-11 20:35:58,34.400657997531496,35.0020795094248,True
110,4,2019-06-11 20:35:58,34.36977125177364,35.00049323036395,True
110,5,2019-06-11 20:35:58,34.38531774139614,35.05030413597421,True
111,0,2019-06-11 20:35:58,34.414079410813116,35.00197089995343,True
111,1,2019-06-11 20:35:58,34.33989248402542,35.02696721036454,True
111,2,2019-06-11 20:35:58,34.380338685746736,34.98991208637796,True
111,3,2019-06-11 20:35:58,34.37571673172667,35.02347275366077,True
111,4,2019-06-11 20:35:58,34.362328886625136,35.014157955292035,True
111,5,2019-06-11 20:35:58,34.37058487482976,34.99698075295638,True
112,0,2019-06-11 20:35:58,34.407770015477425,34.99538514490526,True
112,1,2019-06-11 20:35:58,34.34961969271091,34.98043628832082,True
112,2,2019-06-11 20:35:58,34.360746729856814,34.98379313661413,True
112,3,2019-06-11 20:35:58,34.39410530832999,35.00766946446429,True
112,4,2019-06-11 20:35:58,34.36541555526641,35.02363691275744,True
112,5,2019-06-11 20:35:58,34.3829860976066,35.04331380982566,True
113,0,2019-06-11 20:35:58,34.391631280823496,34.99942171706931,True
113,1,2019-06-11 20:35:58,34.33585718809151,34.99989596166084,True
113,2,2019-06-11 20:35:58,34.371582092699896,34.99131555285399,True
113,3,2019-06-11 20:35:58,34.378566009916256,35.03718519924552,True
113,4,2019-06-11 20:35:58,34.38775701237204,35.01149975412941,True
113,5,2019-06-11 20:35:58,34.374026292021036,34.99039953215781,True
114,0,2019-06-11 20:35:58,34.400497537048146,35.04979997777663,True
114,1,2019-06-11 20:35:58,34.34241412304254,35.02787320240068,True
114,2,2019-06-11 20:35:58,34.375380713344526,34.98697477670223,True
114,3,2019-06-11 20:35:58,34.3813638088897,35.03579944243104,True
114,4,2019-06-11 20:35:58,34.37923036727132,35.015074385711955,True
114,5,2019-06-11 20:35:58,34.361461602253925,34.996538484530035,True
115,0,2019-06-11 20:35:58,34.40895059200705,35.06374163878517,True
115,1,2019-06-11 20:35:58,34.34969436500275,35.05959577611812,True
115,2,2019-06-11 20:35:58,34.37263480495957,34.98579826294839,True
115,3,2019-06-11 20:35:58,34.39129174973149,35.05446560176604,True
115,4,2019-06-11 20:35:58,34.36226581392477,35.04847344583444,True
115,5,2019-06-11 20:35:58,34.36334005165698,35.059310120671604,True
116,0,2019-06-11 20:35:58,34.4011927028447,35.00922274899265,True
116,1,2019-06-11 20:35:58,34.342655754469895,35.04844173189876,True
116,2,2019-06-11 20:35:58,34.36829431636745,35.017336276805935,True
116,3,2019-06-11 20:35:58,34.37579444172577,35.00673081701235,True
116,4,2019-06-11 20:35:58,34.38350250780679,35.039084703201404,True
116,5,2019-06-11 20:35:58,34.36887202445306,35.033411288530836,True
117,0,2019-06-11 20:35:58,34.3954685642224,35.03643191306324,True
117,1,2019-06-11 20:35:58,34.33855630133479,35.05225947070269,True
117,2,2019-06-11 20:35:58,34.357015664640805,35.03205041357892,True
117,3,2019-06-11 20:35:58,34.37132924923277,35.003958910599515,True
117,4,2019-06-11 20:35:58,34.36979548805592,35.02877114561618,True
117,5,2019-06-11 20:35:58,34.385871267477896,34.99460319189106,True
118,0,2019-06-11 20:35:58,34.408699932924485,35.008026257604946,True
118,1,2019-06-11 20:35:58,34.33762011459622,34.990375955865005,True
118,2,2019-06-11 20:35:58,34.3616125226936,35.00699659344695,True
118,3,2019-06-11 20:35:58,34.37887134409985,35.01544139198396,True
118,4,2019-06-11 20:35:58,34.39303204800675,35.01515693117785,True
118,5,2019-06-11 20:35:58,34.38006217602834,35.036459470732986,True
119,0,2019-06-11 20:35:58,34.39381170282982,35.018916795906414,True
119,1,2019-06-11 20:35:58,34.33511874436739,35.025364051666536,True
119,2,2019-06-11 20:35:58,34.36105937443936,34.99406385958037,True
119,3,2019-06-11 20:35:58,34.401542432567034,34.988102525208,True
119,4,2019-06-11 20:35:58,34.38956029606917,35.042384451027814,True
119,5,2019-06-11 20:35:58,34.371534994169195,35.050182167095606,True
120,0,2019-06-11 20:35:58,34.40045721918883,35.02775364558074,True
120,1,2019-06-11 20:35:58,34.361234171292026,35.0202725553013,True
120,2,2019-06-11 20:35:58,34.362828034929834,35.00059120702131,True
120,3,2019-06-11 20:35:58,34.36800729641866,34.998166413694975,True
120,4,2019-06-11 20:35:58,34.38021927948989,35.01569315879026,True
120,5,2019-06-11 20:35:58,34.37803327409472,35.05041296863637,True
121,0,2019-06-11 20:35:58,34.40549154155587,34.99398923081832,True
121,1,2019-06-11 20:35:58,34.32819083644001,35.025533178055426,True
121,2,2019-06-11 20:35:58,34.366980902058685,34.984143647735614,True
121,3,2019-06-11 20:35:58,34.37568141022162,35.029402394527516,True
121,4,2019-06-11 20:35:58,34.38203627117507,34.9787931564121,True
121,5,2019-06-11 20:35:58,34.38397374012442,35.06651333188865,True
122,0,2019-06-11 20:35:58,34.4051900935496,34.974211951606094,True
122,1,2019-06-11 20:35:58,34.345718707857586,35.028306762249436,True
122,2,2019-06-11 20:35:58,34.36350547684434,35.013167097060524,True
122,3,2019-06-11 20:35:58,34.38316146654304,35.026906905828504,True
122,4,2019-06-11 20:35:58,34.368000233498904,35.01390553170237,True
122,5,2019-06-11 20:35:58,34.38617696080028,35.01382652067446,True
123,0,2019-06-11 20:35:58,34.40551848542267,35.025561529794786,True
123,1,2019-06-11 20:35:58,34.33070607344971,35.010360779462935,True
123,2,2019-06-11 20:35:58,34.36720844540001,35.00465742730328,True
123,3,2019-06-11 20:35:58,34.3807802178218,35.01679685703659,True
123,4,2019-06-11 20:35:58,34.38289466047955,34.99214191164133,True
123,5,2019-06-11 20:35:58,34.37063808987976,35.0247121214259,True
124,0,2019-06-11 20:35:58,34.39540698940651,35.018376033928526,True
124,1,2019-06-11 20:35:58,34.34069876924965,35.020522280631916,True
124,2,2019-06-11 20:35:58,34.365766183149034,34.96854991226235,True
124,3,2019-06-11 20:35:58,34.412322392006935,34.99069124668864,True
124,4,2019-06-11 20:35:58,34.381205772158395,35.042638020732944,True
124,5,2019-06-11 20:35:58,34.3670642991734,35.0182379155782,True
125,0,2019-06-11 20:35:58,34.39835174195941,35.021126709171845,True
125,1,2019-06-11 20:35:58,34.33612671205452,34.9523365313729,True
125,2,2019-06-11 20:35:58,34.36455160293068,34.99973113502636,True
125,3,2019-06-11 20:35:58,34.38869197613415,35.00497684369379,True
125,4,2019-06-11 20:35:58,34.38342637694929,34.96489044496435,True
125,5,2019-06-11 20:35:58,34.381498685607475,35.019052786090455,True
126,0,2019-06-11 20:35:58,34.39562263291433,35.03695987278433,True
126,1,2019-06-11 20:35:58,34.3341475160484,35.06740002760239,True
126,2,2019-06-11 20:35:58,34.37410483185336,35.003242617303215,True
126,3,2019-06-11 20:35:58,34.37881728583795,34.98704894613789,True
126,4,2019-06-11 20:35:58,34.378467116794546,34.995739959609494,True
126,5,2019-06-11 20:35:58,34.37499694960445,35.05169000760776,True
127,0,2019-06-11 20:35:58,34.37986480285064,35.00013587504235,True
127,1,2019-06-11 20:35:58,34.34818915654231,35.02944942094791,True
127,2,2019-06-11 20:35:58,34.382469109750666,34.95322382652495,True
127,3,2019-06-11 20:35:58,34.379031725202346,35.044515491988896,True
127,4,2019-06-11 20:35:58,34.38034909430631,35.03593272473328,True
127,5,2019-06-11 20:35:58,34.37646461949615,35.01344604964394,True
128,0,2019-06-11 20:35:58,34.388755717788015,35.00716096199882,True
128,1,2019-06-11 20:35:58,34.346806618823635,34.977243908194986,True
128,2,2019-06-11 20:35:58,34.361128512889614,35.0062031848366,True
128,3,2019-06-11 20:35:58,34.404244111013945,35.034995435598546,True
128,4,2019-06-11 20:35:58,34.38565409978032,35.02583522786177,True
128,5,2019-06-11 20:35:58,34.38698906426028,35.01640342915418,True
129,0,2019-06-11 20:35:58,34.402745234695196,35.02293924970401,True
129,1,2019-06-11 20:35:58,34.33891120423396,35.0128826735264,True
129,2,2019-06-11 20:35:58,34.3671161866572,35.01089471150679,True
129,3,2019-06-11 20:35:58,34.38311277992064,35.008706373607076,True
129,4,2019-06-11 20:35:58,34.377397760528304,35.00219124631909,True
129,5,2019-06-11 20:35:58,34.37631267955241,35.03932142440218,True
130,0,2019-06-11 20:35:58,34.39677293874973,35.01065136298679,True
130,1,2019-06-11 20:35:58,34.350631306528754,34.976391580818614,True
130,2,2019-06-11 20:35:58,34.37740102797986,35.00171483474177,True
130,3,2019-06-11 20:35:58,34.38195153476188,35.02249396036773,True
130,4,2019-06-11 20:35:58,34.3957508161544,34.980173271287626,True
130,5,2019-06-11 20:35:58,34.37463067449968,35.0594726625908,True
131,0,2019-06-11 20:35:58,34.39460384065558,35.00543320498797,True
131,1,2019-06-11 20:35:58,34.336963592101895,35.005422373725914,True
131,2,2019-06-11 20:35:58,34.3460747218303,35.01434499266826,True
131,3,2019-06-11 20:35:58,34.387455793025964,35.04232698838345,True
131,4,2019-06-11 20:35:58,34.37123548278966,35.03650473071566,True
131,5,2019-06-11 20:35:58,34.38912380713837,35.04592345060116,True
132,0,2019-06-11 20:35:58,34.40682693152856,35.0509005728642,True
132,1,2019-06-11 20:35:58,34.34285709012957,34.96805198695611,True
132,2,2019-06-11 20:35:58,34.37453488035074,34.99753202831354,True
132,3,2019-06-11 20:35:58,34.383282654833025,35.03623954690687,True
132,4,2019-06-11 20:35:58,34.38154525791884,35.01612717170571,True
132,5,2019-06-11 20:35:58,34.371643849775836,35.046325217290004,True
133,0,2019-06-11 20:35:58,34.391900368411,35.008276937286574,True
133,1,2019-06-11 20:35:58,34.33566077106886,34.974448589756406,True
133,2,2019-06-11 20:35:58,34.36717195082889,34.9827164340104,True
133,3,2019-06-11 20:35:58,34.3851668956002,35.04290492117156,True
133,4,2019-06-11 20:35:58,34.38719284856288,35.00511383349439,True
133,5,2019-06-11 20:35:58,34.37116272114314,34.991746900396144,True
134,0,2019-06-11 20:35:58,34.38988377250599,35.00264993202566,True
134,1,2019-06-11 20:35:58,34.34579007908363,34.99822088243867,True
134,2,2019-06-11 20:35:58,34.374599260568004,34.961271687050555,True
134,3,2019-06-11 20:35:58,34.389982024859705,35.03659393620101,True
134,4,2019-06-11 20:35:58,34.37570621823683,35.021389325353745,True
134,5,2019-06-11 20:35:58,34.38270934614003,35.01324203186114,True
135,0,2019-06-11 20:35:58,34.4011491563912,35.0214059884928,True
135,1,2019-06-11 20:35:58,34.34641009458275,35.02598467265038,True
135,2,2019-06-11 20:35:58,34.35231693473035,34.9466893847611,True
135,3,2019-06-11 20:35:58,34.37833464308772,35.01762852283648,True
135,4,2019-06-11 20:35:58,34.38435102987284,34.9802566813924,True
135,5,2019-06-11 20:35:58,34.368751913221494,34.96814709657069,True
136,0,2019-06-11 20:35:58,34.406434430262046,35.01653377823216,True
136,1,2019-06-11 20:35:58,34.341862024498596,34.99338029665971,True
136,2,2019-06-11 20:35:58,34.36818774375128,35.00990715709027,True
136,3,2019-06-11 20:35:58,34.379468490852005,35.03455564518089,True
136,4,2019-06-11 20:35:58,34.37098746574107,35.009668134624164,True
136,5,2019-06-11 20:35:58,34.38629115243667,35.01762817302047,True
137,0,2019-06-11 20:35:58,34.40998129080057,34.99378225427459,True
137,1,2019-06-11 20:35:58,34.33326954241964,35.044362496705766,True
137,2,2019-06-11 20:35:58,34.35599972543661,34.966665484179835,True
137,3,2019-06-11 20:35:58,34.36967383911821,35.017410081859516,True
137,4,2019-06-11 20:35:58,34.37460863787972,34.99417971362326,True
137,5,2019-06-11 20:35:58,34.3809671111366,35.01966294076813,True
138,0,2019-06-11 20:35:58,34.40711866961645,35.02959303576005,True
138,1,2019-06-11 20:35:58,34.337640004797926,35.02253265513443,True
138,2,2019-06-11 20:35:58,34.36842718076269,34.9561105497814,True
138,3,2019-06-11 20:35:58,34.38307379292794,34.99124821564909,True
138,4,2019-06-11 20:35:58,34.35749269657983,35.01514959902892,True
138,5,2019-06-11 20:35:58,34.382106431968495,35.00848560686402,True
139,0,2019-06-11 20:35:58,34.39459737222551,34.99637166674379,True
139,1,2019-06-11 20:35:58,34.33852973588041,35.05441935023382,True
139,2,2019-06-11 20:35:58,34.35662985655936,34.97477982714757,True
139,3,2019-06-11 20:35:58,34.391922495713594,35.05875413166484,True
139,4,2019-06-11 20:35:58,34.37240519733005,35.003101817731185,True
139,5,2019-06-11 20:35:58,34.372946929693725,35.04056099431374,True
140,0,2019-06-11 20:35:58,34.40664227023545,34.99334873351215,True
140,1,2019-06-11 20:35:58,34.3427507898516,35.063869172763454,True
140,2,2019-06-11 20:35:58,34.35560659324111,35.01337917181991,True
140,3,2019-06-11 20:35:58,34.37689399967302,35.027684143421,True
140,4,2019-06-11 20:35:58,34.381534678104636,35.01943520774476,True
140,5,2019-06-11 20:35:58,34.38413234335567,35.044863923252855,True
141,0,2019-06-11 20:35:58,34.40747325795674,35.00042557375336,True
141,1,2019-06-11 20:35:58,34.34149347735518,34.99846438796811,True
141,2,2019-06-11 20:35:58,34.36231156093727,34.989794204872474,True
141,3,2019-06-11 20:35:58,34.387560918853445,35.001147162859354,True
141,4,2019-06-11 20:35:58,34.39240189810208,35.01289307805594,True
141,5,2019-06-11 20:35:58,34.377352828774555,35.04513308310403,True
142,0,2019-06-11 20:35:58,34.395840937817496,34.9846161756951,True
142,1,2019-06-11 20:35:58,34.3395065151237,35.006431542331995,True
142,2,2019-06-11 20:35:58,34.36817728692902,34.95942365539856,True
142,3,2019-06-11 20:35:58,34.3966762801146,35.02083796769956,True
142,4,2019-06-11 20:35:58,34.38353960559677,35.03431632481105,True
142,5,2019-06-11 20:35:58,34.37110459214129,35.01899320531893,True
143,0,2019-06-11 20:35:58,34.39426654064024,35.03434124743837,True
143,1,2019-06-11 20:35:58,34.33956933358057,35.029846135213326,True
143,2,2019-06-11 20:35:58,34.373188355701174,35.02277096401938,True
143,3,2019-06-11 20:35:58,34.384597295900676,35.011629991197125,True
143,4,2019-06-11 20:35:58,34.37427920250893,35.03449689335871,True
143,5,2019-06-11 20:35:58,34.37271815217425,35.049696381915034,True
144,0,2019-06-11 20:35:58,34.40296531060885,35.0090658277753,True
144,1,2019-06-11 20:35:58,34.33808846527882,35.04678501115944,True
144,2,2019-06-11 20:35:58,34.368928230827045,35.017734621259656,True
144,3,2019-06-11 20:35:58,34.375969363289265,35.03284644933812,True
144,4,2019-06-11 20:35:58,34.37515974183503,35.021519545837975,True
144,5,2019-06-11 20:35:58,34.36018044351965,35.029054611088874,True
145,0,2019-06-11 20:35:58,34.40634677458574,35.03620056714438,True
145,1,2019-06-11 20:35:58,34.335600897358844,35.01601070268784,True
145,2,2019-06-11 20:35:58,34.368608838763585,34.98885994690342,True
145,3,2019-06-11 20:35:58,34.39208075188558,35.05717075361486,True
145,4,2019-06-11 20:35:58,34.37846209651973,35.02801772680513,True
145,5,2019-06-11 20:35:58,34.37061349546399,35.052510595950416,True
146,0,2019-06-11 20:35:58,34.39770548353192,34.99653192642989,True
146,1,2019-06-11 20:35:58,34.33730720077403,35.01666518162658,True
146,2,2019-06-11 20:35:58,34.37737168468683,34.96221264208702,True
146,3,2019-06-11 20:35:58,34.36631052071099,35.01488482462344,True
146,4,2019-06-11 20:35:58,34.38309551881375,35.043319512118856,True
146,5,2019-06-11 20:35:58,34.38835450923015,35.03946922229081,True
147,0,2019-06-11 20:35:58,34.40272039650788,35.009112437751675,True
147,1,2019-06-11 20:35:58,34.333493853768736,35.00713653489172,True
147,2,2019-06-11 20:35:58,34.365516163905404,35.03738149028996,True
147,3,2019-06-11 20:35:58,34.39110230138393,35.008924420926874,True
147,4,2019-06-11 20:35:58,34.3711272519964,35.03233861054081,True
147,5,2019-06-11 20:35:58,34.366862170687305,35.05409768981078,True
148,0,2019-06-11 20:35:58,34.40253090689176,35.02999902484524,True
148,1,2019-06-11 20:35:58,34.32850778455638,34.98047098714797,True
148,2,2019-06-11 20:35:58,34.36095479498557,34.95977780363982,True
148,3,2019-06-11 20:35:58,34.38721943535442,35.02098425384615,True
148,4,2019-06-11 20:35:58,34.37993350649266,35.03188847226787,True
148,5,2019-06-11 20:35:58,34.37346960009231,35.02589393722175,True
149,0,2019-06-11 20:35:58,34.40531126057737,34.99190326928119,True
149,1,2019-06-11 20:35:58,34.33037159812388,35.01413008445427,True
149,2,2019-06-11 20:35:58,34.369078183679626,35.04578690669231,True
149,3,2019-06-11 20:35:58,34.40107606161981,35.03534366195505,True
149,4,2019-06-11 20:35:58,34.374740606852946,34.9915112518536,True
149,5,2019-06-11 20:35:58,34.37561329000492,35.03908191115833,True
150,0,2019-06-11 20:35:58,34.38968202053023,35.01163888389128,True
150,1,2019-06-11 20:35:58,34.32686621632066,35.01540061398901,True
150,2,2019-06-11 20:35:58,34.36989913043674,34.97138095395403,True
150,3,2019-06-11 20:35:58,34.38915841228859,35.006066164811884,True
150,4,2019-06-11 20:35:58,34.38406818852882,35.075603070381014,True
150,5,2019-06-11 20:35:58,34.36228405822711,35.01833224998817,True
151,0,2019-06-11 20:35:58,34.395717972128885,35.00458490076404,True
151,1,2019-06-11 20:35:58,34.355736414742445,34.99431219841916,True
151,2,2019-06-11 20:35:58,34.378799773547314,35.01810062816841,True
151,3,2019-06-11 20:35:58,34.38184668063655,34.98278338937711,True
151,4,2019-06-11 20:35:58,34.39725417354147,34.97370812718776,True
151,5,2019-06-11 20:35:58,34.374523142439166,35.03629211343598,True
152,0,2019-06-11 20:35:58,34.400678837374045,35.02844612546455,True
152,1,2019-06-11 20:35:58,34.35356360597147,35.028337280156585,True
152,2,2019-06-11 20:35:58,34.357898433500324,34.99273315163016,True
152,3,2019-06-11 20:35:58,34.39135481443994,35.009715036746734,True
152,4,2019-06-11 20:35:58,34.370959343914606,34.98278461248128,True
152,5,2019-06-11 20:35:58,34.36307135628152,34.98021359123478,True
153,0,2019-06-11 20:35:58,34.404580393065885,35.01856123772111,True
153,1,2019-06-11 20:35:58,34.3336755432861,34.99296197871306,True
153,2,2019-06-11 20:35:58,34.37734898655263,35.017844515286576,True
153,3,2019-06-11 20:35:58,34.39921247629055,35.00056498433356,True
153,4,2019-06-11 20:35:58,34.375006868353,35.02163015605952,True
153,5,2019-06-11 20:35:58,34.371106596240715,35.0352291833563,True
154,0,2019-06-11 20:35:58,34.4036988595604,35.018274770949816,True
154,1,2019-06-11 20:35:58,34.348759665939355,35.0352856508732,True
154,2,2019-06-11 20:35:58,34.36949685843642,35.01985820207429,True
154,3,2019-06-11 20:35:58,34.39852841562353,34.97413681019502,True
154,4,2019-06-11 20:35:58,34.38029062595624,35.01060874456487,True
154,5,2019-06-11 20:35:58,34.377796666941514,35.04875873858401,True
155,0,2019-06-11 20:35:58,34.38783108948035,34.98577423095398,True
155,1,2019-06-11 20:35:58,34.33428622082872,35.02674464890438,True
155,2,2019-06-11 20:35:58,34.366094009966254,35.004724971026306,True
155,3,2019-06-11 20:35:58,34.38350747755273,35.030045109140424,True
155,4,2019-06-11 20:35:58,34.38984780860588,34.98808275142631,True
155,5,2019-06-11 20:35:58,34.37078627181203,35.02789334710854,True
156,0,2019-06-11 20:35:58,34.39328430489182,34.996476562738664,True
156,1,2019-06-11 20:35:58,34.33989764076393,35.04272139229704,True
156,2,2019-06-11 20:35:58,34.37340053861294,34.96296512904834,True
156,3,2019-06-11 20:35:58,34.39487570307983,34.98953310819298,True
156,4,2019-06-11 20:35:58,34.375449150567334,35.0162572119645,True
156,5,2019-06-11 20:35:58,34.36884029657214,34.99999115664282,True
157,0,2019-06-11 20:35:58,34.38525464831477,35.02038951612362,True
157,1,2019-06-11 20:35:58,34.33346822420353,34.98994059884909,True
157,2,2019-06-11 20:35:58,34.371723337697155,34.984403417959705,True
157,3,2019-06-11 20:35:58,34.381063534049,34.970738098200975,True
157,4,2019-06-11 20:35:58,34.37913617069244,35.00106026376129,True
157,5,2019-06-11 20:35:58,34.374122246364855,35.01294665670934,True
158,0,2019-06-11 20:35:58,34.41429491224781,35.00995677290456,True
158,1,2019-06-11 20:35:58,34.336305570129966,34.98930497971333,True
158,2,2019-06-11 20:35:58,34.35359939705655,34.99391338539933,True
158,3,2019-06-11 20:35:58,34.37822257972416,35.00889529616265,True
158,4,2019-06-11 20:35:58,34.376169744244734,35.04332609392907,True
158,5,2019-06-11 20:35:58,34.36622272574917,35.023421150298326,True
159,0,2019-06-11 20:35:58,34.401158206639174,35.02832864037862,True
159,1,2019-06-11 20:35:58,34.33373686943002,35.011814318083246,True
159,2,2019-06-11 20:35:58,34.36392386285146,34.96758353882306,True
159,3,2019-06-11 20:35:58,34.38630878697538,35.016109893264115,True
159,4,2019-06-11 20:35:58,34.38044364811259,35.03864666338685,True
159,5,2019-06-11 20:35:58,34.363039012165075,35.01103117053708,True
160,0,2019-06-11 20:35:58,34.40464465705333,35.008171298872995,True
160,1,2019-06-11 20:35:58,34.34002994975508,35.00000453845791,True
160,2,2019-06-11 20:35:58,34.37371815709546,35.005074652246506,True
160,3,2019-06-11 20:35:58,34.3805526707237,35.01955100279994,True
160,4,2019-06-11 20:35:58,34.38933344414989,35.01761441464898,True
160,5,2019-06-11 20:35:58,34.37553106061231,35.0137675034613,True
161,0,2019-06-11 20:35:58,34.405092290509806,35.041411980266915,True
161,1,2019-06-11 20:35:58,34.35001940767334,35.01547400773214,True
161,2,2019-06-11 20:35:58,34.37902402621313,34.990595146866156,True
161,3,2019-06-11 20:35:58,34.393806351737695,34.99034032380264,True
161,4,2019-06-11 20:35:58,34.39242584911183,35.02992452552548,True
161,5,2019-06-11 20:35:58,34.36862293365282,35.00908455922651,True
162,0,2019-06-11 20:35:58,34.40495003521316,35.01158955769561,True
162,1,2019-06-11 20:35:58,34.35050495411418,35.03304876193453,True
162,2,2019-06-11 20:35:58,34.38190998445821,34.97008795966017,True
162,3,2019-06-11 20:35:58,34.39393000796735,35.006827409747025,True
162,4,2019-06-11 20:35:58,34.37111339649667,34.99864319724285,True
162,5,2019-06-11 20:35:58,34.371967896099385,35.00658206346731,True
163,0,2019-06-11 20:35:58,34.38530685957674,35.00595060294384,True
163,1,2019-06-11 20:35:58,34.334996513327404,35.061283326265745,True
163,2,2019-06-11 20:35:58,34.36512134608526,35.013647167875774,True
163,3,2019-06-11 20:35:58,34.3773857529276,35.05525359390588,True
163,4,2019-06-11 20:35:58,34.36561085442514,34.98720625854736,True
163,5,2019-06-11 20:35:58,34.377171208240625,35.029109442855905,True
164,0,2019-06-11 20:35:58,34.41313327376153,35.05504402850316,True
164,1,2019-06-11 20:35:58,34.351475831598975,35.05428927890097,True
164,2,2019-06-11 20:35:58,34.37761504569236,34.98565738580507,True
164,3,2019-06-11 20:35:58,34.38663595906746,35.0073560627342,True
164,4,2019-06-11 20:35:58,34.38903339689206,35.016188735066734,True
164,5,2019-06-11 20:35:58,34.38150492091437,35.00107024666975,True
165,0,2019-06-11 20:35:58,34.41237389344535,35.02112660002248,True
165,1,2019-06-11 20:35:58,34.34186251425317,35.044846688429026,True
165,2,2019-06-11 20:35:58,34.36458811158854,35.0077510378529,True
165,3,2019-06-11 20:35:58,34.383825441182985,35.06008981142062,True
165,4,2019-06-11 20:35:58,34.380241830187714,34.99036797693774,True
165,5,2019-06-11 20:35:58,34.38440567488932,35.026656864580815,True
166,0,2019-06-11 20:35:58,34.377400064693724,35.00306366549868,True
166,1,2019-06-11 20:35:58,34.34189049772073,34.96529038226262,True
166,2,2019-06-11 20:35:58,34.37993019638595,35.00477866375498,True
166,3,2019-06-11 20:35:58,34.36898738796255,35.01780894983848,True
166,4,2019-06-11 20:35:58,34.39710358798779,34.98757575340179,True
166,5,2019-06-11 20:35:58,34.36780374907663,35.017591745101676,True
167,0,2019-06-11 20:35:58,34.4103409945936,35.04174174784795,True
167,1,2019-06-11 20:35:58,34.344576545038,34.99913604268826,True
167,2,2019-06-11 20:35:58,34.36844973810524,34.98571731012567,True
167,3,2019-06-11 20:35:58,34.374816411195226,35.01960236586655,True
167,4,2019-06-11 20:35:58,34.36911943350993,35.02487409297191,True
167,5,2019-06-11 20:35:58,34.3772736813899,35.07442909846431,True
168,0,2019-06-11 20:35:58,34.412113931356004,35.00985545811083,True
168,1,2019-06-11 20:35:58,34.341677355088564,35.0389897702231,True
168,2,2019-06-11 20:35:58,34.36349360001507,34.94119367757161,True
168,3,2019-06-11 20:35:58,34.387972261373136,34.98995161211029,True
168,4,2019-06-11 20:35:58,34.371009333790155,34.995095542357475,True
168,5,2019-06-11 20:35:58,34.36284054323014,35.03351646917658,True
169,0,2019-06-11 20:35:58,34.395144421347126,35.01392833053784,True
169,1,2019-06-11 20:35:58,34.331964708691174,35.00141822071093,True
169,2,2019-06-11 20:35:58,34.37003871765066,35.035723833030765,True
169,3,2019-06-11 20:35:58,34.38015271618346,34.979783522620565,True
169,4,2019-06-11 20:35:58,34.381457893473076,35.02032315821822,True
169,5,2019-06-11 20:35:58,34.37999205476387,35.03462889689829,True
170,0,2019-06-11 20:35:58,34.399289594090575,34.9734933226647,True
170,1,2019-06-11 20:35:58,34.34722798691498,35.01877079646267,True
170,2,2019-06-11 20:35:58,34.36455159389933,35.0149715677036,True
170,3,2019-06-11 20:35:58,34.37149114749537,35.00723437013575,True
170,4,2019-06-11 20:35:58,34.37065331868447,35.00845753344394,True
170,5,2019-06-11 20:35:58,34.37657223593187,35.03704735070135,True
171,0,2019-06-11 20:35:58,34.41781541898204,35.03356011087446,True
171,1,2019-06-11 20:35:58,34.331079234500905,35.02339353078674,True
171,2,2019-06-11 20:35:58,34.36047549598517,34.99039167770353,True
171,3,2019-06-11 20:35:58,34.38348096743174,34.991230257618795,True
171,4,2019-06-11 20:35:58,34.374964234678735,35.03436661479665,True
171,5,2019-06-11 20:35:58,34.37257603778843,35.03958717350841,True
172,0,2019-06-11 20:35:58,34.40411725297928,35.03018717874526,True
172,1,2019-06-11 20:35:58,34.33757522555581,35.009867628603054,True
172,2,2019-06-11 20:35:58,34.36532029662342,35.00313159678506,True
172,3,2019-06-11 20:35:58,34.39448552771835,34.959982775746596,True
172,4,2019-06-11 20:35:58,34.360452292022046,35.01133577774199,True
172,5,2019-06-11 20:35:58,34.372767866259565,35.03471579376214,True
173,0,2019-06-11 20:35:58,34.37193864714011,35.02740591259482,True
173,1,2019-06-11 20:35:58,34.34596431531813,34.99455023356065,True
173,2,2019-06-11 20:35:58,34.364216488036355,35.00441675204741,True
173,3,2019-06-11 20:35:58,34.38056767986438,35.00846716007916,True
173,4,2019-06-11 20:35:58,34.39555741944787,35.01721073783098,True
173,5,2019-06-11 20:35:58,34.37920022707128,35.04074913278465,True
174,0,2019-06-11 20:35:58,34.40006442823302,35.029411301974754,True
174,1,2019-06-11 20:35:58,34.33351074306755,35.024900741118614,True
174,2,2019-06-11 20:35:58,34.360619293479914,35.00526262596454,True
174,3,2019-06-11 20:35:58,34.38036367451992,35.02415403559752,True
174,4,2019-06-11 20:35:58,34.3728690682247,34.97887831088374,True
174,5,2019-06-11 20:35:58,34.38212840517291,34.99066999596328,True
175,0,2019-06-11 20:35:58,34.41361047484188,35.04119742700064,True
175,1,2019-06-11 20:35:58,34.33879877830803,35.03517733953188,True
175,2,2019-06-11 20:35:58,34.35645413612505,35.00096232263573,True
175,3,2019-06-11 20:35:58,34.381905446732716,34.953175168658866,True
175,4,2019-06-11 20:35:58,34.38863628624766,34.979574653015504,True
175,5,2019-06-11 20:35:58,34.37717920890473,35.03947810424534,True
176,0,2019-06-11 20:35:58,34.399797239028565,35.009194334705654,True
176,1,2019-06-11 20:35:58,34.33436564452122,34.998391216691516,True
176,2,2019-06-11 20:35:58,34.3626591687263,35.002172429443036,True
176,3,2019-06-11 20:35:58,34.38622927913317,34.98209803003077,True
176,4,2019-06-11 20:35:58,34.37068590623323,35.00234049866346,True
176,5,2019-06-11 20:35:58,34.37573296150847,35.016247647385484,True
177,0,2019-06-11 20:35:58,34.39805491841264,35.00765978385652,True
177,1,2019-06-11 20:35:58,34.34611480292418,34.988323034252964,True
177,2,2019-06-11 20:35:58,34.37031306054214,34.99907718757483,True
177,3,2019-06-11 20:35:58,34.376530159833436,35.03417340039185,True
177,4,2019-06-11 20:35:58,34.375909457975126,35.006533793704776,True
177,5,2019-06-11 20:35:58,34.37908656581445,35.06741107592078,True
178,0,2019-06-11 20:35:58,34.40493339799343,35.000806564064526,True
178,1,2019-06-11 20:35:58,34.34487887886211,35.008164495397786,True
178,2,2019-06-11 20:35:58,34.35978721811041,34.996486099331605,True
178,3,2019-06-11 20:35:58,34.38122534385041,35.00641496881693,True
178,4,2019-06-11 20:35:58,34.37570430475354,35.02314948004702,True
178,5,2019-06-11 20:35:58,34.38126371974232,34.99241335855513,True
179,0,2019-06-11 20:35:58,34.39332543044222,34.99487166606992,True
179,1,2019-06-11 20:35:58,34.33807269282491,35.02784276053931,True
179,2,2019-06-11 20:35:58,34.37170794142216,34.99818853322659,True
179,3,2019-06-11 20:35:58,34.387724571202,34.98517442546123,True
179,4,2019-06-11 20:35:58,34.37140152640247,35.0455162235416,True
179,5,2019-06-11 20:35:58,34.380506914817815,35.01237994534955,True
180,0,2019-06-11 20:35:58,34.418168022370054,35.02898758081745,True
180,1,2019-06-11 20:35:58,34.339570201027705,35.00116942885423,True
180,2,2019-06-11 20:35:58,34.3584069440391,35.036387569595476,True
180,3,2019-06-11 20:35:58,34.38490462175042,34.97659917186355,True
180,4,2019-06-11 20:35:58,34.37991358489577,35.04420103493948,True
180,5,2019-06-11 20:35:58,34.38018954369079,34.981476209967326,True
181,0,2019-06-11 20:35:58,34.386310549238736,35.01759131639994,True
181,1,2019-06-11 20:35:58,34.339531307588544,35.0571756820442,True
181,2,2019-06-11 20:35:58,34.363025584948346,34.97367604162941,True
181,3,2019-06-11 20:35:58,34.39036226243852,35.00721798004752,True
181,4,2019-06-11 20:35:58,34.38324864716042,35.04082871902343,True
181,5,2019-06-11 20:35:58,34.37817716473728,35.035137691075136,True
182,0,2019-06-11 20:35:58,34.41947496449248,34.99187031393383,True
182,1,2019-06-11 20:35:58,34.35937090738081,35.001713612657916,True
182,2,2019-06-11 20:35:58,34.357334146313995,34.98505563688846,True
182,3,2019-06-11 20:35:58,34.38172851987197,34.99236180210661,True
182,4,2019-06-11 20:35:58,34.38329906183347,35.03657304660532,True
182,5,2019-06-11 20:35:58,34.37959308860587,34.99447383805917,True
183,0,2019-06-11 20:35:58,34.40958153738218,35.026229434816614,True
183,1,2019-06-11 20:35:58,34.34050989250828,35.020146527779005,True
183,2,2019-06-11 20:35:58,34.369893174375306,34.988433601432924,True
183,3,2019-06-11 20:35:58,34.390938965428006,35.013518724657665,True
183,4,2019-06-11 20:35:58,34.38043882012617,35.039843009339535,True
183,5,2019-06-11 20:35:58,34.3675303077688,35.006725494154026,True
184,0,2019-06-11 20:35:58,34.39517017546799,35.001858360068475,True
184,1,2019-06-11 20:35:58,34.35216820154414,35.029535291000926,True
184,2,2019-06-11 20:35:58,34.37809614157862,34.992272174205496,True
184,3,2019-06-11 20:35:58,34.38355387957823,35.00337483514224,True
184,4,2019-06-11 20:35:58,34.37538973746317,35.028990860000974,True
184,5,2019-06-11 20:35:58,34.376510685927,35.007278251543866,True
185,0,2019-06-11 20:35:58,34.39889177359426,35.02422267123086,True
185,1,2019-06-11 20:35:58,34.33734579752883,34.9909326048336,True
185,2,2019-06-11 20:35:58,34.36131027401967,34.92266799008233,True
185,3,2019-06-11 20:35:58,34.38990632215307,34.980760138887305,True
185,4,2019-06-11 20:35:58,34.37860741813016,35.01844396689562,True
185,5,2019-06-11 20:35:58,34.37215701892642,35.05836738427877,True
186,0,2019-06-11 20:35:58,34.412701530155786,35.00208122864708,True
186,1,2019-06-11 20:35:58,34.34706307586795,34.970888008691915,True
186,2,2019-06-11 20:35:58,34.36420802185162,35.00792822036551,True
186,3,2019-06-11 20:35:58,34.37745744947395,35.024848150462816,True
186,4,2019-06-11 20:35:58,34.36441358642282,35.00557765823261,True
186,5,2019-06-11 20:35:58,34.38156716547443,35.04421287193408,True
187,0,2019-06-11 20:35:58,34.4068141588049,35.01710926730489,True
187,1,2019-06-11 20:35:58,34.34994152054714,35.02736849087942,True
187,2,2019-06-11 20:35:58,34.369613160892214,34.99912763061604,True
187,3,2019-06-11 20:35:58,34.39218008050575,34.993226925369,True
187,4,2019-06-11 20:35:58,34.380173992877296,35.03107157905925,True
187,5,2019-06-11 20:35:58,34.377310478171104,35.03166873163968,True
188,0,2019-06-11 20:35:58,34.398384444455516,34.95985154979559,True
188,1,2019-06-11 20:35:58,34.33257698651246,35.066777159934475,True
188,2,2019-06-11 20:35:58,34.379430114278996,34.94823742169864,True
188,3,2019-06-11 20:35:58,34.37428975806188,35.00715072689777,True
188,4,2019-06-11 20:35:58,34.36602276152227,35.02398660825684,True
188,5,2019-06-11 20:35:58,34.37646327765503,35.04301331472657,True
189,0,2019-06-11 20:35:58,34.38550542509883,34.98682305873836,True
189,1,2019-06-11 20:35:58,34.34735101930096,35.02632292465441,True
189,2,2019-06-11 20:35:58,34.36716680984847,35.02685120303468,True
189,3,2019-06-11 20:35:58,34.38047079761367,34.9956790891371,True
189,4,2019-06-11 20:35:58,34.37203937666824,34.986529279502456,True
189,5,2019-06-11 20:35:58,34.388379794180665,35.06990257950462,True
190,0,2019-06-11 20:35:58,34.40015927337158,35.030531038626194,True
190,1,2019-06-11 20:35:58,34.35272762730848,35.011365318227966,True
190,2,2019-06-11 20:35:58,34.37355373885756,34.983370014502086,True
190,3,2019-06-11 20:35:58,34.387128435918854,34.99960145162404,True
190,4,2019-06-11 20:35:58,34.36497688617391,34.99971252391869,True
190,5,2019-06-11 20:35:58,34.3669383572612,34.99350414701417,True
191,0,2019-06-11 20:35:58,34.4122385338769,34.975135976526595,True
191,1,2019-06-11 20:35:58,34.330502782943555,35.00680365697946,True
191,2,2019-06-11 20:35:58,34.37064264404424,34.99390108882763,True
191,3,2019-06-11 20:35:58,34.39237229166419,35.026418832205955,True
191,4,2019-06-11 20:35:58,34.37479602756918,34.98634820619064,True
191,5,2019-06-11 20:35:58,34.38295139101203,35.0074089422365,True
192,0,2019-06-11 20:35:58,34.40364510853527,35.041981585650916,True
192,1,2019-06-11 20:35:58,34.34114093736399,35.014854951078384,True
192,2,2019-06-11 20:35:58,34.358765625921166,35.0021999673898,True
192,3,2019-06-11 20:35:58,34.38770471795782,34.98292355314843,True
192,4,2019-06-11 20:35:58,34.374381194958566,35.00866019178374,True
192,5,2019-06-11 20:35:58,34.37901201712696,35.01419659026372,True
193,0,2019-06-11 20:35:58,34.417464549151035,35.027304958632065,True
193,1,2019-06-11 20:35:58,34.341376740566936,35.054011565936065,True
193,2,2019-06-11 20:35:58,34.37722509727726,34.99874405800789,True
193,3,2019-06-11 20:35:58,34.378800991631785,35.028975933734735,True
193,4,2019-06-11 20:35:58,34.37842847981559,35.025230560882,True
193,5,2019-06-11 20:35:58,34.37168243889986,35.003712949744504,True
194,0,2019-06-11 20:35:58,34.39995218218107,35.01291708730339,True
194,1,2019-06-11 20:35:58,34.34691251338971,35.03967224204736,True
194,2,2019-06-11 20:35:58,34.37697586299542,35.03279321689426,True
194,3,2019-06-11 20:35:58,34.38597923248923,34.98508999395351,True
194,4,2019-06-11 20:35:58,34.3722254047433,35.020433643955116,True
194,5,2019-06-11 20:35:58,34.3799562662708,35.035263159982826,True
195,0,2019-06-11 20:35:58,34.3951812012149,34.99339588922459,True
195,1,2019-06-11 20:35:58,34.33974587506909,34.98995205144773,True
195,2,2019-06-11 20:35:58,34.37614766171951,34.975861112121606,True
195,3,2019-06-11 20:35:58,34.37752896495821,35.031207718700315,True
195,4,2019-06-11 20:35:58,34.388659959276595,34.97541349288599,True
195,5,2019-06-11 20:35:58,34.35764528617146,35.02006516993425,True
196,0,2019-06-11 20:35:58,34.403562346891015,34.96249022677142,True
196,1,2019-06-11 20:35:58,34.33077718183684,34.97333953907522,True
196,2,2019-06-11 20:35:58,34.369148951960874,35.021138778709705,True
196,3,2019-06-11 20:35:58,34.379030419022534,35.024164943236194,True
196,4,2019-06-11 20:35:58,34.389996906868944,35.00034191610107,True
196,5,2019-06-11 20:35:58,34.38336834086595,35.0271681579692,True
197,0,2019-06-11 20:35:58,34.39001516915276,35.05885311629959,True
197,1,2019-06-11 20:35:58,34.34670707401817,35.01347392805621,True
197,2,2019-06-11 20:35:58,34.37337039450584,35.02125448661786,True
197,3,2019-06-11 20:35:58,34.38423872654649,35.034778547760595,True
197,4,2019-06-11 20:35:58,34.36318862994207,34.97789205816909,True
197,5,2019-06-11 20:35:58,34.37552427586643,35.029709177764154,True
198,0,2019-06-11 20:35:58,34.40979957993957,35.006975149318755,True
198,1,2019-06-11 20:35:58,34.339641280761654,34.988431034981744,True
198,2,2019-06-11 20:35:58,34.374146909993456,35.04325006304447,True
198,3,2019-06-11 20:35:58,34.38478469951936,35.00477126551269,True
198,4,2019-06-11 20:35:58,34.38822776468253,35.023625321918416,True
198,5,2019-06-11 20:35:58,34.379588048074815,35.02984613535973,True
199,0,2019-06-11 20:35:58,34.412653012949875,35.04784018080798,True
199,1,2019-06-11 20:35:58,34.33336942961208,34.96094425038349,True
199,2,2019-06-11 20:35:58,34.36958307344678,35.01258829584737,True
199,3,2019-06-11 20:35:58,34.38468454495959,35.02920532020793,True
199,4,2019-06-11 20:35:58,34.37916764974721,35.047941873611386,True
199,5,2019-06-11 20:35:58,34.379941479604874,35.006523486903326,True
200,0,2019-06-11 20:35:58,34.394460026294446,34.997130467715586,True
200,1,2019-06-11 20:35:58,34.33787603226546,35.01246064337026,True
200,2,2019-06-11 20:35:58,34.36886546794868,34.96664423031041,True
200,3,2019-06-11 20:35:58,34.38674078193096,35.02673183504094,True
200,4,2019-06-11 20:35:58,34.37693380370155,34.99861516534339,True
200,5,2019-06-11 20:35:58,34.38459367058571,35.02278985832442,True
201,0,2019-06-11 20:35:58,34.40500373568718,35.00104268403832,True
201,1,2019-06-11 20:35:58,34.34496403400507,34.99631986075668,True
201,2,2019-06-11 20:35:58,34.35903274845151,35.017797104259145,True
201,3,2019-06-11 20:35:58,34.38729201876969,34.9695153297749,True
201,4,2019-06-11 20:35:58,34.3619453778955,34.996586871274545,True
201,5,2019-06-11 20:35:58,34.38488555754646,35.041650267134045,True
202,0,2019-06-11 20:35:58,34.40480731087095,34.968170130708515,True
202,1,2019-06-11 20:35:58,34.34129652041413,35.02942768221065,True
202,2,2019-06-11 20:35:58,34.36336909937716,34.938473063864286,True
202,3,2019-06-11 20:35:58,34.38505463035173,35.04245456925237,True
202,4,2019-06-11 20:35:58,34.36741174983288,34.963417608785846,True
202,5,2019-06-11 20:35:58,34.3663257472135,35.01388569363663,True
203,0,2019-06-11 20:35:58,34.400486752479175,35.03755112067359,True
203,1,2019-06-11 20:35:58,34.34864805215691,34.959567251906876,True
203,2,2019-06-11 20:35:58,34.353508540907036,34.981400109060914,True
203,3,2019-06-11 20:35:58,34.3888654155394,35.0075208157394,True
203,4,2019-06-11 20:35:58,34.380937610086264,35.001866842505336,True
203,5,2019-06-11 20:35:58,34.372816642116646,34.9949796270975,True
204,0,2019-06-11 20:35:58,34.412900351569306,35.00329388688585,True
204,1,2019-06-11 20:35:58,34.34559676582118,35.01693268989172,True
204,2,2019-06-11 20:35:58,34.35773828668454,34.9656891246113,True
204,3,2019-06-11 20:35:58,34.389887869867785,34.991774575241344,True
204,4,2019-06-11 20:35:58,34.37407007187364,35.01195415506263,True
204,5,2019-06-11 20:35:58,34.379632887494765,34.994858448344985,True
205,0,2019-06-11 20:35:58,34.39805347412807,34.994679581150685,True
205,1,2019-06-11 20:35:58,34.33244183007925,35.00952326606204,True
205,2,2019-06-11 20:35:58,34.364781041975505,34.98629384736481,True
205,3,2019-06-11 20:35:58,34.377003264550396,35.01209510139825,True
205,4,2019-06-11 20:35:58,34.37399212499768,35.033364075461265,True
205,5,2019-06-11 20:35:58,34.38011603424573,35.006730908172244,True
206,0,2019-06-11 20:35:58,34.40608864019659,35.00728561459918,True
206,1,2019-06-11 20:35:58,34.3486462051193,35.02752808825057,True
206,2,2019-06-11 20:35:58,34.366053431601294,34.97558116811694,True
206,3,2019-06-11 20:35:58,34.36940543685293,34.98666705418572,True
206,4,2019-06-11 20:35:58,34.38159640075283,35.01465872583143,True
206,5,2019-06-11 20:35:58,34.36907381429066,35.04345862872848,True
207,0,2019-06-11 20:35:58,34.40247770844359,34.984493339723365,True
207,1,2019-06-11 20:35:58,34.35352938593414,34.99909499950214,True
207,2,2019-06-11 20:35:58,34.373444824008835,34.978000145779575,True
207,3,2019-06-11 20:35:58,34.38279890347414,35.02526599242808,True
207,4,2019-06-11 20:35:58,34.38693269972329,35.00547821234105,True
207,5,2019-06-11 20:35:58,34.388107974257686,35.00431743565772,True
208,0,2019-06-11 20:35:58,34.40359143272879,35.0270151697267,True
208,1,2019-06-11 20:35:58,34.337859077277116,34.99957650019255,True
208,2,2019-06-11 20:35:58,34.36246183191973,35.00038947244959,True
208,3,2019-06-11 20:35:58,34.38103511200875,35.014588438342145,True
208,4,2019-06-11 20:35:58,34.38296714391629,34.98224908489734,True
208,5,2019-06-11 20:35:58,34.353728007224156,35.02968646067461,True
209,0,2019-06-11 20:35:58,34.42438299502499,35.002721648146306,True
209,1,2019-06-11 20:35:58,34.3385011357694,35.03078044915263,True
209,2,2019-06-11 20:35:58,34.379617422247996,34.964025645185494,True
209,3,2019-06-11 20:35:58,34.39216166088062,35.03380994245338,True
209,4,2019-06-11 20:35:58,34.38482837223984,35.046884785508176,True
209,5,2019-06-11 20:35:58,34.36802051531308,35.01492153483472,True
210,0,2019-06-11 20:35:58,34.39969515502838,35.0232171807049,True
210,1,2019-06-11 20:35:58,34.33300514204417,35.02991338253766,True
210,2,2019-06-11 20:35:58,34.37035023875992,34.94993688804063,True
210,3,2019-06-11 20:35:58,34.38174163665842,35.03084005326366,True
210,4,2019-06-11 20:35:58,34.38413888938127,35.03749346883947,True
210,5,2019-06-11 20:35:58,34.37530139341482,34.98366626944353,True
211,0,2019-06-11 20:35:58,34.39638143067635,35.005458416406285,True
211,1,2019-06-11 20:35:58,34.34693592833229,34.99569755910836,True
211,2,2019-06-11 20:35:58,34.367549250595474,35.006977908849976,True
211,3,2019-06-11 20:35:58,34.396690674655005,35.003465149595264,True
211,4,2019-06-11 20:35:58,34.38062148764999,35.014451428197276,True
211,5,2019-06-11 20:35:58,34.385011561134235,35.01919591078664,True
212,0,2019-06-11 20:35:58,34.397791681296894,35.01892285295668,True
212,1,2019-06-11 20:35:58,34.343132913849416,35.026287515168725,True
212,2,2019-06-11 20:35:58,34.37440054438718,34.992652534104515,True
212,3,2019-06-11 20:35:58,34.39410612388948,35.03289493840636,True
212,4,2019-06-11 20:35:58,34.36451532812105,35.03973204691427,True
212,5,2019-06-11 20:35:58,34.380782048898176,35.033562568550785,True
213,0,2019-06-11 20:35:58,34.38344879385711,35.01360695624718,True
213,1,2019-06-11 20:35:58,34.33849055148671,35.01941755098154,True
213,2,2019-06-11 20:35:58,34.36528499364394,34.99050318584834,True
213,3,2019-06-11 20:35:58,34.38205362888345,35.03034570244535,True
213,4,2019-06-11 20:35:58,34.37241372563239,35.00308796709904,True
213,5,2019-06-11 20:35:58,34.38351477277308,35.08657993514769,True
214,0,2019-06-11 20:35:58,34.407117583651186,35.01216596821207,True
214,1,2019-06-11 20:35:58,34.35081783515351,35.03983411487124,True
214,2,2019-06-11 20:35:58,34.35569743169824,35.008804061674226,True
214,3,2019-06-11 20:35:58,34.39056363644047,35.022559815350604,True
214,4,2019-06-11 20:35:58,34.38059158154171,35.02318067711695,True
214,5,2019-06-11 20:35:58,34.37133285602399,35.0227617535399,True
215,0,2019-06-11 20:35:58,34.397116828232775,35.01217972951174,True
215,1,2019-06-11 20:35:58,34.347320596585575,35.02762708204577,True
215,2,2019-06-11 20:35:58,34.371117356096065,34.98448190220747,True
215,3,2019-06-11 20:35:58,34.401291987859075,34.97599836474084,True
215,4,2019-06-11 20:35:58,34.37943375581427,35.0085975805698,True
215,5,2019-06-11 20:35:58,34.379481423922236,35.024433362387896,True
216,0,2019-06-11 20:35:58,34.40775617777607,34.994741336175935,True
216,1,2019-06-11 20:35:58,34.34511999862285,34.99969249683251,True
216,2,2019-06-11 20:35:58,34.37132024054738,35.033461049745426,True
216,3,2019-06-11 20:35:58,34.39614757812939,34.98618779986426,True
216,4,2019-06-11 20:35:58,34.38899065722386,35.0347707744282,True
216,5,2019-06-11 20:35:58,34.372660185143715,35.07081897206592,True
217,0,2019-06-11 20:35:58,34.395807252944955,35.033385999967244,True
217,1,2019-06-11 20:35:58,34.35311821844748,35.03820200811388,True
217,2,2019-06-11 20:35:58,34.36604648035621,34.991977172353785,True
217,3,2019-06-11 20:35:58,34.39377744980764,35.00400264840079,True
217,4,2019-06-11 20:35:58,34.38361319685751,35.00037300366775,True
217,5,2019-06-11 20:35:58,34.38477799201506,35.02975307011991,True
218,0,2019-06-11 20:35:58,34.399834102696474,34.99735084243047,True
218,1,2019-06-11 20:35:58,34.34883965470998,35.01374493895777,True
218,2,2019-06-11 20:35:58,34.37018638547407,34.99965337191536,True
218,3,2019-06-11 20:35:58,34.38430035268393,35.01563320331903,True
218,4,2019-06-11 20:35:58,34.37358838239301,35.01271001808264,True
218,5,2019-06-11 20:35:58,34.38520305803144,35.05071478986818,True
219,0,2019-06-11 20:35:58,34.39730353325299,34.982666666645045,True
219,1,2019-06-11 20:35:58,34.35026939486759,35.02899366449058,True
219,2,2019-06-11 20:35:58,34.37099315275157,34.96944277379337,True
219,3,2019-06-11 20:35:58,34.39289572549213,34.9823575714633,True
219,4,2019-06-11 20:35:58,34.379017988743186,34.98217937819822,True
219,5,2019-06-11 20:35:58,34.38732831046776,35.014573614802465,True
220,0,2019-06-11 20:35:58,34.402846534027624,35.01175272939952,True
220,1,2019-06-11 20:35:58,34.335405159219576,35.018985257296315,True
220,2,2019-06-11 20:35:58,34.372915712134215,35.027931916039364,True
220,3,2019-06-11 20:35:58,34.389377914900834,34.991010511648426,True
220,4,2019-06-11 20:35:58,34.37812952564397,34.975289550303145,True
220,5,2019-06-11 20:35:58,34.38332418105346,35.00079582806136,True
221,0,2019-06-11 20:35:58,34.408691811916505,35.001441730599026,True
221,1,2019-06-11 20:35:58,34.35253001367312,35.02750831509045,True
221,2,2019-06-11 20:35:58,34.37179907887749,34.97522702373962,True
221,3,2019-06-11 20:35:58,34.359238026949185,35.02137774798791,True
221,4,2019-06-11 20:35:58,34.37769307277354,34.982154729020536,True
221,5,2019-06-11 20:35:58,34.37723451561372,35.02328568509373,True
222,0,2019-06-11 20:35:58,34.4054380651936,34.97549403819767,True
222,1,2019-06-11 20:35:58,34.33632716122057,35.02253406303502,True
222,2,2019-06-11 20:35:58,34.36534990938065,35.00001744035155,True
222,3,2019-06-11 20:35:58,34.3843203318819,35.01291211810015,True
222,4,2019-06-11 20:35:58,34.38398162237282,35.00543778059329,True
222,5,2019-06-11 20:35:58,34.377831763255614,35.02882626226061,True
223,0,2019-06-11 20:35:58,34.40145306442722,34.966345440066895,True
223,1,2019-06-11 20:35:58,34.32694300422001,35.033809874509686,True
223,2,2019-06-11 20:35:58,34.36330698058559,34.972652292837104,True
223,3,2019-06-11 20:35:58,34.39845104002255,34.99315471935718,True
223,4,2019-06-11 20:35:58,34.3773317879796,35.02792001601173,True
223,5,2019-06-11 20:35:58,34.3631876518124,35.00630615540427,True
224,0,2019-06-11 20:35:58,34.406409471786645,34.97589750797994,True
224,1,2019-06-11 20:35:58,34.3522686275249,35.00755812498443,True
224,2,2019-06-11 20:35:58,34.374674312330356,34.96322932024567,True
224,3,2019-06-11 20:35:58,34.384119601261055,35.03718693109276,True
224,4,2019-06-11 20:35:58,34.38293588358166,35.01112671948657,True
224,5,2019-06-11 20:35:58,34.36490735203699,35.01250674781645,True
225,0,2019-06-11 20:35:58,34.398225932326305,35.02093560452175,True
225,1,2019-06-11 20:35:58,34.34197714518543,35.010647942702654,True
225,2,2019-06-11 20:35:58,34.38355109802114,34.98124909059774,True
225,3,2019-06-11 20:35:58,34.38166406921326,34.99973602505065,True
225,4,2019-06-11 20:35:58,34.36202717101383,34.965553132449095,True
225,5,2019-06-11 20:35:58,34.366748699440784,35.00140537063432,True
226,0,2019-06-11 20:35:58,34.41750957090107,34.97489644072998,True
226,1,2019-06-11 20:35:58,34.3528866000869,35.002348481317384,True
226,2,2019-06-11 20:35:58,34.37111880330971,34.981821933639814,True
226,3,2019-06-11 20:35:58,34.374024153720086,34.98609018462405,True
226,4,2019-06-11 20:35:58,34.376042044689754,35.05345965020566,True
226,5,2019-06-11 20:35:58,34.375909165934296,34.994397946464055,True
227,0,2019-06-11 20:35:58,34.40189550647235,35.008556546964776,True
227,1,2019-06-11 20:35:58,34.34186220650159,34.98816465926587,True
227,2,2019-06-11 20:35:58,34.36020425428051,35.03312633467223,True
227,3,2019-06-11 20:35:58,34.38658024197179,35.001708496238855,True
227,4,2019-06-11 20:35:58,34.385058072956824,35.00415027297331,True
227,5,2019-06-11 20:35:58,34.35565465866447,35.02863491481877,True
228,0,2019-06-11 20:35:58,34.39334011303576,35.01855857625361,True
228,1,2019-06-11 20:35:58,34.35496648286629,35.03621210647763,True
228,2,2019-06-11 20:35:58,34.36974504249461,34.99085176973664,True
228,3,2019-06-11 20:35:58,34.39225329237389,35.03381669043069,True
228,4,2019-06-11 20:35:58,34.38609816820784,35.00682679601974,True
228,5,2019-06-11 20:35:58,34.379929876753785,35.01028188325658,True
229,0,2019-06-11 20:35:58,34.385728504794095,34.992226917152905,True
229,1,2019-06-11 20:35:58,34.341891357637635,35.012716806693746,True
229,2,2019-06-11 20:35:58,34.377043790553564,34.99894955977341,True
229,3,2019-06-11 20:35:58,34.38876390602433,35.00880753989073,True
229,4,2019-06-11 20:35:58,34.377796724141454,35.04432326304422,True
229,5,2019-06-11 20:35:58,34.37577343658821,35.018674677024215,True
230,0,2019-06-11 20:35:58,34.41574418664989,34.982177411727186,True
230,1,2019-06-11 20:35:58,34.34759770103285,35.007429678444524,True
230,2,2019-06-11 20:35:58,34.379312875362714,34.969356455072486,True
230,3,2019-06-11 20:35:58,34.38349191159739,34.99162782942061,True
230,4,2019-06-11 20:35:58,34.371307906350324,35.008517980821885,True
230,5,2019-06-11 20:35:58,34.362624311944145,35.02788009514908,True
231,0,2019-06-11 20:35:58,34.388495658069964,34.944307961925055,True
231,1,2019-06-11 20:35:58,34.3323059327864,34.993304422764155,True
231,2,2019-06-11 20:35:58,34.36052175688269,34.9917623027382,True
231,3,2019-06-11 20:35:58,34.37185189212939,35.00933601679248,True
231,4,2019-06-11 20:35:58,34.37515499270345,35.01069129218943,True
231,5,2019-06-11 20:35:58,34.35834983388794,34.9870378550005,True
232,0,2019-06-11 20:35:58,34.41281383305078,34.97946247093808,True
232,1,2019-06-11 20:35:58,34.34845788989622,35.02191244752623,True
232,2,2019-06-11 20:35:58,34.34608030291995,35.025953855334,True
232,3,2019-06-11 20:35:58,34.39204069142453,35.045566876194925,True
232,4,2019-06-11 20:35:58,34.36856350940939,34.998315103142595,True
232,5,2019-06-11 20:35:58,34.37930035953559,35.0685193145887,True
233,0,2019-06-11 20:35:58,34.398592035723425,35.0074137093903,True
233,1,2019-06-11 20:35:58,34.35319405971602,34.99275284354511,True
233,2,2019-06-11 20:35:58,34.36780065271391,34.99866275833429,True
233,3,2019-06-11 20:35:58,34.38827190855828,35.016524715010306,True
233,4,2019-06-11 20:35:58,34.389881408055594,35.02318091736972,True
233,5,2019-06-11 20:35:58,34.37173973616472,35.007454858700655,True
234,0,2019-06-11 20:35:58,34.40526990145896,35.05076493224614,True
234,1,2019-06-11 20:35:58,34.34620055542354,35.028398575259054,True
234,2,2019-06-11 20:35:58,34.360295959422174,35.00035082907848,True
234,3,2019-06-11 20:35:58,34.39082320670764,35.05085835233463,True
234,4,2019-06-11 20:35:58,34.37499886918561,35.01046963340849,True
234,5,2019-06-11 20:35:58,34.369838752081534,34.98851928492176,True
235,0,2019-06-11 20:35:58,34.40399682531288,35.02116881533801,True
235,1,2019-06-11 20:35:58,34.353800140734734,34.96849648536412,True
235,2,2019-06-11 20:35:58,34.36980375708826,34.96717985394388,True
235,3,2019-06-11 20:35:58,34.38371736584664,34.98750278902548,True
235,4,2019-06-11 20:35:58,34.38100157307173,35.013596937396336,True
235,5,2019-06-11 20:35:58,34.37599778078667,35.056347966324914,True
236,0,2019-06-11 20:35:58,34.409062125926404,34.988203310112006,True
236,1,2019-06-11 20:35:58,34.34030892629987,35.01381491813956,True
236,2,2019-06-11 20:35:58,34.362619978866725,34.996497031537686,True
236,3,2019-06-11 20:35:58,34.372345452994196,35.000419768064255,True
236,4,2019-06-11 20:35:58,34.37814496349421,34.99051386321922,True
236,5,2019-06-11 20:35:58,34.36951983627614,35.024801848011954,True
237,0,2019-06-11 20:35:58,34.39665995830081,34.99070295326204,True
237,1,2019-06-11 20:35:58,34.3523284355532,34.985610732476786,True
237,2,2019-06-11 20:35:58,34.38430185938659,34.978025973380774,True
237,3,2019-06-11 20:35:58,34.382239844983964,34.97405608703238,True
237,4,2019-06-11 20:35:58,34.367774752048334,35.009642030685235,True
237,5,2019-06-11 20:35:58,34.3577829028362,34.99904996922667,True
238,0,2019-06-11 20:35:58,34.39698567109161,34.97066272314156,True
238,1,2019-06-11 20:35:58,34.3608401628881,35.03096204435803,True
238,2,2019-06-11 20:35:58,34.372098929692356,35.013257401233126,True
238,3,2019-06-11 20:35:58,34.38373902353724,34.98723234054898,True
238,4,2019-06-11 20:35:58,34.375229911273415,35.003122383582756,True
238,5,2019-06-11 20:35:58,34.38311216214901,34.98990776366375,True
239,0,2019-06-11 20:35:58,34.3915868391975,35.02658759153577,True
239,1,2019-06-11 20:35:58,34.34073871815654,35.00335567436773,True
239,2,2019-06-11 20:35:58,34.36973538175686,35.00270550311734,True
239,3,2019-06-11 20:35:58,34.40397895400785,34.99844099185235,True
239,4,2019-06-11 20:35:58,34.38796367541334,35.03503128493339,True
239,5,2019-06-11 20:35:58,34.38262358588314,35.0398808346591,True
240,0,2019-06-11 20:35:58,34.410808611662596,34.98781648327598,True
240,1,2019-06-11 20:35:58,34.33844296975512,35.003483033129825,True
240,2,2019-06-11 20:35:58,34.36936874593199,34.95088899403613,True
240,3,2019-06-11 20:35:58,34.384771690580685,35.02975044057088,True
240,4,2019-06-11 20:35:58,34.38271308175453,35.04590003936373,True
240,5,2019-06-11 20:35:58,34.37678368417657,35.02767019911616,True
241,0,2019-06-11 20:35:58,34.41003793708448,34.98412366111566,True
241,1,2019-06-11 20:35:58,34.3301302351856,35.000363653301065,True
241,2,2019-06-11 20:35:58,34.36324393725908,35.00788567408774,True
241,3,2019-06-11 20:35:58,34.398642623859004,35.00927768903728,True
241,4,2019-06-11 20:35:58,34.377291096578986,35.0218230599719,True
241,5,2019-06-11 20:35:58,34.377200331104255,34.98029546016628,True
242,0,2019-06-11 20:35:58,34.39698077491999,35.00490967323522,True
242,1,2019-06-11 20:35:58,34.34167459133185,34.98343189241864,True
242,2,2019-06-11 20:35:58,34.37792375083725,34.99318822295755,True
242,3,2019-06-11 20:35:58,34.39300904129258,35.00347030296594,True
242,4,2019-06-11 20:35:58,34.395174414194436,34.993608526698225,True
242,5,2019-06-11 20:35:58,34.37648586386353,35.018153566680986,True
243,0,2019-06-11 20:35:58,34.40061279102364,35.05134495004001,True
243,1,2019-06-11 20:35:58,34.344296707694724,35.03306683897391,True
243,2,2019-06-11 20:35:58,34.36292523851355,34.97549012211837,True
243,3,2019-06-11 20:35:58,34.38276457472396,35.01251151928441,True
243,4,2019-06-11 20:35:58,34.39232678145467,34.983643901064134,True
243,5,2019-06-11 20:35:58,34.37072000757558,35.03771019189724,True
244,0,2019-06-11 20:35:58,34.40778027378602,34.981682575917645,True
244,1,2019-06-11 20:35:58,34.33944970038221,35.01767944465171,True
244,2,2019-06-11 20:35:58,34.38178286598689,35.00544343842482,True
244,3,2019-06-11 20:35:58,34.39603445094217,35.04086441122842,True
244,4,2019-06-11 20:35:58,34.36388481266047,35.0018271563155,True
244,5,2019-06-11 20:35:58,34.385937594654266,34.97090301676799,True
245,0,2019-06-11 20:35:58,34.40035722579509,35.00367503925091,True
245,1,2019-06-11 20:35:58,34.345483150629356,35.022886824634824,True
245,2,2019-06-11 20:35:58,34.35819239239886,34.9543286848835,True
245,3,2019-06-11 20:35:58,34.389478871720286,35.040725645957224,True
245,4,2019-06-11 20:35:58,34.383541272882724,34.98677158834993,True
245,5,2019-06-11 20:35:58,34.36329298177648,34.99093282383188,True
246,0,2019-06-11 20:35:58,34.40738913362542,34.97166802266608,True
246,1,2019-06-11 20:35:58,34.34743755182878,35.00367204534964,True
246,2,2019-06-11 20:35:58,34.36402922684587,34.99858934571475,True
246,3,2019-06-11 20:35:58,34.38851060224451,35.007313525761646,True
246,4,2019-06-11 20:35:58,34.37426844914673,35.032201749775346,True
246,5,2019-06-11 20:35:58,34.35659473378158,35.02736591686136,True
247,0,2019-06-11 20:35:58,34.40196489498397,35.01490802462718,True
247,1,2019-06-11 20:35:58,34.352197808790656,35.026990610932614,True
247,2,2019-06-11 20:35:58,34.365933811597195,35.007551855390126,True
247,3,2019-06-11 20:35:58,34.394018612756966,34.98555251366855,True
247,4,2019-06-11 20:35:58,34.38295768311847,35.02394274724913,True
247,5,2019-06-11 20:35:58,34.36919766550965,35.02122064916301,True
248,0,2019-06-11 20:35:58,34.407576106258794,35.00495309409324,True
248,1,2019-06-11 20:35:58,34.345391948098325,35.01366720216156,True
248,2,2019-06-11 20:35:58,34.37130099620535,34.98544663915592,True
248,3,2019-06-11 20:35:58,34.37890651337377,35.0306202936477,True
248,4,2019-06-11 20:35:58,34.371538766506326,34.99156148438745,True
248,5,2019-06-11 20:35:58,34.383226807021494,35.02004716305769,True
249,0,2019-06-11 20:35:58,34.39841870511371,35.03587156458962,True
249,1,2019-06-11 20:35:58,34.35547361472229,34.99904937914594,True
249,2,2019-06-11 20:35:58,34.36888150432088,35.00413432728425,True
249,3,2019-06-11 20:35:58,34.38979814617824,35.00388812485659,True
249,4,2019-06-11 20:35:58,34.382364102982415,35.02462586438873,True
249,5,2019-06-11 20:35:58,34.38606651840462,35.04239355465114,True
250,0,2019-06-11 20:35:58,34.408050053500396,34.99333417876615,True
250,1,2019-06-11 20:35:58,34.33855563451725,35.04536478043323,True
250,2,2019-06-11 20:35:58,34.35774078438647,34.99228549836981,True
250,3,2019-06-11 20:35:58,34.38760855792406,35.00127789607792,True
250,4,2019-06-11 20:35:58,34.393124295440266,35.01551475493731,True
250,5,2019-06-11 20:35:58,34.345223824650446,35.00283248062757,True
251,0,2019-06-11 20:35:58,34.39112919980642,35.00117848982653,True
251,1,2019-06-11 20:35:58,34.343853708547734,34.976186764661016,True
251,2,2019-06-11 20:35:58,34.38004837839966,34.97903117764651,True
251,3,2019-06-11 20:35:58,34.37702223340904,35.002398859236656,True
251,4,2019-06-11 20:35:58,34.37932629686832,35.018115402342936,True
251,5,2019-06-11 20:35:58,34.367209984100995,35.032932774727826,True
252,0,2019-06-11 20:35:58,34.40038188074894,35.00710913491677,True
252,1,2019-06-11 20:35:58,34.338682600334714,35.007674584224624,True
252,2,2019-06-11 20:35:58,34.380502584351035,34.98574264335891,True
252,3,2019-06-11 20:35:58,34.37930282891552,35.0474000866028,True
252,4,2019-06-11 20:35:58,34.37401999937364,35.04447023435494,True
252,5,2019-06-11 20:35:58,34.37112133863586,34.99564997071375,True
253,0,2019-06-11 20:35:58,34.39136096766532,35.00513429758906,True
253,1,2019-06-11 20:35:58,34.34417320750161,35.002197615621526,True
253,2,2019-06-11 20:35:58,34.37122527541687,34.99596762247291,True
253,3,2019-06-11 20:35:58,34.390204723871655,35.02124336939737,True
253,4,2019-06-11 20:35:58,34.376729882633484,34.979944146860596,True
253,5,2019-06-11 20:35:58,34.37233630892444,35.03584629510137,True
254,0,2019-06-11 20:35:58,34.416410803572305,35.017481931825635,True
254,1,2019-06-11 20:35:58,34.35476454223306,35.02572939717686,True
254,2,2019-06-11 20:35:58,34.371149119642894,34.98255635849504,True
254,3,2019-06-11 20:35:58,34.40390950908888,35.01978627381105,True
254,4,2019-06-11 20:35:58,34.37088427845985,35.00595610774643,True
254,5,2019-06-11 20:35:58,34.36718778059306,35.04634744891755,True
255,0,2019-06-11 20:35:58,34.41028786891427,35.04873550811075,True
255,1,2019-06-11 20:35:58,34.333439029350735,35.01901373331959,True
255,2,2019-06-11 20:35:58,34.38509144970994,34.980745474619944,True
255,3,2019-06-11 20:35:58,34.38553505607967,34.99960641179365,True
255,4,2019-06-11 20:35:58,34.39343291049449,35.023970171132184,True
255,5,2019-06-11 20:35:58,34.375730711831665,35.05952977884914,True
256,0,2019-06-11 20:35:58,34.401588144592374,35.03405977246247,True
256,1,2019-06-11 20:35:58,34.329749492383236,35.01761234866146,True
256,2,2019-06-11 20:35:58,34.38244475608639,34.993952272107585,True
256,3,2019-06-11 20:35:58,34.39484445739751,35.01839544211881,True
256,4,2019-06-11 20:35:58,34.37364157810405,34.99295401125825,True
256,5,2019-06-11 20:35:58,34.37665813348372,35.01317419761434,True
257,0,2019-06-11 20:35:58,34.41263582807611,35.003481067634944,True
257,1,2019-06-11 20:35:58,34.34713440889484,35.03096563656696,True
257,2,2019-06-11 20:35:58,34.37584105080623,34.98046878661517,True
257,3,2019-06-11 20:35:58,34.39870222729394,34.98691722143777,True
257,4,2019-06-11 20:35:58,34.373719316461745,35.01390428567906,True
257,5,2019-06-11 20:35:58,34.374628077478775,34.9957472016674,True
258,0,2019-06-11 20:35:58,34.41760501878737,35.01579578330097,True
258,1,2019-06-11 20:35:58,34.34730468401771,34.984675920626294,True
258,2,2019-06-11 20:35:58,34.36179761626039,34.985179312441446,True
258,3,2019-06-11 20:35:58,34.38810364781077,34.991148053482846,True
258,4,2019-06-11 20:35:58,34.3825523770876,35.05789275968883,True
258,5,2019-06-11 20:35:58,34.37594678528853,35.015412431695346,True
259,0,2019-06-11 20:35:58,34.39611522667168,34.99267517458368,True
259,1,2019-06-11 20:35:58,34.33952933555935,34.979507469401945,True
259,2,2019-06-11 20:35:58,34.37594349358107,34.96850710764129,True
259,3,2019-06-11 20:35:58,34.38835522384118,34.994737192455254,True
259,4,2019-06-11 20:35:58,34.36859905586976,35.0341384556955,True
259,5,2019-06-11 20:35:58,34.381714814260356,35.02253829641779,True
260,0,2019-06-11 20:35:58,34.42413156382853,34.999960759859974,True
260,1,2019-06-11 20:35:58,34.3375135576179,34.99540879686452,True
260,2,2019-06-11 20:35:58,34.37003926656119,34.99464602871031,True
260,3,2019-06-11 20:35:58,34.38831217094002,35.002528418877084,True
260,4,2019-06-11 20:35:58,34.38755251567073,35.01188741306873,True
260,5,2019-06-11 20:35:58,34.37979149103264,35.01561179064415,True
261,0,2019-06-11 20:35:58,34.39757953415878,35.00846278033317,True
261,1,2019-06-11 20:35:58,34.354362835240416,35.031466532656424,True
261,2,2019-06-11 20:35:58,34.373318237654466,34.98779934847884,True
261,3,2019-06-11 20:35:58,34.38886262185609,35.000019755076934,True
261,4,2019-06-11 20:35:58,34.374973380211046,35.03262537442721,True
261,5,2019-06-11 20:35:58,34.381063045218326,35.000189689068094,True
262,0,2019-06-11 20:35:58,34.41158327688453,35.000968765799875,True
262,1,2019-06-11 20:35:58,34.33236277559663,35.00584817407002,True
262,2,2019-06-11 20:35:58,34.36626416759095,35.0155744003518,True
262,3,2019-06-11 20:35:58,34.38647596101709,34.981136963546426,True
262,4,2019-06-11 20:35:58,34.370978216036136,34.98181477300646,True
262,5,2019-06-11 20:35:58,34.37534919774781,35.02554826818019,True
263,0,2019-06-11 20:35:58,34.40665224752011,35.00576708500359,True
263,1,2019-06-11 20:35:58,34.35181348182615,35.04252561201611,True
263,2,2019-06-11 20:35:58,34.36118887640223,34.990517247253955,True
263,3,2019-06-11 20:35:58,34.387485681942096,34.989789720773395,True
263,4,2019-06-11 20:35:58,34.365034213216,35.03695961504376,True
263,5,2019-06-11 20:35:58,34.39082390628748,35.05294292393223,True
264,0,2019-06-11 20:35:58,34.41311790570488,34.990996262929926,True
264,1,2019-06-11 20:35:58,34.336651585604635,35.021846181997546,True
264,2,2019-06-11 20:35:58,34.373808649038544,34.96847817254334,True
264,3,2019-06-11 20:35:58,34.37884206206343,34.993303068945124,True
264,4,2019-06-11 20:35:58,34.380051812565,34.93891071901957,True
264,5,2019-06-11 20:35:58,34.36765580940453,35.01033669674025,True
265,0,2019-06-11 20:35:58,34.39372234807982,34.98515656272105,True
265,1,2019-06-11 20:35:58,34.334106069701974,34.98793992382077,True
265,2,2019-06-11 20:35:58,34.37311058719395,34.98533289865123,True
265,3,2019-06-11 20:35:58,34.390058930356055,35.041868997513255,True
265,4,2019-06-11 20:35:58,34.38284648914793,34.989698519570176,True
265,5,2019-06-11 20:35:58,34.35965953893394,34.9801471086154,True
266,0,2019-06-11 20:35:58,34.40563264475237,35.011348713894925,True
266,1,2019-06-11 20:35:58,34.35007906656992,35.00895113080482,True
266,2,2019-06-11 20:35:58,34.37284116661924,34.98667107076258,True
266,3,2019-06-11 20:35:58,34.38662938949705,34.98719128196604,True
266,4,2019-06-11 20:35:58,34.36859640036513,35.019852075305174,True
266,5,2019-06-11 20:35:58,34.375011376699405,35.01528233670463,True
267,0,2019-06-11 20:35:58,34.402439285437474,34.98171609174134,True
267,1,2019-06-11 20:35:58,34.359037878826854,34.95209325922528,True
267,2,2019-06-11 20:35:58,34.38387239261812,34.98767588644634,True
267,3,2019-06-11 20:35:58,34.39073842403545,35.00406171194253,True
267,4,2019-06-11 20:35:58,34.37220370710211,34.97061334757112,True
267,5,2019-06-11 20:35:58,34.382736265032115,35.0297722050892,True
268,0,2019-06-11 20:35:58,34.39483767438712,35.03967188505753,True
268,1,2019-06-11 20:35:58,34.35060196589935,35.00590397097014,True
268,2,2019-06-11 20:35:58,34.35957535660752,34.98144374705085,True
268,3,2019-06-11 20:35:58,34.38903636042767,34.98586019595018,True
268,4,2019-06-11 20:35:58,34.38726269731623,35.01447438502756,True
268,5,2019-06-11 20:35:58,34.38252132488921,34.99152241108886,True
269,0,2019-06-11 20:35:58,34.403859096686446,34.99630938969743,True
269,1,2019-06-11 20:35:58,34.35495356874713,35.040700042967046,True
269,2,2019-06-11 20:35:58,34.37245799646307,34.975161058226256,True
269,3,2019-06-11 20:35:58,34.3972714914118,34.99777970385399,True
269,4,2019-06-11 20:35:58,34.382732252732126,34.96664877288116,True
269,5,2019-06-11 20:35:58,34.36931127193297,35.02630899282377,True
270,0,2019-06-11 20:35:58,34.39933938466901,35.026197705764154,True
270,1,2019-06-11 20:35:58,34.33772864162363,35.0290853854067,True
270,2,2019-06-11 20:35:58,34.35263189693432,34.980413352131684,True
270,3,2019-06-11 20:35:58,34.40160374528343,34.99159794140634,True
270,4,2019-06-11 20:35:58,34.37882226951401,35.0207522089358,True
270,5,2019-06-11 20:35:58,34.37258376431498,35.031961208524876,True
271,0,2019-06-11 20:35:58,34.388891090440765,35.020258099700634,True
271,1,2019-06-11 20:35:58,34.34569661832725,35.01560237323783,True
271,2,2019-06-11 20:35:58,34.37722893457258,34.967948577199074,True
271,3,2019-06-11 20:35:58,34.38768119821539,34.97990669130848,True
271,4,2019-06-11 20:35:58,34.37796062497753,35.00164633241469,True
271,5,2019-06-11 20:35:58,34.38582452360068,35.0122450151562,True
272,0,2019-06-11 20:35:58,34.393503871457426,35.007139970953325,True
272,1,2019-06-11 20:35:58,34.35033258875356,35.005684410212936,True
272,2,2019-06-11 20:35:58,34.36689979529643,35.030907255683026,True
272,3,2019-06-11 20:35:58,34.3866093250728,34.985743356764544,True
272,4,2019-06-11 20:35:58,34.393264151248786,35.04513879207243,True
272,5,2019-06-11 20:35:58,34.3666510649256,35.02382088698992,True
273,0,2019-06-11 20:35:58,34.39273110543095,35.00015390796523,True
273,1,2019-06-11 20:35:58,34.34326864681069,35.015721320666245,True
273,2,2019-06-11 20:35:58,34.37647031657028,34.974930913605924,True
273,3,2019-06-11 20:35:58,34.38476253673286,35.03530599025299,True
273,4,2019-06-11 20:35:58,34.389710260709165,34.99058266953825,True
273,5,2019-06-11 20:35:58,34.372979560968794,34.993071418444316,True
274,0,2019-06-11 20:35:58,34.402893551275646,35.03022887989514,True
274,1,2019-06-11 20:35:58,34.34062267721658,35.02492255198979,True
274,2,2019-06-11 20:35:58,34.36225809396802,35.02123328117686,True
274,3,2019-06-11 20:35:58,34.38735773354445,34.97143159283393,True
274,4,2019-06-11 20:35:58,34.363211174459316,34.99536149454989,True
274,5,2019-06-11 20:35:58,34.398977668579,35.0942759633003,True
275,0,2019-06-11 20:35:58,34.40698968838724,34.969321673239435,True
275,1,2019-06-11 20:35:58,34.35575539113025,35.005381269555365,True
275,2,2019-06-11 20:35:58,34.36724941457594,35.00421897270107,True
275,3,2019-06-11 20:35:58,34.397390573283246,35.021722900713414,True
275,4,2019-06-11 20:35:58,34.382643965596955,35.03306981081525,True
275,5,2019-06-11 20:35:58,34.38274840692483,35.0333024796565,True
276,0,2019-06-11 20:35:58,34.395874007912155,35.02681295925469,True
276,1,2019-06-11 20:35:58,34.33815605477953,35.04265515840666,True
276,2,2019-06-11 20:35:58,34.364621772476696,34.98113593552774,True
276,3,2019-06-11 20:35:58,34.392812340042546,35.02900778838844,True
276,4,2019-06-11 20:35:58,34.37729538211185,34.986500549002976,True
276,5,2019-06-11 20:35:58,34.36567141588402,35.015630030015146,True
277,0,2019-06-11 20:35:58,34.41824301809906,34.99698257399652,True
277,1,2019-06-11 20:35:58,34.351261448389145,35.036344343250306,True
277,2,2019-06-11 20:35:58,34.387002490634714,35.011785067561114,True
277,3,2019-06-11 20:35:58,34.38776473110731,35.026502686659626,True
277,4,2019-06-11 20:35:58,34.37885554472171,35.01217298169868,True
277,5,2019-06-11 20:35:58,34.381829218227644,35.037499420176694,True
278,0,2019-06-11 20:35:58,34.404395206883656,34.99259088991304,True
278,1,2019-06-11 20:35:58,34.33705004847087,34.98497535186443,True
278,2,2019-06-11 20:35:58,34.38045179856702,35.01809585833844,True
278,3,2019-06-11 20:35:58,34.400760126518136,34.97753866341952,True
278,4,2019-06-11 20:35:58,34.368538152144176,34.98624320718916,True
278,5,2019-06-11 20:35:58,34.37556561587979,35.054760041339144,True
279,0,2019-06-11 20:35:58,34.412492761356525,35.010256542867225,True
279,1,2019-06-11 20:35:58,34.3578025520653,35.05298411659071,True
279,2,2019-06-11 20:35:58,34.372689025041446,34.96959944543212,True
279,3,2019-06-11 20:35:58,34.392450205025085,35.04928906060961,True
279,4,2019-06-11 20:35:58,34.386940008332054,35.0228812075406,True
279,5,2019-06-11 20:35:58,34.38551218932363,35.04807986964242,True
280,0,2019-06-11 20:35:58,34.40185467078755,34.995668055854225,True
280,1,2019-06-11 20:35:58,34.34025174745753,35.01673839311307,True
280,2,2019-06-11 20:35:58,34.36006110910275,35.01352408087441,True
280,3,2019-06-11 20:35:58,34.3889219406124,35.0633189634237,True
280,4,2019-06-11 20:35:58,34.37961735286482,35.0176623303352,True
280,5,2019-06-11 20:35:58,34.374357345383245,34.988180556148535,True
281,0,2019-06-11 20:35:58,34.396145217054475,34.9848012670553,True
281,1,2019-06-11 20:35:58,34.330971673180734,34.994138054379206,True
281,2,2019-06-11 20:35:58,34.371403983691174,35.00979838841325,True
281,3,2019-06-11 20:35:58,34.38409944250333,35.026728235882004,True
281,4,2019-06-11 20:35:58,34.37412138543099,34.97996545406939,True
281,5,2019-06-11 20:35:58,34.372901300985504,35.00939895520484,True
282,0,2019-06-11 20:35:58,34.41313046894544,35.013712768384565,True
282,1,2019-06-11 20:35:58,34.34981066301549,34.98570150144259,True
282,2,2019-06-11 20:35:58,34.35942656848933,35.021526457358576,True
282,3,2019-06-11 20:35:58,34.3983109667009,35.02190929606522,True
282,4,2019-06-11 20:35:58,34.36914944290553,35.006505309721454,True
282,5,2019-06-11 20:35:58,34.37323087812049,35.044585545230845,True
283,0,2019-06-11 20:35:58,34.39704537768544,35.03120259825991,True
283,1,2019-06-11 20:35:58,34.34427352474724,35.02583086710739,True
283,2,2019-06-11 20:35:58,34.36245541254301,34.9969208982848,True
283,3,2019-06-11 20:35:58,34.37409773296317,34.97513622848571,True
283,4,2019-06-11 20:35:58,34.385069039653594,35.03707269101762,True
283,5,2019-06-11 20:35:58,34.38177662572567,35.041157141113864,True
284,0,2019-06-11 20:35:58,34.39138862749205,34.978334666081764,True
284,1,2019-06-11 20:35:58,34.340979767485244,34.96448264205304,True
284,2,2019-06-11 20:35:58,34.36491810687907,35.02604790484959,True
284,3,2019-06-11 20:35:58,34.38580705749302,34.95736620100603,True
284,4,2019-06-11 20:35:58,34.37989500651379,35.02892977105552,True
284,5,2019-06-11 20:35:58,34.37431932655924,35.05537381176375,True
285,0,2019-06-11 20:35:58,34.398180606660304,35.059523884692915,True
285,1,2019-06-11 20:35:58,34.34822919704432,34.984924837476285,True
285,2,2019-06-11 20:35:58,34.37374526089612,35.0017301696065,True
285,3,2019-06-11 20:35:58,34.38716366551943,35.01578154600654,True
285,4,2019-06-11 20:35:58,34.36982247004052,35.022358544039946,True
285,5,2019-06-11 20:35:58,34.37643589346385,35.000732417136426,True
286,0,2019-06-11 20:35:58,34.39621275959256,34.99711370369673,True
286,1,2019-06-11 20:35:58,34.34700923573455,34.96702366296955,True
286,2,2019-06-11 20:35:58,34.37927374519169,35.00604618950083,True
286,3,2019-06-11 20:35:58,34.393999349898785,34.994199296167395,True
286,4,2019-06-11 20:35:58,34.369435863636674,34.99622849696312,True
286,5,2019-06-11 20:35:58,34.392107151555216,35.01162657210005,True
287,0,2019-06-11 20:35:58,34.403728239044085,34.972796112409014,True
287,1,2019-06-11 20:35:58,34.34691523506534,35.05895127535572,True
287,2,2019-06-11 20:35:58,34.380545704908954,34.96667100930817,True
287,3,2019-06-11 20:35:58,34.388170953538875,35.01089625776792,True
287,4,2019-06-11 20:35:58,34.38344772745873,35.017886441975385,True
287,5,2019-06-11 20:35:58,34.379560976609234,35.01252612310787,True
288,0,2019-06-11 20:35:58,34.39988705609032,34.999758467411205,True
288,1,2019-06-11 20:35:58,34.338534085421124,35.017639150744934,True
288,2,2019-06-11 20:35:58,34.36302684625665,34.947656660010416,True
288,3,2019-06-11 20:35:58,34.396807883557734,34.96680402764558,True
288,4,2019-06-11 20:35:58,34.38868556010018,35.01087339829931,True
288,5,2019-06-11 20:35:58,34.36645868772771,35.063846019444014,True
289,0,2019-06-11 20:35:58,34.41268897710982,35.019875328277934,True
289,1,2019-06-11 20:35:58,34.34847058124386,35.017473495498464,True
289,2,2019-06-11 20:35:58,34.36174296585779,34.98430968953713,True
289,3,2019-06-11 20:35:58,34.38914606633576,34.99840658203664,True
289,4,2019-06-11 20:35:58,34.3744535585669,35.00522531880332,True
289,5,2019-06-11 20:35:58,34.40169538697796,35.03230267581502,True
290,0,2019-06-11 20:35:58,34.40825764177932,34.98566419014018,True
290,1,2019-06-11 20:35:58,34.35668223927243,35.040243362893236,True
290,2,2019-06-11 20:35:58,34.36367193833992,35.00934253766855,True
290,3,2019-06-11 20:35:58,34.37580125854718,35.01409610907808,True
290,4,2019-06-11 20:35:58,34.375844014795376,35.02715767987463,True
290,5,2019-06-11 20:35:58,34.376725262921816,34.998414915190786,True
291,0,2019-06-11 20:35:58,34.40392958113616,35.01438901768908,True
291,1,2019-06-11 20:35:58,34.32767074192299,35.000131074994826,True
291,2,2019-06-11 20:35:58,34.37300949977643,34.990029353505236,True
291,3,2019-06-11 20:35:58,34.39466171365863,34.98470771615386,True
291,4,2019-06-11 20:35:58,34.38426767976194,34.9823169923282,True
291,5,2019-06-11 20:35:58,34.3743363154696,34.999996263107576,True
292,0,2019-06-11 20:35:58,34.40750362365182,35.00309645674583,True
292,1,2019-06-11 20:35:58,34.34135558596201,35.00359027676555,True
292,2,2019-06-11 20:35:58,34.34622026419231,34.98050673830851,True
292,3,2019-06-11 20:35:58,34.389635598792616,34.9821372572873,True
292,4,2019-06-11 20:35:58,34.397057844804415,34.9879275489458,True
292,5,2019-06-11 20:35:58,34.35979451844334,35.007791329921865,True
293,0,2019-06-11 20:35:58,34.39892483562596,34.99553217851382,True
293,1,2019-06-11 20:35:58,34.3565757530622,35.006308066342946,True
293,2,2019-06-11 20:35:58,34.3804700167984,34.96618961180137,True
293,3,2019-06-11 20:35:58,34.39040786648349,35.01881131633869,True
293,4,2019-06-11 20:35:58,34.39018393127409,35.000491741418095,True
293,5,2019-06-11 20:35:58,34.385632011424626,35.00510236796029,True
294,0,2019-06-11 20:35:58,34.40443428830285,34.99393150698476,True
294,1,2019-06-11 20:35:58,34.3482807896573,35.00027069932211,True
294,2,2019-06-11 20:35:58,34.365855934973204,34.966219049724515,True
294,3,2019-06-11 20:35:58,34.397498587540994,34.995776471264065,True
294,4,2019-06-11 20:35:58,34.39399014254862,34.989443304228246,True
294,5,2019-06-11 20:35:58,34.378929052047695,34.991524866273416,True
295,0,2019-06-11 20:35:58,34.39755468576913,34.99716005823182,True
295,1,2019-06-11 20:35:58,34.33459991293333,34.9948400577456,True
295,2,2019-06-11 20:35:58,34.36790609344572,34.98584800181589,True
295,3,2019-06-11 20:35:58,34.38673491863275,35.0031349253147,True
295,4,2019-06-11 20:35:58,34.376176587297245,34.99739995059124,True
295,5,2019-06-11 20:35:58,34.38479583525082,34.99817669562915,True
296,0,2019-06-11 20:35:58,34.39365831330588,34.979343043272756,True
296,1,2019-06-11 20:35:58,34.34588482366041,35.03854639342587,True
296,2,2019-06-11 20:35:58,34.36506109597643,34.97385889784247,True
296,3,2019-06-11 20:35:58,34.39249455355118,35.000360044699505,True
296,4,2019-06-11 20:35:58,34.37259145478883,34.9955334016158,True
296,5,2019-06-11 20:35:58,34.379800081913196,34.98129629312991,True
297,0,2019-06-11 20:35:58,34.398044870357154,34.99342854582159,True
297,1,2019-06-11 20:35:58,34.3418362027982,34.99556325302972,True
297,2,2019-06-11 20:35:58,34.372948470349606,35.00899705538782,True
297,3,2019-06-11 20:35:58,34.38038867156974,35.00394762803245,True
297,4,2019-06-11 20:35:58,34.3875278581343,35.00251605133009,True
297,5,2019-06-11 20:35:58,34.38232332537642,35.038565640358854,True
298,0,2019-06-11 20:35:58,34.41075812172022,35.02655139713616,True
298,1,2019-06-11 20:35:58,34.3512867815977,34.99749944931773,True
298,2,2019-06-11 20:35:58,34.36128894874361,34.96907458855284,True
298,3,2019-06-11 20:35:58,34.38767950069391,35.002443240852706,True
298,4,2019-06-11 20:35:58,34.38941439718093,35.00405501691733,True
298,5,2019-06-11 20:35:58,34.368369925005624,34.996933260302654,True
299,0,2019-06-11 20:35:58,34.405435260182514,35.00583791892633,True
299,1,2019-06-11 20:35:58,34.357448399161875,34.986478744171656,True
299,2,2019-06-11 20:35:58,34.38109151565386,34.97816748426057,True
299,3,2019-06-11 20:35:58,34.38137900115363,35.00244396628858,True
299,4,2019-06-11 20:35:58,34.3723460847998,35.000335661879454,True
299,5,2019-06-11 20:35:58,34.37981289157688,35.03263793249446,True
300,0,2019-06-11 20:35:58,34.39671011318795,34.99629326611823,True
300,1,2019-06-11 20:35:58,34.34679954032197,35.02635098345969,True
300,2,2019-06-11 20:35:58,34.37111941126885,34.983818908747764,True
300,3,2019-06-11 20:35:58,34.37882379531378,35.007890422292185,True
300,4,2019-06-11 20:35:58,34.38789549476975,34.98727768544935,True
300,5,2019-06-11 20:35:58,34.38013596224062,35.0113352375317,True
301,0,2019-06-11 20:35:58,34.39738988804637,35.017900653403075,True
301,1,2019-06-11 20:35:58,34.34923529451452,35.030690718819145,True
301,2,2019-06-11 20:35:58,34.372281255292926,34.975610678915174,True
301,3,2019-06-11 20:35:58,34.395568267876364,34.98857377953822,True
301,4,2019-06-11 20:35:58,34.37755776929134,35.04086507031909,True
301,5,2019-06-11 20:35:58,34.38424300173547,35.00449606541607,True
302,0,2019-06-11 20:35:58,34.40354247820346,35.00380134503274,True
302,1,2019-06-11 20:35:58,34.34430734646487,35.04791651916961,True
302,2,2019-06-11 20:35:58,34.38214594149816,35.015300551324145,True
302,3,2019-06-11 20:35:58,34.38930583562578,34.97017117590459,True
302,4,2019-06-11 20:35:58,34.37715307970372,34.99977969207991,True
302,5,2019-06-11 20:35:58,34.36943170589479,35.015890813839576,True
303,0,2019-06-11 20:35:58,34.40927406231612,35.012797716574475,True
303,1,2019-06-11 20:35:58,34.350618766243294,35.00719206307632,True
303,2,2019-06-11 20:35:58,34.37541998181703,35.01364037887816,True
303,3,2019-06-11 20:35:58,34.392609599135916,35.013905769474064,True
303,4,2019-06-11 20:35:58,34.382920496062894,35.00382515882862,True
303,5,2019-06-11 20:35:58,34.373177832987274,34.98405821400953,True
304,0,2019-06-11 20:35:58,34.39449425979439,35.00282835139589,True
304,1,2019-06-11 20:35:58,34.35909395978139,35.00448561095522,True
304,2,2019-06-11 20:35:58,34.38613835719987,35.017846725073575,True
304,3,2019-06-11 20:35:58,34.381490716751905,35.008825237506755,True
304,4,2019-06-11 20:35:58,34.385758206357515,34.99409652889783,True
304,5,2019-06-11 20:35:58,34.37711792469854,35.050549247230116,True
305,0,2019-06-11 20:35:58,34.40247553132402,35.01216954213361,True
305,1,2019-06-11 20:35:58,34.36299610239055,34.97409294369427,True
305,2,2019-06-11 20:35:58,34.359862158961604,34.98945134546392,True
305,3,2019-06-11 20:35:58,34.4108005158307,34.980039200371955,True
305,4,2019-06-11 20:35:58,34.38659180243037,35.00817214666162,True
305,5,2019-06-11 20:35:58,34.36768696957647,34.99431887506222,True
306,0,2019-06-11 20:35:58,34.4138456694643,34.998491514492315,True
306,1,2019-06-11 20:35:58,34.327700078831256,34.97903812263323,True
306,2,2019-06-11 20:35:58,34.37207561470194,35.007086400264875,True
306,3,2019-06-11 20:35:58,34.385850546095156,35.03384790004828,True
306,4,2019-06-11 20:35:58,34.37657295446118,35.02692872537469,True
306,5,2019-06-11 20:35:58,34.38135533730063,34.99908071129935,True
307,0,2019-06-11 20:35:58,34.39736689721797,34.983917808409636,True
307,1,2019-06-11 20:35:58,34.344136431032005,35.04524174967415,True
307,2,2019-06-11 20:35:58,34.37023392419027,34.98179861731925,True
307,3,2019-06-11 20:35:58,34.37756282778661,34.96497038388899,True
307,4,2019-06-11 20:35:58,34.370501022653976,34.99215679459639,True
307,5,2019-06-11 20:35:58,34.367331751031664,34.9991695580459,True
308,0,2019-06-11 20:35:58,34.39176316607585,35.013353354341504,True
308,1,2019-06-11 20:35:58,34.355856609193616,35.04216513455558,True
308,2,2019-06-11 20:35:58,34.37109004824112,34.97041521537606,True
308,3,2019-06-11 20:35:58,34.39399576124598,34.993783153674144,True
308,4,2019-06-11 20:35:58,34.373096516207006,34.98191715367693,True
308,5,2019-06-11 20:35:58,34.38458323997269,34.991623438918495,True
309,0,2019-06-11 20:35:58,34.42658757162319,35.023908400820474,True
309,1,2019-06-11 20:35:58,34.342565396495225,35.034208290479285,True
309,2,2019-06-11 20:35:58,34.37118059277922,34.963229973569,True
309,3,2019-06-11 20:35:58,34.39117196861087,34.984926932631474,True
309,4,2019-06-11 20:35:58,34.379991870065965,34.992469008392156,True
309,5,2019-06-11 20:35:58,34.37986085788778,35.00310966912997,True
310,0,2019-06-11 20:35:58,34.4058467061154,35.01620999530228,True
310,1,2019-06-11 20:35:58,34.34230713871169,35.01474497217057,True
310,2,2019-06-11 20:35:58,34.36255946591674,35.00068637192369,True
310,3,2019-06-11 20:35:58,34.39270972915361,34.97130166351322,True
310,4,2019-06-11 20:35:58,34.37833366768869,34.992491289859046,True
310,5,2019-06-11 20:35:58,34.369698849554396,35.0212429933694,True
311,0,2019-06-11 20:35:58,34.419470920901425,34.99822387317518,True
311,1,2019-06-11 20:35:58,34.332512079487664,35.02328927721195,True
311,2,2019-06-11 20:35:58,34.377203978778255,34.96268132958469,True
311,3,2019-06-11 20:35:58,34.38005955309021,35.03413500145253,True
311,4,2019-06-11 20:35:58,34.38422737136188,35.00271647221365,True
311,5,2019-06-11 20:35:58,34.386924732364015,35.00367827570021,True
312,0,2019-06-11 20:35:58,34.403244059618686,35.00637321810553,True
312,1,2019-06-11 20:35:58,34.32722022712872,35.01344396254689,True
312,2,2019-06-11 20:35:58,34.38554687452415,34.95065821022009,True
312,3,2019-06-11 20:35:58,34.41218395840585,34.98810626779418,True
312,4,2019-06-11 20:35:58,34.38181949775454,35.00280572756414,True
312,5,2019-06-11 20:35:58,34.3819769963456,35.02938737339745,True
313,0,2019-06-11 20:35:58,34.402453438510854,35.00932757840864,True
313,1,2019-06-11 20:35:58,34.33888857186888,35.005248191999605,True
313,2,2019-06-11 20:35:58,34.36620611027588,35.01798875680739,True
313,3,2019-06-11 20:35:58,34.38903201813819,35.01156961817659,True
313,4,2019-06-11 20:35:58,34.364336223401786,35.004030637935934,True
313,5,2019-06-11 20:35:58,34.38938393791834,35.00871138520764,True
314,0,2019-06-11 20:35:58,34.41126164384837,35.018382661959926,True
314,1,2019-06-11 20:35:58,34.32786109550219,35.00579185232072,True
314,2,2019-06-11 20:35:58,34.384647905750434,34.98235275276745,True
314,3,2019-06-11 20:35:58,34.38952217472878,34.965013952724824,True
314,4,2019-06-11 20:35:58,34.37368992631261,35.025032756550985,True
314,5,2019-06-11 20:35:58,34.376730298721014,35.0043490107539,True
315,0,2019-06-11 20:35:58,34.39151172069266,34.990456104185455,True
315,1,2019-06-11 20:35:58,34.35562761292672,35.05103272308823,True
315,2,2019-06-11 20:35:58,34.35579359766603,34.97321927975853,True
315,3,2019-06-11 20:35:58,34.410551764247316,34.997766739896726,True
315,4,2019-06-11 20:35:58,34.376477530622594,35.02763168040968,True
315,5,2019-06-11 20:35:58,34.37711486419672,35.00031647984012,True
316,0,2019-06-11 20:35:58,34.40269287686128,35.00872301582551,True
316,1,2019-06-11 20:35:58,34.338936918904786,35.02793730642447,True
316,2,2019-06-11 20:35:58,34.379839429152916,34.97032966235312,True
316,3,2019-06-11 20:35:58,34.39304896031661,35.01140096484124,True
316,4,2019-06-11 20:35:58,34.38718894374378,34.97318526834663,True
316,5,2019-06-11 20:35:58,34.372169473818154,34.987478383405374,True
317,0,2019-06-11 20:35:58,34.41322808716652,35.026314476802504,True
317,1,2019-06-11 20:35:58,34.35128230028577,34.97590573581574,True
317,2,2019-06-11 20:35:58,34.36471334272941,35.01303936650364,True
317,3,2019-06-11 20:35:58,34.39200929976216,35.00423459179265,True
317,4,2019-06-11 20:35:58,34.3707049763434,34.953926237280214,True
317,5,2019-06-11 20:35:58,34.36307835351021,35.019752875552456,True
318,0,2019-06-11 20:35:58,34.38894454579612,34.977615735799446,True
318,1,2019-06-11 20:35:58,34.3385275056509,35.033676811982104,True
318,2,2019-06-11 20:35:58,34.377419640777596,34.950835099250924,True
318,3,2019-06-11 20:35:58,34.386650738330005,34.976532652068,True
318,4,2019-06-11 20:35:58,34.37238216144123,35.024754374108106,True
318,5,2019-06-11 20:35:58,34.37691752739608,35.003901525299696,True
319,0,2019-06-11 20:35:58,34.40412099264596,34.99821151235535,True
319,1,2019-06-11 20:35:58,34.3386941085848,34.985899277001096,True
319,2,2019-06-11 20:35:58,34.375831174704985,34.96731698417108,True
319,3,2019-06-11 20:35:58,34.3914552964472,34.994673350766675,True
319,4,2019-06-11 20:35:58,34.39001880331365,35.01990868409517,True
319,5,2019-06-11 20:35:58,34.393035726403646,34.998050571457405,True
320,0,2019-06-11 20:35:58,34.412666327447035,34.98671120659235,True
320,1,2019-06-11 20:35:58,34.34610994421254,34.982720540866566,True
320,2,2019-06-11 20:35:58,34.36234523657029,35.013359200087265,True
320,3,2019-06-11 20:35:58,34.40544525155261,34.984837128940214,True
320,4,2019-06-11 20:35:58,34.37808265531121,34.998285667607455,True
320,5,2019-06-11 20:35:58,34.38601877908144,34.983830422582,True
321,0,2019-06-11 20:35:58,34.40617540934627,34.99507297960775,True
321,1,2019-06-11 20:35:58,34.355681704026296,34.999437167169944,True
321,2,2019-06-11 20:35:58,34.36882651587037,34.97864343267416,True
321,3,2019-06-11 20:35:58,34.39746706895304,34.99751564522868,True
321,4,2019-06-11 20:35:58,34.37851670459322,34.991704020393485,True
321,5,2019-06-11 20:35:58,34.379721133412524,35.007451305264894,True
322,0,2019-06-11 20:35:58,34.40928485759239,35.02150902663308,True
322,1,2019-06-11 20:35:58,34.341310574838225,34.99598986918885,True
322,2,2019-06-11 20:35:58,34.36164330648028,35.00532227212673,True
322,3,2019-06-11 20:35:58,34.3928814037018,34.99562283557198,True
322,4,2019-06-11 20:35:58,34.39019478416659,34.996713043031114,True
322,5,2019-06-11 20:35:58,34.37489057892056,35.02339125948012,True
323,0,2019-06-11 20:35:58,34.39752764647552,35.02344275601497,True
323,1,2019-06-11 20:35:58,34.34296205782709,35.00868296399007,True
323,2,2019-06-11 20:35:58,34.38445710306449,34.9546316790026,True
323,3,2019-06-11 20:35:58,34.38880143561129,35.01159893412756,True
323,4,2019-06-11 20:35:58,34.379784776714786,34.99318536195126,True
323,5,2019-06-11 20:35:58,34.3713125404659,34.99457956049161,True
324,0,2019-06-11 20:35:58,34.39327461123014,34.96554590371282,True
324,1,2019-06-11 20:35:58,34.3454633831446,34.99444557437981,True
324,2,2019-06-11 20:35:58,34.378568842687905,34.983726892626436,True
324,3,2019-06-11 20:35:58,34.3824953510859,35.00336024192949,True
324,4,2019-06-11 20:35:58,34.37409516313383,34.99475844876283,True
324,5,2019-06-11 20:35:58,34.37241147776895,35.043999873220066,True
325,0,2019-06-11 20:35:58,34.393630645740906,35.019896816430574,True
325,1,2019-06-11 20:35:58,34.33979520231153,35.00638547534475,True
325,2,2019-06-11 20:35:58,34.37487650180248,34.96816508691942,True
325,3,2019-06-11 20:35:58,34.378370290186204,35.02606394038949,True
325,4,2019-06-11 20:35:58,34.386979523892784,34.96872667466835,True
325,5,2019-06-11 20:35:58,34.37804660452329,35.00093647331696,True
326,0,2019-06-11 20:35:58,34.39185527850042,34.98780974491948,True
326,1,2019-06-11 20:35:58,34.34379696855843,35.06095835475863,True
326,2,2019-06-11 20:35:58,34.362591059311164,35.00351267458898,True
326,3,2019-06-11 20:35:58,34.39379332865507,35.04374468230939,True
326,4,2019-06-11 20:35:58,34.376255227413814,34.97719106461348,True
326,5,2019-06-11 20:35:58,34.37210525778383,35.00813119856385,True
327,0,2019-06-11 20:35:58,34.39341316865415,34.989120630157466,True
327,1,2019-06-11 20:35:58,34.342787003135065,35.051158016292405,True
327,2,2019-06-11 20:35:58,34.374339830438004,35.00355610940143,True
327,3,2019-06-11 20:35:58,34.393019609944105,35.00468785032755,True
327,4,2019-06-11 20:35:58,34.37985936608078,35.00983658412466,True
327,5,2019-06-11 20:35:58,34.369883154658964,35.02700862264702,True
328,0,2019-06-11 20:35:58,34.39899934376699,35.00170593977147,True
328,1,2019-06-11 20:35:58,34.33988725880692,35.04630856715546,True
328,2,2019-06-11 20:35:58,34.390915694789825,34.94540542705005,True
328,3,2019-06-11 20:35:58,34.37826702333771,34.97002120693522,True
328,4,2019-06-11 20:35:58,34.39607373831992,34.99844034308478,True
328,5,2019-06-11 20:35:58,34.37382181449207,35.01438983581881,True
329,0,2019-06-11 20:35:58,34.39919430913764,34.98115222874489,True
329,1,2019-06-11 20:35:58,34.35133519012901,34.990573345815925,True
329,2,2019-06-11 20:35:58,34.37690133036805,34.97874409225682,True
329,3,2019-06-11 20:35:58,34.41135572807032,34.96827449795991,True
329,4,2019-06-11 20:35:58,34.37918273611352,35.00278910831793,True
329,5,2019-06-11 20:35:58,34.38813065980117,34.99994146224265,True
330,0,2019-06-11 20:35:58,34.3970323076273,34.950044323145406,True
330,1,2019-06-11 20:35:58,34.338537059055696,35.03382086818244,True
330,2,2019-06-11 20:35:58,34.37247371401439,34.98503268713646,True
330,3,2019-06-11 20:35:58,34.37061510206449,34.99312042204144,True
330,4,2019-06-11 20:35:58,34.37703332599832,34.99446971565389,True
330,5,2019-06-11 20:35:58,34.39046195110858,35.03383411982833,True
331,0,2019-06-11 20:35:58,34.40506579349128,35.000952822691715,True
331,1,2019-06-11 20:35:58,34.33732923775792,35.013427854636014,True
331,2,2019-06-11 20:35:58,34.384182348115516,34.948431768380736,True
331,3,2019-06-11 20:35:58,34.400188755759096,34.995842192495246,True
331,4,2019-06-11 20:35:58,34.383804297043916,35.0098877565151,True
331,5,2019-06-11 20:35:58,34.376189880135215,35.01252830483421,True
332,0,2019-06-11 20:35:58,34.401283832752014,35.015535699012545,True
332,1,2019-06-11 20:35:58,34.35344034966682,35.00476758199786,True
332,2,2019-06-11 20:35:58,34.377956665156184,34.966029407009486,True
332,3,2019-06-11 20:35:58,34.380008460245,34.94784189912479,True
332,4,2019-06-11 20:35:58,34.38669420925757,35.02071809811345,True
332,5,2019-06-11 20:35:58,34.36923308061096,34.98048365722286,True
333,0,2019-06-11 20:35:58,34.41708007978239,34.96341209734077,True
333,1,2019-06-11 20:35:58,34.339239981731495,35.00716873355599,True
333,2,2019-06-11 20:35:58,34.35640383823226,35.018391787067046,True
333,3,2019-06-11 20:35:58,34.39530805889188,35.00862597324018,True
333,4,2019-06-11 20:35:58,34.38864765483944,34.97553475992578,True
333,5,2019-06-11 20:35:58,34.38002533336928,35.02713227413469,True
334,0,2019-06-11 20:35:58,34.406750231148855,34.98826234744226,True
334,1,2019-06-11 20:35:58,34.35880750323485,35.020496586771316,True
334,2,2019-06-11 20:35:58,34.371809306159186,34.97963301649587,True
334,3,2019-06-11 20:35:58,34.39310426347363,34.99698502436967,True
334,4,2019-06-11 20:35:58,34.376839929632055,35.04114083643884,True
334,5,2019-06-11 20:35:58,34.38268816901623,35.016546651764884,True
335,0,2019-06-11 20:35:58,34.41635817369611,35.006284050143144,True
335,1,2019-06-11 20:35:58,34.348658432098524,34.970542692854984,True
335,2,2019-06-11 20:35:58,34.37187062715374,35.011096979265524,True
335,3,2019-06-11 20:35:58,34.378029566592424,34.9883883276341,True
335,4,2019-06-11 20:35:58,34.387375476771574,35.03499140676573,True
335,5,2019-06-11 20:35:58,34.38100071394098,34.972530330361586,True
336,0,2019-06-11 20:35:58,34.408512219892444,34.99411582569717,True
336,1,2019-06-11 20:35:58,34.34189891201376,35.00152061894305,True
336,2,2019-06-11 20:35:58,34.35956339197468,34.94974236146252,True
336,3,2019-06-11 20:35:58,34.393631989802145,34.993227317709845,True
336,4,2019-06-11 20:35:58,34.38247939229738,35.008476466729235,True
336,5,2019-06-11 20:35:58,34.3759264089306,34.993446504468615,True
337,0,2019-06-11 20:35:58,34.4022597191149,35.01723521474695,True
337,1,2019-06-11 20:35:58,34.345673942322534,35.00406445502477,True
337,2,2019-06-11 20:35:58,34.38587127209242,34.96397751886781,True
337,3,2019-06-11 20:35:58,34.38468841878705,35.055314960788145,True
337,4,2019-06-11 20:35:58,34.39259584407359,35.006747754081296,True
337,5,2019-06-11 20:35:58,34.39307959959019,35.00871171813078,True
338,0,2019-06-11 20:35:58,34.402250080224036,34.98689596198581,True
338,1,2019-06-11 20:35:58,34.33356290453745,34.99458911445357,True
338,2,2019-06-11 20:35:58,34.379543593296525,34.955223907690986,True
338,3,2019-06-11 20:35:58,34.37722150505287,34.992250149054605,True
338,4,2019-06-11 20:35:58,34.384728291875795,35.018655594716506,True
338,5,2019-06-11 20:35:58,34.37670929222813,35.00684782539416,True
339,0,2019-06-11 20:35:58,34.411116004606725,34.98870937471118,True
339,1,2019-06-11 20:35:58,34.34756016479367,35.00674047401807,True
339,2,2019-06-11 20:35:58,34.373741545487064,34.96950498958276,True
339,3,2019-06-11 20:35:58,34.39014767442479,34.989190773712394,True
339,4,2019-06-11 20:35:58,34.38544503625335,34.99971891348592,True
339,5,2019-06-11 20:35:58,34.38216745058594,35.036290684302564,True
340,0,2019-06-11 20:35:58,34.38449442005886,35.030488840404665,True
340,1,2019-06-11 20:35:58,34.33561445487918,35.0053843037554,True
340,2,2019-06-11 20:35:58,34.37965815064109,34.94409354483846,True
340,3,2019-06-11 20:35:58,34.38107826011858,35.00692969472138,True
340,4,2019-06-11 20:35:58,34.38355594280578,34.98946930293443,True
340,5,2019-06-11 20:35:58,34.38573551833718,35.01285211967813,True
341,0,2019-06-11 20:35:58,34.42030567316344,34.96038294632072,True
341,1,2019-06-11 20:35:58,34.338794242545475,35.03126261435627,True
341,2,2019-06-11 20:35:58,34.35863018157817,34.97373761493249,True
341,3,2019-06-11 20:35:58,34.40642141967496,34.97475932374718,True
341,4,2019-06-11 20:35:58,34.385335261247455,35.038115600511254,True
341,5,2019-06-11 20:35:58,34.3673513456641,35.01087293568585,True
342,0,2019-06-11 20:35:58,34.41211513949945,35.00921719979498,True
342,1,2019-06-11 20:35:58,34.33893756471,35.01188761912921,True
342,2,2019-06-11 20:35:58,34.371321228459465,34.99180523171599,True
342,3,2019-06-11 20:35:58,34.391937508512974,34.97966549896412,True
342,4,2019-06-11 20:35:58,34.38476817377945,35.02214779471447,True
342,5,2019-06-11 20:35:58,34.38311923916931,35.03693647717983,True
343,0,2019-06-11 20:35:58,34.411242892598615,34.98588626424463,True
343,1,2019-06-11 20:35:58,34.345507950269884,35.00886662508644,True
343,2,2019-06-11 20:35:58,34.36185083270326,34.988581706189244,True
343,3,2019-06-11 20:35:58,34.38433266724973,35.016066056574864,True
343,4,2019-06-11 20:35:58,34.404523340715805,34.96222315447241,True
343,5,2019-06-11 20:35:58,34.37888143922272,35.01214894158458,True
344,0,2019-06-11 20:35:58,34.39973816228103,34.99451080241231,True
344,1,2019-06-11 20:35:58,34.331312896435314,34.99440252809506,True
344,2,2019-06-11 20:35:58,34.37217692763395,35.026123367400324,True
344,3,2019-06-11 20:35:58,34.3834934255443,35.017776133209544,True
344,4,2019-06-11 20:35:58,34.378209007783276,35.01948587303773,True
344,5,2019-06-11 20:35:58,34.37560295133846,35.041194824600225,True
345,0,2019-06-11 20:35:58,34.41510137479245,34.99127463467671,True
345,1,2019-06-11 20:35:58,34.35079427389601,34.99390056854017,True
345,2,2019-06-11 20:35:58,34.379440874871186,34.98509931902296,True
345,3,2019-06-11 20:35:58,34.406882891077785,35.00787533372632,True
345,4,2019-06-11 20:35:58,34.38313184412141,34.99412249502368,True
345,5,2019-06-11 20:35:58,34.37495964142781,34.99930475718737,True
346,0,2019-06-11 20:35:58,34.3915823327034,35.00356546122068,True
346,1,2019-06-11 20:35:58,34.34236524241803,35.04395240041537,True
346,2,2019-06-11 20:35:58,34.35321073196783,34.995456651976255,True
346,3,2019-06-11 20:35:58,34.388066693718805,35.012122832685,True
346,4,2019-06-11 20:35:58,34.37987679904967,34.988829837397525,True
346,5,2019-06-11 20:35:58,34.375536989126665,35.02750921685281,True
347,0,2019-06-11 20:35:58,34.40995137236521,35.01254894542284,True
347,1,2019-06-11 20:35:58,34.353262395422625,34.99838671417495,True
347,2,2019-06-11 20:35:58,34.38208547370442,34.98247527999438,True
347,3,2019-06-11 20:35:58,34.39446732554686,35.01179921258813,True
347,4,2019-06-11 20:35:58,34.394011749165536,34.961114412972314,True
347,5,2019-06-11 20:35:58,34.38181476078816,34.96696321190714,True
348,0,2019-06-11 20:35:58,34.4047412715192,34.997605501210806,True
348,1,2019-06-11 20:35:58,34.35673433942315,35.038274478921196,True
348,2,2019-06-11 20:35:58,34.380973629295255,34.95994105195621,True
348,3,2019-06-11 20:35:58,34.39458437615795,35.019414458995534,True
348,4,2019-06-11 20:35:58,34.37083582366398,35.04022221424942,True
348,5,2019-06-11 20:35:58,34.38149201440178,34.982911669115694,True
349,0,2019-06-11 20:35:58,34.39527199488912,34.950594797050506,True
349,1,2019-06-11 20:35:58,34.34595277903206,34.999566043418945,True
349,2,2019-06-11 20:35:58,34.38092971362653,34.99768373177114,True
349,3,2019-06-11 20:35:58,34.401041443524655,34.989369951363045,True
349,4,2019-06-11 20:35:58,34.37883906379713,35.002341605679334,True
349,5,2019-06-11 20:35:58,34.37863804994491,35.019139689375336,True
350,0,2019-06-11 20:35:58,34.38893638810464,35.01564019548487,True
350,1,2019-06-11 20:35:58,34.35019831789984,35.021742129083044,True
350,2,2019-06-11 20:35:58,34.35351683911438,34.949463707987384,True
350,3,2019-06-11 20:35:58,34.39690358493901,34.9660126552246,True
350,4,2019-06-11 20:35:58,34.36987088935747,35.0187273732773,True
350,5,2019-06-11 20:35:58,34.385100091921224,35.01808837813715,True
351,0,2019-06-11 20:35:58,34.41034981234598,34.99854605387268,True
351,1,2019-06-11 20:35:58,34.333517184292894,34.974017838103386,True
351,2,2019-06-11 20:35:58,34.350753703111806,34.99740416199552,True
351,3,2019-06-11 20:35:58,34.37925382173021,34.99310798225813,True
351,4,2019-06-11 20:35:58,34.39160665789385,35.01093032145415,True
351,5,2019-06-11 20:35:58,34.3773611995524,34.9837691606587,True
352,0,2019-06-11 20:35:58,34.409760253093204,34.976455916368785,True
352,1,2019-06-11 20:35:58,34.34958092567714,34.98626934077374,True
352,2,2019-06-11 20:35:58,34.37795383094945,34.98701963315632,True
352,3,2019-06-11 20:35:58,34.39316369688959,35.027052309932095,True
352,4,2019-06-11 20:35:58,34.38407142242375,34.99383416938276,True
352,5,2019-06-11 20:35:58,34.37264136011195,35.018447348363864,True
353,0,2019-06-11 20:35:58,34.407127359394146,35.00328751874866,True
353,1,2019-06-11 20:35:58,34.34931710182627,35.01888033184262,True
353,2,2019-06-11 20:35:58,34.36928115872024,34.98921210110651,True
353,3,2019-06-11 20:35:58,34.400432245376884,35.017796959761476,True
353,4,2019-06-11 20:35:58,34.37803135646854,35.02762464508023,True
353,5,2019-06-11 20:35:58,34.377668206424815,34.97838024055992,True
354,0,2019-06-11 20:35:58,34.41167960755332,34.984015298948556,True
354,1,2019-06-11 20:35:58,34.35254765430131,34.986412658095,True
354,2,2019-06-11 20:35:58,34.375811277007614,34.97514116990222,True
354,3,2019-06-11 20:35:58,34.381664802739614,35.019029772625146,True
354,4,2019-06-11 20:35:58,34.38403595318982,34.9964833141267,True
354,5,2019-06-11 20:35:58,34.37354121883192,35.002989071982626,True
355,0,2019-06-11 20:35:58,34.42746241855389,35.022023884837154,True
355,1,2019-06-11 20:35:58,34.344399902451464,35.043159015611955,True
355,2,2019-06-11 20:35:58,34.36935780543285,34.97982040293935,True
355,3,2019-06-11 20:35:58,34.409688375643434,35.02174923708868,True
355,4,2019-06-11 20:35:58,34.38147395781984,34.9807635761033,True
355,5,2019-06-11 20:35:58,34.39002722437897,34.9842561057314,True
356,0,2019-06-11 20:35:58,34.40085017933549,34.998620866400785,True
356,1,2019-06-11 20:35:58,34.354320819701975,35.033102086234045,True
356,2,2019-06-11 20:35:58,34.3649891447539,34.95930143438842,True
356,3,2019-06-11 20:35:58,34.3994318012859,34.99918988284649,True
356,4,2019-06-11 20:35:58,34.378778054898504,34.98098781510681,True
356,5,2019-06-11 20:35:58,34.36887573851089,35.01071945655059,True
357,0,2019-06-11 20:35:58,34.40835089128721,34.987135809675415,True
357,1,2019-06-11 20:35:58,34.36091548328761,35.02508801572607,True
357,2,2019-06-11 20:35:58,34.37307300146914,35.00155652837065,True
357,3,2019-06-11 20:35:58,34.40125076042025,35.0112716854406,True
357,4,2019-06-11 20:35:58,34.381350480753994,35.04354720523004,True
357,5,2019-06-11 20:35:58,34.376975525358745,35.07513906262763,True
358,0,2019-06-11 20:35:58,34.409766574488245,35.01451233403268,True
358,1,2019-06-11 20:35:58,34.348102577274744,34.9660265228788,True
358,2,2019-06-11 20:35:58,34.361073099764106,34.9570241933078,True
358,3,2019-06-11 20:35:58,34.39212797926901,34.9851314583669,True
358,4,2019-06-11 20:35:58,34.36347581970448,35.04779027631846,True
358,5,2019-06-11 20:35:58,34.38046547899823,35.026526628137745,True
359,0,2019-06-11 20:35:58,34.40289977977548,35.00430753131879,True
359,1,2019-06-11 20:35:58,34.342574060376,35.015423081604055,True
359,2,2019-06-11 20:35:58,34.364246595762694,34.99497433380527,True
359,3,2019-06-11 20:35:58,34.3957157589586,34.99105070791808,True
359,4,2019-06-11 20:35:58,34.373044153624626,35.028954837870785,True
359,5,2019-06-11 20:35:58,34.354874462902096,35.02655342833094,True
360,0,2019-06-11 20:35:58,34.41234834758201,35.00996252837088,True
360,1,2019-06-11 20:35:58,34.352325058044464,35.03146638123581,True
360,2,2019-06-11 20:35:58,34.36620895088903,34.97680336271613,True
360,3,2019-06-11 20:35:58,34.37356738135592,35.04874095900595,True
360,4,2019-06-11 20:35:58,34.3926181337739,34.964325991273114,True
360,5,2019-06-11 20:35:58,34.400209727294765,35.04027781026181,True
361,0,2019-06-11 20:35:58,34.423297604034026,35.05988627319356,True
361,1,2019-06-11 20:35:58,34.33873125578168,34.97253321431845,True
361,2,2019-06-11 20:35:58,34.37936872602973,34.94334052144478,True
361,3,2019-06-11 20:35:58,34.368478899990414,35.023638453038465,True
361,4,2019-06-11 20:35:58,34.37171708563018,34.99963256036332,True
361,5,2019-06-11 20:35:58,34.38169621605594,35.04788701588481,True
362,0,2019-06-11 20:35:58,34.41677484700786,34.9871845604792,True
362,1,2019-06-11 20:35:58,34.34725448515393,35.001820042051214,True
362,2,2019-06-11 20:35:58,34.36989892633372,34.9662521630299,True
362,3,2019-06-11 20:35:58,34.39397827915821,34.9765188837168,True
362,4,2019-06-11 20:35:58,34.39603557859138,34.99052860040335,True
362,5,2019-06-11 20:35:58,34.40064611211546,35.00112626615627,True
363,0,2019-06-11 20:35:58,34.41024902566881,35.00821708068246,True
363,1,2019-06-11 20:35:58,34.33046396010736,35.046471738400946,True
363,2,2019-06-11 20:35:58,34.35339162747872,34.99445050974329,True
363,3,2019-06-11 20:35:58,34.393829809391995,34.97168257186058,True
363,4,2019-06-11 20:35:58,34.38909389904913,35.00292734465883,True
363,5,2019-06-11 20:35:58,34.371107205253644,34.993955408843476,True
364,0,2019-06-11 20:35:58,34.398198580252725,34.98209828557394,True
364,1,2019-06-11 20:35:58,34.34308353993917,35.00645350924044,True
364,2,2019-06-11 20:35:58,34.36578304859161,35.01212484776948,True
364,3,2019-06-11 20:35:58,34.40115925067754,34.99912826260067,True
364,4,2019-06-11 20:35:58,34.382648651275574,34.98319169995625,True
364,5,2019-06-11 20:35:58,34.37949185783979,35.01485734587571,True
365,0,2019-06-11 20:35:58,34.40306967002742,34.993811492905415,True
365,1,2019-06-11 20:35:58,34.34310321955525,34.968916028757974,True
365,2,2019-06-11 20:35:58,34.37040142955803,34.964975398470045,True
365,3,2019-06-11 20:35:58,34.378885294662766,35.00331708888731,True
365,4,2019-06-11 20:35:58,34.39230305128621,34.96985909778455,True
365,5,2019-06-11 20:35:58,34.37751526176888,34.996905670458666,True
366,0,2019-06-11 20:35:58,34.414984859613675,35.01840637359618,True
366,1,2019-06-11 20:35:58,34.345133969265035,34.964193843912994,True
366,2,2019-06-11 20:35:58,34.374065469733914,34.94017998404106,True
366,3,2019-06-11 20:35:58,34.394091264815266,34.992545293017386,True
366,4,2019-06-11 20:35:58,34.38767091823832,35.03088001881379,True
366,5,2019-06-11 20:35:58,34.37593065223322,34.982615683763974,True
367,0,2019-06-11 20:35:58,34.38982371253297,35.025513893389494,True
367,1,2019-06-11 20:35:58,34.3537188730439,34.99033333258007,True
367,2,2019-06-11 20:35:58,34.369258687706136,34.95970748652402,True
367,3,2019-06-11 20:35:58,34.403926387243565,34.99714389345537,True
367,4,2019-06-11 20:35:58,34.3732830010184,35.01695472742215,True
367,5,2019-06-11 20:35:58,34.36778475704987,34.98300784589532,True
368,0,2019-06-11 20:35:58,34.408198137949235,34.97323964322238,True
368,1,2019-06-11 20:35:58,34.35589665939049,35.01329973277656,True
368,2,2019-06-11 20:35:58,34.37781782203108,34.974404727956205,True
368,3,2019-06-11 20:35:58,34.402145541005396,34.99871397176568,True
368,4,2019-06-11 20:35:58,34.38926746514471,35.021376935361,True
368,5,2019-06-11 20:35:58,34.36686715234922,35.01158068816344,True
369,0,2019-06-11 20:35:58,34.396549982875506,35.02106887958913,True
369,1,2019-06-11 20:35:58,34.347022330971186,35.02879348844929,True
369,2,2019-06-11 20:35:58,34.37745836647543,34.979671104574,True
369,3,2019-06-11 20:35:58,34.40474540282874,34.976499508851816,True
369,4,2019-06-11 20:35:58,34.377301764445654,34.98866967861457,True
369,5,2019-06-11 20:35:58,34.37636543594152,35.0335983286984,True
370,0,2019-06-11 20:35:58,34.39215439536166,34.985889844853155,True
370,1,2019-06-11 20:35:58,34.34115944581025,35.01579490041872,True
370,2,2019-06-11 20:35:58,34.38086631489914,35.00141596508934,True
370,3,2019-06-11 20:35:58,34.39536727202367,34.99302534254081,True
370,4,2019-06-11 20:35:58,34.38477105534731,34.98719090848822,True
370,5,2019-06-11 20:35:58,34.375097237538746,34.977247430372486,True
371,0,2019-06-11 20:35:58,34.39851986428824,35.01559666799635,True
371,1,2019-06-11 20:35:58,34.343775785014486,34.99261801444648,True
371,2,2019-06-11 20:35:58,34.38508426195292,34.96204114851062,True
371,3,2019-06-11 20:35:58,34.39817025946571,34.95411116237096,True
371,4,2019-06-11 20:35:58,34.37677059120822,35.004172855588926,True
371,5,2019-06-11 20:35:58,34.36910229368301,35.01979944459596,True
372,0,2019-06-11 20:35:58,34.40698490029153,34.99242498154714,True
372,1,2019-06-11 20:35:58,34.34011501809926,35.02174071175424,True
372,2,2019-06-11 20:35:58,34.36977565101132,34.97365350619899,True
372,3,2019-06-11 20:35:58,34.39497563945947,35.04049204570343,True
372,4,2019-06-11 20:35:58,34.38920397204549,34.98670609567677,True
372,5,2019-06-11 20:35:58,34.37667650711585,35.02293877600016,True
373,0,2019-06-11 20:35:58,34.41186427687763,35.02372329921739,True
373,1,2019-06-11 20:35:58,34.339173219882476,35.04150931432208,True
373,2,2019-06-11 20:35:58,34.37810373722801,34.96433671067257,True
373,3,2019-06-11 20:35:58,34.389122951998,34.99241592672534,True
373,4,2019-06-11 20:35:58,34.36795572213103,34.96575602041933,True
373,5,2019-06-11 20:35:58,34.37045174747913,34.98528898033376,True
374,0,2019-06-11 20:35:58,34.40663550688821,35.00709490235463,True
374,1,2019-06-11 20:35:58,34.34655461271212,35.03550171917013,True
374,2,2019-06-11 20:35:58,34.387518288214316,34.94479512095119,True
374,3,2019-06-11 20:35:58,34.38293946198345,35.00580372629673,True
374,4,2019-06-11 20:35:58,34.37775273170449,35.02376329231085,True
374,5,2019-06-11 20:35:58,34.37465002350247,34.99111562234423,True
375,0,2019-06-11 20:35:58,34.41909018571797,35.01835117769469,True
375,1,2019-06-11 20:35:58,34.358291366809695,34.97795139248772,True
375,2,2019-06-11 20:35:58,34.362131315309085,34.964201287768496,True
375,3,2019-06-11 20:35:58,34.38345014753198,34.965837615807395,True
375,4,2019-06-11 20:35:58,34.3820746705934,34.98795141294002,True
375,5,2019-06-11 20:35:58,34.380226006658624,35.00211741300337,True
376,0,2019-06-11 20:35:58,34.41389990374314,34.99582457774694,True
376,1,2019-06-11 20:35:58,34.35129351010579,34.99711091875768,True
376,2,2019-06-11 20:35:58,34.373173338758676,34.947075915602205,True
376,3,2019-06-11 20:35:58,34.3924486741548,34.99251643163434,True
376,4,2019-06-11 20:35:58,34.38331013586125,34.981030274545034,True
376,5,2019-06-11 20:35:58,34.370508357500306,34.96548402804144,True
377,0,2019-06-11 20:35:58,34.41883374515928,35.01091010282804,True
377,1,2019-06-11 20:35:58,34.348999158639124,34.982692850806735,True
377,2,2019-06-11 20:35:58,34.389738753190095,34.96346970747572,True
377,3,2019-06-11 20:35:58,34.39098320859447,34.999455752609734,True
377,4,2019-06-11 20:35:58,34.37909392648461,34.9675804352344,True
377,5,2019-06-11 20:35:58,34.388695782614256,35.03867847373714,True
378,0,2019-06-11 20:35:58,34.409121130958404,34.95940172923758,True
378,1,2019-06-11 20:35:58,34.33829412896985,35.002885070956225,True
378,2,2019-06-11 20:35:58,34.36333015982219,34.99010347382708,True
378,3,2019-06-11 20:35:58,34.39227993745943,34.97759214559136,True
378,4,2019-06-11 20:35:58,34.389772080151296,34.99223753761234,True
378,5,2019-06-11 20:35:58,34.37468850498387,34.99711887219914,True
379,0,2019-06-11 20:35:58,34.40015437755703,35.02623819617978,True
379,1,2019-06-11 20:35:58,34.35120031580772,34.97321407510345,True
379,2,2019-06-11 20:35:58,34.372299479747404,34.95969841377404,True
379,3,2019-06-11 20:35:58,34.39150935323584,34.99542875774275,True
379,4,2019-06-11 20:35:58,34.391634287070424,34.96182563078406,True
379,5,2019-06-11 20:35:58,34.3756979434684,35.005455589988145,True
380,0,2019-06-11 20:35:58,34.40756766775865,35.02406067433997,True
380,1,2019-06-11 20:35:58,34.35387590521152,34.996346983340565,True
380,2,2019-06-11 20:35:58,34.36954781559092,34.95894656805144,True
380,3,2019-06-11 20:35:58,34.3830864414246,34.981067599439626,True
380,4,2019-06-11 20:35:58,34.37854863213658,35.02944147914914,True
380,5,2019-06-11 20:35:58,34.386141356984325,35.01484485065082,True
381,0,2019-06-11 20:35:58,34.407819290690774,34.988922691645286,True
381,1,2019-06-11 20:35:58,34.35897491108991,35.022551664104036,True
381,2,2019-06-11 20:35:58,34.36932169811589,34.968622258796614,True
381,3,2019-06-11 20:35:58,34.39444711864046,34.991541915088526,True
381,4,2019-06-11 20:35:58,34.39821577886786,34.95460400911013,True
381,5,2019-06-11 20:35:58,34.37065765250295,35.0065982464614,True
382,0,2019-06-11 20:35:58,34.41647392483791,34.98433412890305,True
382,1,2019-06-11 20:35:58,34.3592861675801,34.97914918400145,True
382,2,2019-06-11 20:35:58,34.37172427329318,34.98840447100855,True
382,3,2019-06-11 20:35:58,34.39468550380165,35.00261904640456,True
382,4,2019-06-11 20:35:58,34.38670041280602,35.003538315710195,True
382,5,2019-06-11 20:35:58,34.386244426555415,34.99462987782154,True
383,0,2019-06-11 20:35:58,34.404657317858295,34.99682753646691,True
383,1,2019-06-11 20:35:58,34.34331527514056,35.010840241207916,True
383,2,2019-06-11 20:35:58,34.37507486323846,34.96338431115797,True
383,3,2019-06-11 20:35:58,34.38745463581803,35.022728956101645,True
383,4,2019-06-11 20:35:58,34.36993686804497,35.01454779737938,True
383,5,2019-06-11 20:35:58,34.38147444540417,35.02669299472179,True
384,0,2019-06-11 20:35:58,34.41085364839506,34.99051218959142,True
384,1,2019-06-11 20:35:58,34.34401340303382,34.99036647327338,True
384,2,2019-06-11 20:35:58,34.36761263327726,34.95507470786808,True
384,3,2019-06-11 20:35:58,34.37636640201258,35.023706775312014,True
384,4,2019-06-11 20:35:58,34.3804123381902,35.02499871238776,True
384,5,2019-06-11 20:35:58,34.37596649641172,35.00305340644217,True
385,0,2019-06-11 20:35:58,34.389782441758975,34.981557526016346,True
385,1,2019-06-11 20:35:58,34.359969886008244,35.01779268822195,True
385,2,2019-06-11 20:35:58,34.38999651308695,34.98049307248026,True
385,3,2019-06-11 20:35:58,34.389533786244435,35.00482453725321,True
385,4,2019-06-11 20:35:58,34.38271193080665,34.97163005749632,True
385,5,2019-06-11 20:35:58,34.3615938258238,34.97811105121623,True
386,0,2019-06-11 20:35:58,34.39447941387039,35.03415022491394,True
386,1,2019-06-11 20:35:58,34.35007962746356,34.94689738101258,True
386,2,2019-06-11 20:35:58,34.366137126892674,35.01296864886892,True
386,3,2019-06-11 20:35:58,34.394746672235385,34.94919945268904,True
386,4,2019-06-11 20:35:58,34.38260129165778,35.03699696444309,True
386,5,2019-06-11 20:35:58,34.37569914991542,34.988221652194184,True
387,0,2019-06-11 20:35:58,34.40341959009672,34.994957884441796,True
387,1,2019-06-11 20:35:58,34.35090313685147,35.001062055936856,True
387,2,2019-06-11 20:35:58,34.357234604658,34.95139335996297,True
387,3,2019-06-11 20:35:58,34.38360182988403,34.9875624619074,True
387,4,2019-06-11 20:35:58,34.36867566721583,34.99445049481445,True
387,5,2019-06-11 20:35:58,34.36126631288784,35.03971656364211,True
388,0,2019-06-11 20:35:58,34.413189708162605,34.97934449732692,True
388,1,2019-06-11 20:35:58,34.352319397718865,34.959678635265945,True
388,2,2019-06-11 20:35:58,34.375273975538185,34.99066120382904,True
388,3,2019-06-11 20:35:58,34.37308965051173,34.99172732390556,True
388,4,2019-06-11 20:35:58,34.379471806843405,34.96062808260818,True
388,5,2019-06-11 20:35:58,34.38886827992803,35.02467921787395,True
389,0,2019-06-11 20:35:58,34.39618667559605,34.960453223536625,True
389,1,2019-06-11 20:35:58,34.34489502489579,34.97304101065012,True
389,2,2019-06-11 20:35:58,34.36790333822428,34.9485970696782,True
389,3,2019-06-11 20:35:58,34.39027570928105,35.013782493896166,True
389,4,2019-06-11 20:35:58,34.37178738227944,35.03555710677524,True
389,5,2019-06-11 20:35:58,34.38059044857258,35.004277539179306,True
390,0,2019-06-11 20:35:58,34.41090944231999,34.996188427089045,True
390,1,2019-06-11 20:35:58,34.349873769460814,35.00315059808885,True
390,2,2019-06-11 20:35:58,34.39217277804403,34.96137949546399,True
390,3,2019-06-11 20:35:58,34.400094622025904,34.97620329159546,True
390,4,2019-06-11 20:35:58,34.38556215656593,34.959899110306075,True
390,5,2019-06-11 20:35:58,34.37735403319117,35.026888116804194,True
391,0,2019-06-11 20:35:58,34.403583675379984,34.98107585185148,True
391,1,2019-06-11 20:35:58,34.35420529342635,35.022623906317506,True
391,2,2019-06-11 20:35:58,34.37022983615635,34.96968056043024,True
391,3,2019-06-11 20:35:58,34.377652703103564,34.99642604217992,True
391,4,2019-06-11 20:35:58,34.38734194085408,34.98011412579151,True
391,5,2019-06-11 20:35:58,34.39143977372876,35.00484776994219,True
392,0,2019-06-11 20:35:58,34.40762585516929,34.99449864547859,True
392,1,2019-06-11 20:35:58,34.34062143361323,35.01286689277765,True
392,2,2019-06-11 20:35:58,34.38261947601854,34.99701040475894,True
392,3,2019-06-11 20:35:58,34.403822975741626,35.031524541542204,True
392,4,2019-06-11 20:35:58,34.377359799887884,35.00537887570985,True
392,5,2019-06-11 20:35:58,34.36978764694129,35.01056324316764,True
393,0,2019-06-11 20:35:58,34.39862714628447,35.03298202673839,True
393,1,2019-06-11 20:35:58,34.34691664379393,35.01602939785867,True
393,2,2019-06-11 20:35:58,34.37262463031736,34.98153772085657,True
393,3,2019-06-11 20:35:58,34.4045663531903,34.981475195389294,True
393,4,2019-06-11 20:35:58,34.365317425468774,35.004347352785096,True
393,5,2019-06-11 20:35:58,34.373981651266654,34.98924231111858,True
394,0,2019-06-11 20:35:58,34.42403599806112,35.00847884992373,True
394,1,2019-06-11 20:35:58,34.34736844274647,34.991604717000094,True
394,2,2019-06-11 20:35:58,34.386500138418235,34.95801973783329,True
394,3,2019-06-11 20:35:58,34.39441461719021,35.002569119982,True
394,4,2019-06-11 20:35:58,34.38164977847634,35.020419473629936,True
394,5,2019-06-11 20:35:58,34.385224217419655,34.97896106591143,True
395,0,2019-06-11 20:35:58,34.398665143076194,35.02529715369669,True
395,1,2019-06-11 20:35:58,34.34145267816623,35.00807837746736,True
395,2,2019-06-11 20:35:58,34.376595919978314,34.977265510027394,True
395,3,2019-06-11 20:35:58,34.38952506039971,35.02133771357109,True
395,4,2019-06-11 20:35:58,34.39155929203033,34.98378465447135,True
395,5,2019-06-11 20:35:58,34.382257644856956,35.00809266607261,True
396,0,2019-06-11 20:35:58,34.414429679452766,35.00179186144196,True
396,1,2019-06-11 20:35:58,34.33472673746193,35.03207876201281,True
396,2,2019-06-11 20:35:58,34.37088749941172,34.9769828359499,True
396,3,2019-06-11 20:35:58,34.396363019375926,35.020131726819926,True
396,4,2019-06-11 20:35:58,34.37901435276718,35.008047805887365,True
396,5,2019-06-11 20:35:58,34.38137816638955,35.00992680309595,True
397,0,2019-06-11 20:35:58,34.39026623152652,34.9961412417304,True
397,1,2019-06-11 20:35:58,34.350647983257076,35.05893876394824,True
397,2,2019-06-11 20:35:58,34.371579347631126,34.97964768804016,True
397,3,2019-06-11 20:35:58,34.40833968386477,34.99269602321149,True
397,4,2019-06-11 20:35:58,34.39114503591118,34.962551683232256,True
397,5,2019-06-11 20:35:58,34.38345713058113,34.97145316021817,True
398,0,2019-06-11 20:35:58,34.413896039486346,34.99378189525503,True
398,1,2019-06-11 20:35:58,34.35303280443376,34.98240125780551,True
398,2,2019-06-11 20:35:58,34.380125848786854,34.96614678029549,True
398,3,2019-06-11 20:35:58,34.40473918508409,34.9495974445128,True
398,4,2019-06-11 20:35:58,34.384882482548136,35.03009467016575,True
398,5,2019-06-11 20:35:58,34.38062264786477,35.01749073703245,True
399,0,2019-06-11 20:35:58,34.399416060608544,35.010424789817726,True
399,1,2019-06-11 20:35:58,34.34671861466826,35.02243885211571,True
399,2,2019-06-11 20:35:58,34.400626134508535,34.930504085219596,True
399,3,2019-06-11 20:35:58,34.38864881174148,34.98578202900348,True
399,4,2019-06-11 20:35:58,34.38481015810473,34.94802240026641,True
399,5,2019-06-11 20:35:58,34.36850107640078,34.999599176178364,True
400,0,2019-06-11 20:35:58,34.39030051020434,34.98771020420074,True
400,1,2019-06-11 20:35:58,34.3535855642468,34.97716249988816,True
400,2,2019-06-11 20:35:58,34.37967085862718,34.951666728939536,True
400,3,2019-06-11 20:35:58,34.38721775534332,35.020245942671956,True
400,4,2019-06-11 20:35:58,34.37183438187693,34.961511781908,True
400,5,2019-06-11 20:35:58,34.37523853423984,35.013083229448945,True
401,0,2019-06-11 20:35:58,34.40231557966681,34.98765329724554,True
401,1,2019-06-11 20:35:58,34.34026230699618,34.991575293246264,True
401,2,2019-06-11 20:35:58,34.377872719554865,34.97978121625971,True
401,3,2019-06-11 20:35:58,34.40882928095081,34.976562092372575,True
401,4,2019-06-11 20:35:58,34.39548296307036,34.98927223230088,True
401,5,2019-06-11 20:35:58,34.3730485296139,35.01681337406843,True
402,0,2019-06-11 20:35:58,34.399581305960346,34.98938387301975,True
402,1,2019-06-11 20:35:58,34.3650746469803,34.99118329140342,True
402,2,2019-06-11 20:35:58,34.388752869180365,34.952136779453696,True
402,3,2019-06-11 20:35:58,34.396526232286675,34.9732924243553,True
402,4,2019-06-11 20:35:58,34.38208172575385,35.064755996379,True
402,5,2019-06-11 20:35:58,34.37569730769908,34.99904637527381,True
403,0,2019-06-11 20:35:58,34.41585843374834,34.99185641224392,True
403,1,2019-06-11 20:35:58,34.33916480070165,34.972106496293094,True
403,2,2019-06-11 20:35:58,34.38583319732058,34.98071517978507,True
403,3,2019-06-11 20:35:58,34.395595216765706,34.97543732835826,True
403,4,2019-06-11 20:35:58,34.402467668142634,34.98737782609125,True
403,5,2019-06-11 20:35:58,34.388756738197365,34.999751946432376,True
404,0,2019-06-11 20:35:58,34.39705804912529,34.97774848364512,True
404,1,2019-06-11 20:35:58,34.34548297768238,34.96364536515842,True
404,2,2019-06-11 20:35:58,34.35807762899871,34.964995533009535,True
404,3,2019-06-11 20:35:58,34.39345482290755,34.97050954721995,True
404,4,2019-06-11 20:35:58,34.3746973219383,34.96576164774958,True
404,5,2019-06-11 20:35:58,34.37280851864751,35.03535292343268,True
405,0,2019-06-11 20:35:58,34.39672755960044,34.99972930489161,True
405,1,2019-06-11 20:35:58,34.33433775012734,34.97579252552394,True
405,2,2019-06-11 20:35:58,34.36516253566443,34.940597337468986,True
405,3,2019-06-11 20:35:58,34.387125946185904,34.97451144342144,True
405,4,2019-06-11 20:35:58,34.38378806398362,35.00417187842008,True
405,5,2019-06-11 20:35:58,34.36827147329044,35.00840602266956,True
406,0,2019-06-11 20:35:58,34.40392039469652,34.972587544865476,True
406,1,2019-06-11 20:35:58,34.34595794665426,34.98392290838348,True
406,2,2019-06-11 20:35:58,34.36678430107477,34.99911870899069,True
406,3,2019-06-11 20:35:58,34.397224601767874,35.00381013291324,True
406,4,2019-06-11 20:35:58,34.37572254942919,35.02187662736926,True
406,5,2019-06-11 20:35:58,34.38957093601413,35.00062701103257,True
407,0,2019-06-11 20:35:58,34.415893475198146,34.97710205315045,True
407,1,2019-06-11 20:35:58,34.34315806718019,35.02600257931383,True
407,2,2019-06-11 20:35:58,34.37483143393419,34.9608205571624,True
407,3,2019-06-11 20:35:58,34.40690655679877,34.946645224544206,True
407,4,2019-06-11 20:35:58,34.389653246748956,34.98996412806635,True
407,5,2019-06-11 20:35:58,34.3856375797211,34.95800284652488,True
408,0,2019-06-11 20:35:58,34.40979921672727,34.94793338563515,True
408,1,2019-06-11 20:35:58,34.35880238685948,34.972271781586535,True
408,2,2019-06-11 20:35:58,34.37347529766703,34.99122939090011,True
408,3,2019-06-11 20:35:58,34.3895731981969,35.03843530391885,True
408,4,2019-06-11 20:35:58,34.38966787330641,35.030273182039906,True
408,5,2019-06-11 20:35:58,34.3780407959118,35.03126670549456,True
409,0,2019-06-11 20:35:58,34.41668482655159,34.997708700914906,True
409,1,2019-06-11 20:35:58,34.38011057896258,34.993781017474284,True
409,2,2019-06-11 20:35:58,34.378140312523705,34.9775890389483,True
409,3,2019-06-11 20:35:58,34.38916633470083,34.98776578313302,True
409,4,2019-06-11 20:35:58,34.37707530082991,35.03120405119238,True
409,5,2019-06-11 20:35:58,34.39150808270155,35.042449278794436,True
410,0,2019-06-11 20:35:58,34.412178969906876,34.9959419820956,True
410,1,2019-06-11 20:35:58,34.33457584381094,35.00924187902795,True
410,2,2019-06-11 20:35:58,34.377701889657175,34.966441555872066,True
410,3,2019-06-11 20:35:58,34.40226267711748,35.02162582436339,True
410,4,2019-06-11 20:35:58,34.39043375049573,35.05690979847812,True
410,5,2019-06-11 20:35:58,34.375323880595424,35.011967034789535,True
411,0,2019-06-11 20:35:58,34.40423446887123,34.960786373274246,True
411,1,2019-06-11 20:35:58,34.34251678471025,35.01723656028545,True
411,2,2019-06-11 20:35:58,34.35532272684379,34.999438219211285,True
411,3,2019-06-11 20:35:58,34.38762614609647,34.9773732081585,True
411,4,2019-06-11 20:35:58,34.38479751456357,35.00503008276863,True
411,5,2019-06-11 20:35:58,34.387889679959926,34.96942384482933,True
412,0,2019-06-11 20:35:58,34.419421723419106,34.97505937673837,True
412,1,2019-06-11 20:35:58,34.35251061137677,34.99612858577398,True
412,2,2019-06-11 20:35:58,34.3809728774331,34.98055055891352,True
412,3,2019-06-11 20:35:58,34.38170515446633,34.999606768718735,True
412,4,2019-06-11 20:35:58,34.37928032621422,34.96251724498198,True
412,5,2019-06-11 20:35:58,34.376606208274474,35.02307422724753,True
413,0,2019-06-11 20:35:58,34.410439476738055,35.006644560918424,True
413,1,2019-06-11 20:35:58,34.354108543566916,35.020054318681105,True
413,2,2019-06-11 20:35:58,34.362598652284525,34.992869256898764,True
413,3,2019-06-11 20:35:58,34.403386277404216,34.99333252448319,True
413,4,2019-06-11 20:35:58,34.38759368356604,34.95970571486332,True
413,5,2019-06-11 20:35:58,34.38081215371084,35.00080014591918,True
414,0,2019-06-11 20:35:58,34.4013641677807,35.0038550633007,True
414,1,2019-06-11 20:35:58,34.339454114923896,35.01141899005203,True
414,2,2019-06-11 20:35:58,34.37711059324545,34.9907500102144,True
414,3,2019-06-11 20:35:58,34.37808841977066,34.96438659843461,True
414,4,2019-06-11 20:35:58,34.39807845043461,34.97904200775882,True
414,5,2019-06-11 20:35:58,34.3819233430243,34.983627355323065,True
415,0,2019-06-11 20:35:58,34.406934325717664,35.0039290869225,True
415,1,2019-06-11 20:35:58,34.336874089604876,34.99972926615308,True
415,2,2019-06-11 20:35:58,34.37665976925568,34.9616361809403,True
415,3,2019-06-11 20:35:58,34.39589355526203,34.98291668263614,True
415,4,2019-06-11 20:35:58,34.39161172533823,34.98381545883897,True
415,5,2019-06-11 20:35:58,34.393006892886184,34.98890920595222,True
416,0,2019-06-11 20:35:58,34.42017838963082,34.975956243673025,True
416,1,2019-06-11 20:35:58,34.33994596139021,35.00662575478778,True
416,2,2019-06-11 20:35:58,34.38746227313809,34.9847215148782,True
416,3,2019-06-11 20:35:58,34.40266316041462,35.00123929907534,True
416,4,2019-06-11 20:35:58,34.380748214011064,34.96200025949296,True
416,5,2019-06-11 20:35:58,34.37116116315271,34.995880252764344,True
417,0,2019-06-11 20:35:58,34.40552495665777,34.983391761796376,True
417,1,2019-06-11 20:35:58,34.34810808213281,34.98855109841879,True
417,2,2019-06-11 20:35:58,34.376399651730964,34.981450493626596,True
417,3,2019-06-11 20:35:58,34.369534032041834,35.02366487812454,True
417,4,2019-06-11 20:35:58,34.38080371809151,34.989001077143165,True
417,5,2019-06-11 20:35:58,34.38452734519427,35.05390727054843,True
418,0,2019-06-11 20:35:58,34.42179475527311,34.990911951935026,True
418,1,2019-06-11 20:35:58,34.33380475804818,34.98186327990011,True
418,2,2019-06-11 20:35:58,34.37999797430276,34.993337144312164,True
418,3,2019-06-11 20:35:58,34.38571282624448,35.01870097876684,True
418,4,2019-06-11 20:35:58,34.37863286593704,34.981993583958364,True
418,5,2019-06-11 20:35:58,34.382212286834,35.0061117008063,True
419,0,2019-06-11 20:35:58,34.413232743944796,34.96551914731957,True
419,1,2019-06-11 20:35:58,34.344893968603834,34.98088460205427,True
419,2,2019-06-11 20:35:58,34.36578321369532,34.95173070371593,True
419,3,2019-06-11 20:35:58,34.395108225010496,34.981373172559934,True
419,4,2019-06-11 20:35:58,34.38000508506396,34.97038744900039,True
419,5,2019-06-11 20:35:58,34.38718429105966,34.997788872117304,True
420,0,2019-06-11 20:35:58,34.39626625853757,34.99102294802079,True
420,1,2019-06-11 20:35:58,34.326303234287415,35.0187819589128,True
420,2,2019-06-11 20:35:58,34.36343568623126,34.98242270269708,True
420,3,2019-06-11 20:35:58,34.38417814396691,35.021941773272665,True
420,4,2019-06-11 20:35:58,34.39444932090128,35.00090980211049,True
420,5,2019-06-11 20:35:58,34.37923114912691,35.00881408113371,True
421,0,2019-06-11 20:35:58,34.39946561954671,34.965390713803444,True
421,1,2019-06-11 20:35:58,34.34422267561182,35.01077692754277,True
421,2,2019-06-11 20:35:58,34.38328083800585,34.965061541896375,True
421,3,2019-06-11 20:35:58,34.4004898689393,34.9768001125533,True
421,4,2019-06-11 20:35:58,34.389797616803094,34.97682266830813,True
421,5,2019-06-11 20:35:58,34.38643437561645,34.99636520667218,True
422,0,2019-06-11 20:35:58,34.41723562280813,35.008511045354645,True
422,1,2019-06-11 20:35:58,34.35820555883528,34.97590960273896,True
422,2,2019-06-11 20:35:58,34.36314376538255,34.965390862224595,True
422,3,2019-06-11 20:35:58,34.39406003746468,35.000787905913654,True
422,4,2019-06-11 20:35:58,34.39338543716027,35.00206569259221,True
422,5,2019-06-11 20:35:58,34.37974557564596,34.99855982750487,True
423,0,2019-06-11 20:35:58,34.39316405073519,34.98052951692472,True
423,1,2019-06-11 20:35:58,34.349338821415095,34.99126847658548,True
423,2,2019-06-11 20:35:58,34.373688642681046,35.007318315091766,True
423,3,2019-06-11 20:35:58,34.381945004715554,35.015423750605436,True
423,4,2019-06-11 20:35:58,34.38864797213679,34.9638610773406,True
423,5,2019-06-11 20:35:58,34.3873773380494,35.00535177073702,True
424,0,2019-06-11 20:35:58,34.39300951891208,34.98963277589667,True
424,1,2019-06-11 20:35:58,34.338186525755376,34.982767236167554,True
424,2,2019-06-11 20:35:58,34.375056887865405,34.984601371775675,True
424,3,2019-06-11 20:35:58,34.39673676395549,34.98078384780671,True
424,4,2019-06-11 20:35:58,34.38611897247109,34.9663492219002,True
424,5,2019-06-11 20:35:58,34.37485673416003,35.050753845545884,True
425,0,2019-06-11 20:35:58,34.40487721264697,35.00718714970766,True
425,1,2019-06-11 20:35:58,34.333509632862274,35.00570398639399,True
425,2,2019-06-11 20:35:58,34.378667970729374,34.95187059112116,True
425,3,2019-06-11 20:35:58,34.39902827319131,34.979290924131796,True
425,4,2019-06-11 20:35:58,34.391710877153294,34.99870118830208,True
425,5,2019-06-11 20:35:58,34.37062614182899,34.978800504161995,True
426,0,2019-06-11 20:35:58,34.403319989144556,35.0015882812011,True
426,1,2019-06-11 20:35:58,34.352774618007,35.00049918279356,True
426,2,2019-06-11 20:35:58,34.37761071946836,34.961172934736865,True
426,3,2019-06-11 20:35:58,34.387371273759996,34.97401955794945,True
426,4,2019-06-11 20:35:58,34.398272983387564,34.981034709520934,True
426,5,2019-06-11 20:35:58,34.38613451366567,34.97377715266746,True
427,0,2019-06-11 20:35:58,34.406285602265186,34.97797705811253,True
427,1,2019-06-11 20:35:58,34.338812094247345,35.00589866632407,True
427,2,2019-06-11 20:35:58,34.3701005279807,34.96215778476702,True
427,3,2019-06-11 20:35:58,34.383082019494054,34.99077733925817,True
427,4,2019-06-11 20:35:58,34.387699526940544,35.021759216986965,True
427,5,2019-06-11 20:35:58,34.3886728000029,34.975034078627466,True
428,0,2019-06-11 20:35:58,34.403294464176575,34.998526588799656,True
428,1,2019-06-11 20:35:58,34.34014562972374,34.974885763474695,True
428,2,2019-06-11 20:35:58,34.37016664889657,34.9666737859158,True
428,3,2019-06-11 20:35:58,34.40357302943137,34.981397392891225,True
428,4,2019-06-11 20:35:58,34.37599504396846,35.00258018707215,True
428,5,2019-06-11 20:35:58,34.36186568278785,35.02810107751845,True
429,0,2019-06-11 20:35:58,34.419698891955164,34.99560743527471,True
429,1,2019-06-11 20:35:58,34.35006698872742,35.00229059262531,True
429,2,2019-06-11 20:35:58,34.37658996715373,35.00077001250941,True
429,3,2019-06-11 20:35:58,34.395065721548235,34.98853692101884,True
429,4,2019-06-11 20:35:58,34.3951479857203,34.96983136286198,True
429,5,2019-06-11 20:35:58,34.37946196514217,35.00114871530179,True
430,0,2019-06-11 20:35:58,34.39954787583194,35.012435944056186,True
430,1,2019-06-11 20:35:58,34.346191915378874,35.024845407167476,True
430,2,2019-06-11 20:35:58,34.36655551072216,34.994616271418586,True
430,3,2019-06-11 20:35:58,34.38615424382885,34.96367747311166,True
430,4,2019-06-11 20:35:58,34.377705382211374,35.01869406863608,True
430,5,2019-06-11 20:35:58,34.37106510107802,35.02383276853553,True
431,0,2019-06-11 20:35:58,34.429759204192536,35.01507791293203,True
431,1,2019-06-11 20:35:58,34.32791333878648,35.03365880434281,True
431,2,2019-06-11 20:35:58,34.38064024375693,34.95439108374705,True
431,3,2019-06-11 20:35:58,34.39333724254609,34.96099511312664,True
431,4,2019-06-11 20:35:58,34.399776857942626,34.966705151852814,True
431,5,2019-06-11 20:35:58,34.39420616079102,34.986527652721854,True
432,0,2019-06-11 20:35:58,34.40591471878841,34.99243394166775,True
432,1,2019-06-11 20:35:58,34.34238245890262,34.99332942812691,True
432,2,2019-06-11 20:35:58,34.36898370492108,34.971944903643994,True
432,3,2019-06-11 20:35:58,34.40439782770412,34.982689963542605,True
432,4,2019-06-11 20:35:58,34.392305941917705,35.00027935462113,True
432,5,2019-06-11 20:35:58,34.36702139751435,35.01185221939575,True
433,0,2019-06-11 20:35:58,34.400184181951495,35.023130381857335,True
433,1,2019-06-11 20:35:58,34.34342126040417,35.00357623228721,True
433,2,2019-06-11 20:35:58,34.3702513018729,34.96281735513372,True
433,3,2019-06-11 20:35:58,34.40173335057008,34.994688637331926,True
433,4,2019-06-11 20:35:58,34.374498549563306,34.999537910168414,True
433,5,2019-06-11 20:35:58,34.38682755355607,35.03792923380085,True
434,0,2019-06-11 20:35:58,34.408173172655175,35.009530042619275,True
434,1,2019-06-11 20:35:58,34.33379436064075,34.98118455778488,True
434,2,2019-06-11 20:35:58,34.39834710355815,34.91946205776318,True
434,3,2019-06-11 20:35:58,34.388857189890096,35.005790197364036,True
434,4,2019-06-11 20:35:58,34.37209397616416,34.97542670111769,True
434,5,2019-06-11 20:35:58,34.3907754998859,35.01619306145343,True
435,0,2019-06-11 20:35:58,34.41091218460339,34.9783930261131,True
435,1,2019-06-11 20:35:58,34.3459397215127,34.97703708547258,True
435,2,2019-06-11 20:35:58,34.378958625030705,34.99872590820951,True
435,3,2019-06-11 20:35:58,34.39427229399719,34.997454352679405,True
435,4,2019-06-11 20:35:58,34.36696918360177,34.98622458791794,True
435,5,2019-06-11 20:35:58,34.365943853703776,34.99060252757871,True
436,0,2019-06-11 20:35:58,34.41218570726844,34.974964409460476,True
436,1,2019-06-11 20:35:58,34.34553808468663,35.04302709397891,True
436,2,2019-06-11 20:35:58,34.36327037185776,34.959872036167795,True
436,3,2019-06-11 20:35:58,34.3874646527914,34.97674574182618,True
436,4,2019-06-11 20:35:58,34.375258939434,34.99288281055464,True
436,5,2019-06-11 20:35:58,34.37657349104431,34.959485743651776,True
437,0,2019-06-11 20:35:58,34.413223023989126,35.024246034858905,True
437,1,2019-06-11 20:35:58,34.3387201789508,34.988916366165235,True
437,2,2019-06-11 20:35:58,34.37137069936584,34.992724837590764,True
437,3,2019-06-11 20:35:58,34.39512377012747,34.96749045772102,True
437,4,2019-06-11 20:35:58,34.38544465486283,35.032449724801474,True
437,5,2019-06-11 20:35:58,34.37679483982965,34.98294703509451,True
438,0,2019-06-11 20:35:58,34.403181956839994,35.02632045167605,True
438,1,2019-06-11 20:35:58,34.34732895878737,34.981513570075165,True
438,2,2019-06-11 20:35:58,34.37240659448123,34.98996546249317,True
438,3,2019-06-11 20:35:58,34.39859827078991,34.981182486120915,True
438,4,2019-06-11 20:35:58,34.374982709952235,34.96456614142019,True
438,5,2019-06-11 20:35:58,34.364972816877305,35.00883519874822,True
439,0,2019-06-11 20:35:58,34.38806822651342,35.00065323772069,True
439,1,2019-06-11 20:35:58,34.37021873478116,35.00332480778037,True
439,2,2019-06-11 20:35:58,34.3740223336233,34.96575563421042,True
439,3,2019-06-11 20:35:58,34.398326997794285,34.9829996669559,True
439,4,2019-06-11 20:35:58,34.39007113343146,35.01078779138997,True
439,5,2019-06-11 20:35:58,34.3788113044143,34.9895624288304,True
440,0,2019-06-11 20:35:58,34.408139528231175,34.97677205680326,True
440,1,2019-06-11 20:35:58,34.33940719003045,35.00096270507576,True
440,2,2019-06-11 20:35:58,34.379216331831714,34.98275084989619,True
440,3,2019-06-11 20:35:58,34.375264062350766,35.011812760575005,True
440,4,2019-06-11 20:35:58,34.39025694410512,35.025898689944796,True
440,5,2019-06-11 20:35:58,34.359304283160014,35.01704051378105,True
441,0,2019-06-11 20:35:58,34.423094232772534,34.98700744040953,True
441,1,2019-06-11 20:35:58,34.357728616342136,34.99709221077032,True
441,2,2019-06-11 20:35:58,34.38186264838316,34.98680200929665,True
441,3,2019-06-11 20:35:58,34.384230099041545,35.00853643854231,True
441,4,2019-06-11 20:35:58,34.39235441390502,34.98283975352633,True
441,5,2019-06-11 20:35:58,34.37272256421631,34.98487937458238,True
442,0,2019-06-11 20:35:58,34.39446189771055,34.987131457216805,True
442,1,2019-06-11 20:35:58,34.37127157031273,34.96076756138446,True
442,2,2019-06-11 20:35:58,34.355072134991794,34.96658054836743,True
442,3,2019-06-11 20:35:58,34.38812744918235,34.97999720675993,True
442,4,2019-06-11 20:35:58,34.388808186638116,35.034241585259615,True
442,5,2019-06-11 20:35:58,34.37988966135266,35.043300588247284,True
443,0,2019-06-11 20:35:58,34.39806482694236,34.98222572221927,True
443,1,2019-06-11 20:35:58,34.342307620075395,35.012607081704715,True
443,2,2019-06-11 20:35:58,34.384951025225355,34.957705106821074,True
443,3,2019-06-11 20:35:58,34.391765581612205,34.970024251067656,True
443,4,2019-06-11 20:35:58,34.38626777596223,34.986193744199994,True
443,5,2019-06-11 20:35:58,34.375797413653075,34.99959470444925,True
444,0,2019-06-11 20:35:58,34.41277659501686,35.01792423465119,True
444,1,2019-06-11 20:35:58,34.32969881787223,34.97269867635373,True
444,2,2019-06-11 20:35:58,34.37981485382241,34.9815366771859,True
444,3,2019-06-11 20:35:58,34.398488014015705,34.99157911732434,True
444,4,2019-06-11 20:35:58,34.37426223972137,34.97242836126708,True
444,5,2019-06-11 20:35:58,34.379622999580015,34.97992569500613,True
445,0,2019-06-11 20:35:58,34.40287936984023,34.99140306225871,True
445,1,2019-06-11 20:35:58,34.35670355062146,35.03070202030351,True
445,2,2019-06-11 20:35:58,34.378743179672895,34.958251197930295,True
445,3,2019-06-11 20:35:58,34.38735921225718,35.00261072876878,True
445,4,2019-06-11 20:35:58,34.37900828363576,34.99108644233904,True
445,5,2019-06-11 20:35:58,34.38338042823708,34.99694781390926,True
446,0,2019-06-11 20:35:58,34.396065814820766,34.97945297283642,True
446,1,2019-06-11 20:35:58,34.358581681757094,34.9965673346615,True
446,2,2019-06-11 20:35:58,34.36658158154552,34.973353029265226,True
446,3,2019-06-11 20:35:58,34.406874038073276,34.97622154765255,True
446,4,2019-06-11 20:35:58,34.37312530885568,34.97615194043719,True
446,5,2019-06-11 20:35:58,34.38753709440731,34.99426895895012,True
447,0,2019-06-11 20:35:58,34.4141377647486,34.99458905813588,True
447,1,2019-06-11 20:35:58,34.341243512061034,34.98018085169144,True
447,2,2019-06-11 20:35:58,34.37101551085438,34.95919844003167,True
447,3,2019-06-11 20:35:58,34.395930511528086,35.026559072497314,True
447,4,2019-06-11 20:35:58,34.395332012054155,34.970183899808774,True
447,5,2019-06-11 20:35:58,34.390010114353316,34.952827984475036,True
448,0,2019-06-11 20:35:58,34.401938777506416,34.98473230532596,True
448,1,2019-06-11 20:35:58,34.346928337903584,35.006045529549134,True
448,2,2019-06-11 20:35:58,34.38821771609644,34.957163560882584,True
448,3,2019-06-11 20:35:58,34.38516848928034,34.99935641003114,True
448,4,2019-06-11 20:35:58,34.38137524594254,34.96684452116115,True
448,5,2019-06-11 20:35:58,34.381593780638006,34.987360004536185,True
449,0,2019-06-11 20:35:58,34.40439893625218,34.98053791638213,True
449,1,2019-06-11 20:35:58,34.3462857927815,34.9931764955878,True
449,2,2019-06-11 20:35:58,34.37361691983933,34.99465120967911,True
449,3,2019-06-11 20:35:58,34.393294711248714,34.94841280891655,True
449,4,2019-06-11 20:35:58,34.39574502685825,35.02312597520541,True
449,5,2019-06-11 20:35:58,34.36095615981932,34.971678754933095,True
450,0,2019-06-11 20:35:58,34.403968929062444,35.00489669981813,True
450,1,2019-06-11 20:35:58,34.35444709630354,34.93981598086823,True
450,2,2019-06-11 20:35:58,34.37393936375173,34.97031432115192,True
450,3,2019-06-11 20:35:58,34.40571248925187,34.95590257182648,True
450,4,2019-06-11 20:35:58,34.377629698933625,35.018133537859576,True
450,5,2019-06-11 20:35:58,34.380575327951824,34.994905094124505,True
451,0,2019-06-11 20:35:58,34.40413934825303,35.0358097154122,True
451,1,2019-06-11 20:35:58,34.34286969016822,34.99808130559418,True
451,2,2019-06-11 20:35:58,34.382177156473716,34.94847669133718,True
451,3,2019-06-11 20:35:58,34.38671489533205,34.991848476469436,True
451,4,2019-06-11 20:35:58,34.377106684414265,35.01987939109521,True
451,5,2019-06-11 20:35:58,34.37872859713727,35.00893443602243,True
452,0,2019-06-11 20:35:58,34.41253842229163,35.00409252959623,True
452,1,2019-06-11 20:35:58,34.35077938106844,34.98810160248971,True
452,2,2019-06-11 20:35:58,34.37598828536098,34.99642139067951,True
452,3,2019-06-11 20:35:58,34.40210613357939,34.97411706924051,True
452,4,2019-06-11 20:35:58,34.39127017061768,35.018061453274946,True
452,5,2019-06-11 20:35:58,34.37123714769805,34.96963957080293,True
453,0,2019-06-11 20:35:58,34.400952080781316,34.995450727753486,True
453,1,2019-06-11 20:35:58,34.35741640061194,34.96908390467965,True
453,2,2019-06-11 20:35:58,34.38383664961991,35.00794910406967,True
453,3,2019-06-11 20:35:58,34.38568068714725,34.98673639319393,True
453,4,2019-06-11 20:35:58,34.376231483898835,35.00084767042234,True
453,5,2019-06-11 20:35:58,34.376652807499426,34.988799175984944,True
454,0,2019-06-11 20:35:58,34.413006764109795,34.96619886494195,True
454,1,2019-06-11 20:35:58,34.36139946675265,34.95311096688639,True
454,2,2019-06-11 20:35:58,34.36025582058311,35.00938056083825,True
454,3,2019-06-11 20:35:58,34.39536108508638,34.992032587267666,True
454,4,2019-06-11 20:35:58,34.383804885557666,34.98368561215668,True
454,5,2019-06-11 20:35:58,34.37615174344054,35.012906639405166,True
455,0,2019-06-11 20:35:58,34.404043703593445,34.97665762914515,True
455,1,2019-06-11 20:35:58,34.348503209930676,35.00334162640617,True
455,2,2019-06-11 20:35:58,34.37158370642018,34.95566999481012,True
455,3,2019-06-11 20:35:58,34.402624209465,34.96389605429575,True
455,4,2019-06-11 20:35:58,34.38689862483584,34.97107983612346,True
455,5,2019-06-11 20:35:58,34.39009391784829,34.9700989248733,True
456,0,2019-06-11 20:35:58,34.39313099117389,34.95788172370951,True
456,1,2019-06-11 20:35:58,34.338571688162276,35.02788929476193,True
456,2,2019-06-11 20:35:58,34.36306337277615,35.00301335393845,True
456,3,2019-06-11 20:35:58,34.382579496053204,35.005950615740936,True
456,4,2019-06-11 20:35:58,34.398091090610365,35.02628021716474,True
456,5,2019-06-11 20:35:58,34.380355037471915,34.9741081289634,True
457,0,2019-06-11 20:35:58,34.41079185574671,34.96714388805804,True
457,1,2019-06-11 20:35:58,34.356503219690914,34.982336798120265,True
457,2,2019-06-11 20:35:58,34.359391618219234,34.94709555203636,True
457,3,2019-06-11 20:35:58,34.38664587472628,35.0036636132452,True
457,4,2019-06-11 20:35:58,34.37836943721793,35.035692865553145,True
457,5,2019-06-11 20:35:58,34.370526795006334,34.96871296445431,True
458,0,2019-06-11 20:35:58,34.41563055415123,34.969835780512426,True
458,1,2019-06-11 20:35:58,34.35921342646616,34.97594770406169,True
458,2,2019-06-11 20:35:58,34.38506249309744,34.979423556027044,True
458,3,2019-06-11 20:35:58,34.393535906744646,34.9885740016043,True
458,4,2019-06-11 20:35:58,34.372982203982595,35.0072463426297,True
458,5,2019-06-11 20:35:58,34.38234366757049,35.02167217127379,True
459,0,2019-06-11 20:35:58,34.3911019199957,34.95488813908682,True
459,1,2019-06-11 20:35:58,34.349424893279966,34.97022486408918,True
459,2,2019-06-11 20:35:58,34.38869983879202,34.96234511392957,True
459,3,2019-06-11 20:35:58,34.37173248172511,35.000533443779354,True
459,4,2019-06-11 20:35:58,34.38454073235878,35.00350193299848,True
459,5,2019-06-11 20:35:58,34.37600119542812,35.00575512444504,True
460,0,2019-06-11 20:35:58,34.4196781768686,34.99814632349587,True
460,1,2019-06-11 20:35:58,34.336257295731336,35.00879565709407,True
460,2,2019-06-11 20:35:58,34.36652218942793,35.029099383075895,True
460,3,2019-06-11 20:35:58,34.4036263411328,34.98899857510203,True
460,4,2019-06-11 20:35:58,34.40310634006735,34.98905130761966,True
460,5,2019-06-11 20:35:58,34.37617780817652,35.01195751854433,True
461,0,2019-06-11 20:35:58,34.405603986710545,35.02040765684937,True
461,1,2019-06-11 20:35:58,34.36192867748485,35.01941013984643,True
461,2,2019-06-11 20:35:58,34.36614052433503,34.97814040893375,True
461,3,2019-06-11 20:35:58,34.379752014898386,34.99825251350363,True
461,4,2019-06-11 20:35:58,34.38467918842485,34.99701918532954,True
461,5,2019-06-11 20:35:58,34.38436386983081,35.00643587144161,True
462,0,2019-06-11 20:35:58,34.434112294892955,34.962740797271564,True
462,1,2019-06-11 20:35:58,34.354961144314885,34.9495544528907,True
462,2,2019-06-11 20:35:58,34.38221586529976,34.94853343032756,True
462,3,2019-06-11 20:35:58,34.39628272212745,35.02740289788713,True
462,4,2019-06-11 20:35:58,34.37038465455351,34.95751503352133,True
462,5,2019-06-11 20:35:58,34.384714457739015,34.97496831715215,True
463,0,2019-06-11 20:35:58,34.39354218022301,35.00490062146614,True
463,1,2019-06-11 20:35:58,34.342475313747585,34.989999536679846,True
463,2,2019-06-11 20:35:58,34.37394655792893,34.99947879862023,True
463,3,2019-06-11 20:35:58,34.397608154775014,35.00651145313616,True
463,4,2019-06-11 20:35:58,34.388751660166946,34.99574223312282,True
463,5,2019-06-11 20:35:58,34.39195053383209,34.9774970129243,True
464,0,2019-06-11 20:35:58,34.402468597066566,34.96909202485273,True
464,1,2019-06-11 20:35:58,34.35598234454911,35.001315051632204,True
464,2,2019-06-11 20:35:58,34.37481574125613,34.95463034488445,True
464,3,2019-06-11 20:35:58,34.384180999947326,34.9885998892166,True
464,4,2019-06-11 20:35:58,34.38752245432313,35.014999867695145,True
464,5,2019-06-11 20:35:58,34.38349603832676,35.01269265655845,True
465,0,2019-06-11 20:35:58,34.40635012040418,34.990517293834756,True
465,1,2019-06-11 20:35:58,34.335097960457794,34.968712879287885,True
465,2,2019-06-11 20:35:58,34.3912054009947,34.95384301397926,True
465,3,2019-06-11 20:35:58,34.40285815591264,34.97657805937869,True
465,4,2019-06-11 20:35:58,34.388158699873884,34.98152271118683,True
465,5,2019-06-11 20:35:58,34.36185566104848,34.99444812501435,True
466,0,2019-06-11 20:35:58,34.41253258852603,34.99604001721911,True
466,1,2019-06-11 20:35:58,34.33467653246782,34.98256423356459,True
466,2,2019-06-11 20:35:58,34.40046324516962,34.929069667976336,True
466,3,2019-06-11 20:35:58,34.383794693377645,35.004165732023395,True
466,4,2019-06-11 20:35:58,34.38249289529723,34.959375663106044,True
466,5,2019-06-11 20:35:58,34.381771097891594,34.98819107206669,True
467,0,2019-06-11 20:35:58,34.405560239538275,34.96045716601784,True
467,1,2019-06-11 20:35:58,34.34269452167746,34.96690235412923,True
467,2,2019-06-11 20:35:58,34.388568936810216,34.961467968413366,True
467,3,2019-06-11 20:35:58,34.39713893819043,35.00220813195198,True
467,4,2019-06-11 20:35:58,34.39471372979029,35.003902281767296,True
467,5,2019-06-11 20:35:58,34.38869048428119,35.00635030518573,True
468,0,2019-06-11 20:35:58,34.39497346034555,34.988162640079345,True
468,1,2019-06-11 20:35:58,34.34104131262912,34.99568442242263,True
468,2,2019-06-11 20:35:58,34.37495575796248,35.00040263571073,True
468,3,2019-06-11 20:35:58,34.3726056120917,35.01583749778125,True
468,4,2019-06-11 20:35:58,34.39634766318811,34.99269607850127,True
468,5,2019-06-11 20:35:58,34.36306972131807,35.021604828426426,True
469,0,2019-06-11 20:35:58,34.411541589869486,34.96405684370415,True
469,1,2019-06-11 20:35:58,34.3412256325108,34.990912874093944,True
469,2,2019-06-11 20:35:58,34.363763271996085,34.969829460682504,True
469,3,2019-06-11 20:35:58,34.39033207281939,34.99082862932809,True
469,4,2019-06-11 20:35:58,34.38079623447896,34.99202465143467,True
469,5,2019-06-11 20:35:58,34.39105862650177,35.03077438323516,True
470,0,2019-06-11 20:35:58,34.390857567121365,34.958759704470665,True
470,1,2019-06-11 20:35:58,34.348686730790455,34.96087576857581,True
470,2,2019-06-11 20:35:58,34.37839951771119,34.97592684819852,True
470,3,2019-06-11 20:35:58,34.375800591137796,34.998472606209994,True
470,4,2019-06-11 20:35:58,34.37298144751656,34.96754487020793,True
470,5,2019-06-11 20:35:58,34.391921270584994,35.01126989202782,True
471,0,2019-06-11 20:35:58,34.410749754555,34.97895309868175,True
471,1,2019-06-11 20:35:58,34.349855666448185,35.032326365815074,True
471,2,2019-06-11 20:35:58,34.35677086199615,34.97793971453876,True
471,3,2019-06-11 20:35:58,34.392149360869354,35.02920649915646,True
471,4,2019-06-11 20:35:58,34.39299990974443,34.99587793164371,True
471,5,2019-06-11 20:35:58,34.397796928240865,34.966471463575516,True
472,0,2019-06-11 20:35:58,34.40963718281402,34.98385142515715,True
472,1,2019-06-11 20:35:58,34.353891410245836,34.981142336206815,True
472,2,2019-06-11 20:35:58,34.38435633819585,34.96995257545487,True
472,3,2019-06-11 20:35:58,34.39618156541988,35.00677573367111,True
472,4,2019-06-11 20:35:58,34.3983827020293,34.95730700346589,True
472,5,2019-06-11 20:35:58,34.39048803753198,34.96447971758357,True
473,0,2019-06-11 20:35:58,34.40590202645837,35.01797525475646,True
473,1,2019-06-11 20:35:58,34.34520416477023,35.00532041716717,True
473,2,2019-06-11 20:35:58,34.36713746592611,34.96777612146216,True
473,3,2019-06-11 20:35:58,34.395871850546825,35.00430097918645,True
473,4,2019-06-11 20:35:58,34.393937401417894,35.00685622596534,True
473,5,2019-06-11 20:35:58,34.381653659658745,35.03693624488889,True
474,0,2019-06-11 20:35:58,34.40587921098826,35.00860562691298,True
474,1,2019-06-11 20:35:58,34.333961441466414,34.980755700595424,True
474,2,2019-06-11 20:35:58,34.370613099992745,34.978972729151145,True
474,3,2019-06-11 20:35:58,34.388644259206714,35.0059175106543,True
474,4,2019-06-11 20:35:58,34.38648225857271,35.00493733217403,True
474,5,2019-06-11 20:35:58,34.36150700957911,35.02669205767944,True
475,0,2019-06-11 20:35:58,34.39259930994615,34.98122652470615,True
475,1,2019-06-11 20:35:58,34.358661888092904,34.94767035635958,True
475,2,2019-06-11 20:35:58,34.36875946639818,34.96962059755977,True
475,3,2019-06-11 20:35:58,34.40032594535928,34.99911522165033,True
475,4,2019-06-11 20:35:58,34.387814289218475,34.98958023129683,True
475,5,2019-06-11 20:35:58,34.38477241454591,35.01018750982842,True
476,0,2019-06-11 20:35:58,34.40136174935942,35.00181681069906,True
476,1,2019-06-11 20:35:58,34.35155504723389,34.97292927928626,True
476,2,2019-06-11 20:35:58,34.39673557977103,34.94722756762876,True
476,3,2019-06-11 20:35:58,34.383065085599384,34.96701760011481,True
476,4,2019-06-11 20:35:58,34.37403578045899,35.01663942881951,True
476,5,2019-06-11 20:35:58,34.38141293688582,34.98652538020602,True
477,0,2019-06-11 20:35:58,34.40820386031467,34.98726151269635,True
477,1,2019-06-11 20:35:58,34.362473111238124,34.988670845113425,True
477,2,2019-06-11 20:35:58,34.36521349303736,35.01775457115625,True
477,3,2019-06-11 20:35:58,34.39822274098485,34.96367448633341,True
477,4,2019-06-11 20:35:58,34.37495038329964,35.00858223187463,True
477,5,2019-06-11 20:35:58,34.38923412400153,34.94165397417742,True
478,0,2019-06-11 20:35:58,34.41622364693654,34.995284014008725,True
478,1,2019-06-11 20:35:58,34.342987314160695,34.98702904989461,True
478,2,2019-06-11 20:35:58,34.36496804533844,34.94546754517896,True
478,3,2019-06-11 20:35:58,34.40197562067212,34.96564842691003,True
478,4,2019-06-11 20:35:58,34.38434944885226,35.01401304018925,True
478,5,2019-06-11 20:35:58,34.38338087862246,35.04610077951771,True
479,0,2019-06-11 20:35:58,34.4030270932977,34.97164064540127,True
479,1,2019-06-11 20:35:58,34.348006570709565,34.986001797800256,True
479,2,2019-06-11 20:35:58,34.37355018174097,34.979078036147065,True
479,3,2019-06-11 20:35:58,34.393331101419406,34.969674279384854,True
479,4,2019-06-11 20:35:58,34.37998520303763,35.02290496900074,True
479,5,2019-06-11 20:35:58,34.38151753038051,35.013385606813024,True
480,0,2019-06-11 20:35:58,34.405205017382734,34.95986010579602,True
480,1,2019-06-11 20:35:58,34.35815949312658,35.07262244766384,True
480,2,2019-06-11 20:35:58,34.37115130233192,34.983045502835196,True
480,3,2019-06-11 20:35:58,34.39890754212322,34.99736320986398,True
480,4,2019-06-11 20:35:58,34.38311456611179,34.99572642718039,True
480,5,2019-06-11 20:35:58,34.373392368848044,35.00719331165752,True
481,0,2019-06-11 20:35:58,34.407789877251005,35.021280242058786,True
481,1,2019-06-11 20:35:58,34.35479020436294,35.03796273303673,True
481,2,2019-06-11 20:35:58,34.38389589268824,34.960779567265185,True
481,3,2019-06-11 20:35:58,34.401520749061255,34.9727189877245,True
481,4,2019-06-11 20:35:58,34.39988053628237,34.969922563800196,True
481,5,2019-06-11 20:35:58,34.36958131216094,34.97556460500039,True
482,0,2019-06-11 20:35:58,34.40815634154877,34.96210343116304,True
482,1,2019-06-11 20:35:58,34.34405948894679,35.02389530157351,True
482,2,2019-06-11 20:35:58,34.361386690074326,34.979662816768894,True
482,3,2019-06-11 20:35:58,34.37808641708307,34.98543050145122,True
482,4,2019-06-11 20:35:58,34.38364735745595,34.98610412825071,True
482,5,2019-06-11 20:35:58,34.37351757184066,35.00320524469884,True
483,0,2019-06-11 20:35:58,34.42328583809554,35.003524948528906,True
483,1,2019-06-11 20:35:58,34.34735403375599,34.96997344878825,True
483,2,2019-06-11 20:35:58,34.381974664726364,34.96238569273424,True
483,3,2019-06-11 20:35:58,34.40701794031248,35.001572382023944,True
483,4,2019-06-11 20:35:58,34.3723180919787,34.977588429545335,True
483,5,2019-06-11 20:35:58,34.37192001105457,35.00802448530605,True
484,0,2019-06-11 20:35:58,34.40226500689706,35.014610672422336,True
484,1,2019-06-11 20:35:58,34.36559116101678,34.99902813843248,True
484,2,2019-06-11 20:35:58,34.38551807611819,34.95580269839734,True
484,3,2019-06-11 20:35:58,34.396833557422895,34.98536763838304,True
484,4,2019-06-11 20:35:58,34.39183111880806,34.973279351091065,True
484,5,2019-06-11 20:35:58,34.388203359542835,35.02399859224281,True
485,0,2019-06-11 20:35:58,34.385924534218866,34.950951282683484,True
485,1,2019-06-11 20:35:58,34.35939969159861,34.97401883327201,True
485,2,2019-06-11 20:35:58,34.3902293928183,34.93992345245184,True
485,3,2019-06-11 20:35:58,34.38795737477788,35.01964489058718,True
485,4,2019-06-11 20:35:58,34.38497081310625,34.98100012693819,True
485,5,2019-06-11 20:35:58,34.368939274702846,34.957582869682604,True
486,0,2019-06-11 20:35:58,34.397250266180095,35.01397089605298,True
486,1,2019-06-11 20:35:58,34.34733929960109,34.969113529966066,True
486,2,2019-06-11 20:35:58,34.35822703487494,34.98034637080721,True
486,3,2019-06-11 20:35:58,34.39516561048515,35.00082998193943,True
486,4,2019-06-11 20:35:58,34.37581602320886,34.992684644631126,True
486,5,2019-06-11 20:35:58,34.366827334899014,34.991150836607666,True
487,0,2019-06-11 20:35:58,34.39536283266364,34.99350627125982,True
487,1,2019-06-11 20:35:58,34.366107555571595,34.97457326105164,True
487,2,2019-06-11 20:35:58,34.389947209051485,34.973211305001854,True
487,3,2019-06-11 20:35:58,34.398510578863736,34.98775801125221,True
487,4,2019-06-11 20:35:58,34.384845982897716,35.004824440236284,True
487,5,2019-06-11 20:35:58,34.37656795488882,35.02613345663167,True
488,0,2019-06-11 20:35:58,34.40869128882045,35.026007530526385,True
488,1,2019-06-11 20:35:58,34.35015535639724,35.00621812981957,True
488,2,2019-06-11 20:35:58,34.389608561096615,34.98377149392396,True
488,3,2019-06-11 20:35:58,34.42643284408859,34.965014190992314,True
488,4,2019-06-11 20:35:58,34.38504347545005,34.97227129738538,True
488,5,2019-06-11 20:35:58,34.38090903259684,35.006518932716496,True
489,0,2019-06-11 20:35:58,34.41605091167873,35.01304534925652,True
489,1,2019-06-11 20:35:58,34.37524047508597,34.97599670060414,True
489,2,2019-06-11 20:35:58,34.37614243992225,34.94512389304198,True
489,3,2019-06-11 20:35:58,34.40577262365722,34.9813093798083,True
489,4,2019-06-11 20:35:58,34.38971764413288,34.995777645018045,True
489,5,2019-06-11 20:35:58,34.39595562237537,34.97028075170886,True
490,0,2019-06-11 20:35:58,34.43057790474204,34.979320244990184,True
490,1,2019-06-11 20:35:58,34.34260185070995,34.97778056116303,True
490,2,2019-06-11 20:35:58,34.38348705516634,34.96249673362984,True
490,3,2019-06-11 20:35:58,34.378341243993376,35.002646403318415,True
490,4,2019-06-11 20:35:58,34.37412917871298,35.03586888041658,True
490,5,2019-06-11 20:35:58,34.38215564731795,34.98598924159181,True
491,0,2019-06-11 20:35:58,34.40911729453711,34.99288031815764,True
491,1,2019-06-11 20:35:58,34.347929818841706,34.99631480982665,True
491,2,2019-06-11 20:35:58,34.38021883262164,34.95363012521745,True
491,3,2019-06-11 20:35:58,34.38641265837063,35.014151694561704,True
491,4,2019-06-11 20:35:58,34.3900208206352,34.965589601057545,True
491,5,2019-06-11 20:35:58,34.37179610679055,35.032443310453154,True
492,0,2019-06-11 20:35:58,34.39578589112275,34.98783714232309,True
492,1,2019-06-11 20:35:58,34.33327624535499,35.01638500618369,True
492,2,2019-06-11 20:35:58,34.36964195405963,34.98684211017045,True
492,3,2019-06-11 20:35:58,34.40926688084701,34.95976604631124,True
492,4,2019-06-11 20:35:58,34.389289831668385,35.002879698882,True
492,5,2019-06-11 20:35:58,34.374219372969634,34.969550255662405,True
493,0,2019-06-11 20:35:58,34.41351572231863,34.96301514335665,True
493,1,2019-06-11 20:35:58,34.34387523655964,34.986962130808095,True
493,2,2019-06-11 20:35:58,34.394598578540524,34.981637132983224,True
493,3,2019-06-11 20:35:58,34.39849419282481,34.976861191074704,True
493,4,2019-06-11 20:35:58,34.37493599975226,34.99616117042006,True
493,5,2019-06-11 20:35:58,34.39729278275601,34.96126823552905,True
494,0,2019-06-11 20:35:58,34.394352297737385,34.98766450012387,True
494,1,2019-06-11 20:35:58,34.34122819285788,34.988064620126444,True
494,2,2019-06-11 20:35:58,34.37017311939425,34.951434228689244,True
494,3,2019-06-11 20:35:58,34.39122143906921,35.01243220493829,True
494,4,2019-06-11 20:35:58,34.388481149321144,34.98962955579532,True
494,5,2019-06-11 20:35:58,34.390510745436906,34.98387226321117,True
495,0,2019-06-11 20:35:58,34.40181339254821,34.99989533666118,True
495,1,2019-06-11 20:35:58,34.33661581263051,34.99265886665687,True
495,2,2019-06-11 20:35:58,34.373756195172,34.96034925535224,True
495,3,2019-06-11 20:35:58,34.386023682289014,34.9767153319117,True
495,4,2019-06-11 20:35:58,34.37214155380567,34.983905632864506,True
495,5,2019-06-11 20:35:58,34.38120838066624,34.952376210831076,True
496,0,2019-06-11 20:35:58,34.4184848221151,34.99833440106563,True
496,1,2019-06-11 20:35:58,34.343669701830265,34.96512752204976,True
496,2,2019-06-11 20:35:58,34.39045487728076,34.93313995933975,True
496,3,2019-06-11 20:35:58,34.39926107369632,34.96566049503771,True
496,4,2019-06-11 20:35:58,34.388888978552394,34.99800979649935,True
496,5,2019-06-11 20:35:58,34.367878173095,34.99946924808237,True
497,0,2019-06-11 20:35:58,34.39657752447176,34.97285942685516,True
497,1,2019-06-11 20:35:58,34.340110818081286,34.98016688908798,True
497,2,2019-06-11 20:35:58,34.36610618754707,34.992918759384956,True
497,3,2019-06-11 20:35:58,34.39857624453928,34.974946679676236,True
497,4,2019-06-11 20:35:58,34.375713829225596,34.983420803931125,True
497,5,2019-06-11 20:35:58,34.385267319339334,35.01485879074251,True
498,0,2019-06-11 20:35:58,34.41605978258885,34.97980056074143,True
498,1,2019-06-11 20:35:58,34.34003591957673,34.992683464527886,True
498,2,2019-06-11 20:35:58,34.38363996802432,34.95909474775826,True
498,3,2019-06-11 20:35:58,34.36986302902231,35.01627386472723,True
498,4,2019-06-11 20:35:58,34.38908474010751,35.01801454127982,True
498,5,2019-06-11 20:35:58,34.39969638335297,35.04160220428356,True
499,0,2019-06-11 20:35:58,34.40200291386591,34.992142499395456,True
499,1,2019-06-11 20:35:58,34.3493615985197,34.99650963337533,True
499,2,2019-06-11 20:35:58,34.37420329266176,34.981237361781155,True
499,3,2019-06-11 20:35:58,34.39002761434108,34.95111567474998,True
499,4,2019-06-11 20:35:58,34.38741862091729,34.97831611397026,True
499,5,2019-06-11 20:35:58,34.37950392960648,35.011566264061926,True
500,0,2019-06-11 20:35:58,34.41097237398677,35.01671098284746,True
500,1,2019-06-11 20:35:58,34.330285674126934,35.00256962267918,True
500,2,2019-06-11 20:35:58,34.388217140423144,34.97076339320141,True
500,3,2019-06-11 20:35:58,34.3780960519848,34.99244215188785,True
500,4,2019-06-11 20:35:58,34.3707349174999,35.00361777059815,True
500,5,2019-06-11 20:35:58,34.3872528112673,35.01501671134835,True
501,0,2019-06-11 20:35:58,34.40134473166864,34.993592022186824,True
501,1,2019-06-11 20:35:58,34.36823921863003,34.934852844006116,True
501,2,2019-06-11 20:35:58,34.37121081139321,34.95503642055613,True
501,3,2019-06-11 20:35:58,34.3859718964969,35.00900383803058,True
501,4,2019-06-11 20:35:58,34.38255871432278,34.93813483135425,True
501,5,2019-06-11 20:35:58,34.380937489898656,34.97055945066817,True
502,0,2019-06-11 20:35:58,34.400148634131284,34.98869838881821,True
502,1,2019-06-11 20:35:58,34.34766191139016,34.95968361238494,True
502,2,2019-06-11 20:35:58,34.37560782393774,34.951873760969086,True
502,3,2019-06-11 20:35:58,34.38624596932458,35.00077019087119,True
502,4,2019-06-11 20:35:58,34.38585439928498,34.983914533103125,True
502,5,2019-06-11 20:35:58,34.37638276312671,35.00485045081825,True
503,0,2019-06-11 20:35:58,34.40854826127166,34.98086171343863,True
503,1,2019-06-11 20:35:58,34.34947291570556,34.999333712096245,True
503,2,2019-06-11 20:35:58,34.37409352035158,35.00441038206757,True
503,3,2019-06-11 20:35:58,34.40861738728009,35.0068259071808,True
503,4,2019-06-11 20:35:58,34.38551640412505,34.97681744633463,True
503,5,2019-06-11 20:35:58,34.38825442361578,34.982723306395094,True
504,0,2019-06-11 20:35:58,34.4080483380644,35.02179508983412,True
504,1,2019-06-11 20:35:58,34.347003544176715,34.97434397493291,True
504,2,2019-06-11 20:35:58,34.38459532926428,34.953062942605484,True
504,3,2019-06-11 20:35:58,34.39462889490227,34.984372862603735,True
504,4,2019-06-11 20:35:58,34.39601094989207,35.02234737581942,True
504,5,2019-06-11 20:35:58,34.37509109203127,35.03911976015967,True
505,0,2019-06-11 20:35:58,34.420376867252415,34.98039919265555,True
505,1,2019-06-11 20:35:58,34.34155261036174,34.97738782561074,True
505,2,2019-06-11 20:35:58,34.38509994895326,34.949888514586505,True
505,3,2019-06-11 20:35:58,34.39813243347608,34.98676833054006,True
505,4,2019-06-11 20:35:58,34.3739881719297,35.004274122196406,True
505,5,2019-06-11 20:35:58,34.386535811738376,34.965627445070815,True
506,0,2019-06-11 20:35:58,34.40389509085905,34.983597256542794,True
506,1,2019-06-11 20:35:58,34.35324846606236,34.99297140876515,True
506,2,2019-06-11 20:35:58,34.38040190360123,34.97399256599231,True
506,3,2019-06-11 20:35:58,34.38840189542669,34.970758519837915,True
506,4,2019-06-11 20:35:58,34.38081889396532,35.026745242202246,True
506,5,2019-06-11 20:35:58,34.36697049306069,35.0252477691716,True
507,0,2019-06-11 20:35:58,34.41063156227232,34.985787075237475,True
507,1,2019-06-11 20:35:58,34.34883135859335,34.98295400863844,True
507,2,2019-06-11 20:35:58,34.366774637117466,34.95579531354414,True
507,3,2019-06-11 20:35:58,34.38981062394816,35.02179986771764,True
507,4,2019-06-11 20:35:58,34.38021612811716,34.99071942958553,True
507,5,2019-06-11 20:35:58,34.384314299787754,34.969114914505845,True
508,0,2019-06-11 20:35:58,34.40491656550451,34.97641045446007,True
508,1,2019-06-11 20:35:58,34.36362129137204,34.967451487973676,True
508,2,2019-06-11 20:35:58,34.39309722019039,34.96801521012787,True
508,3,2019-06-11 20:35:58,34.39267056330967,34.97934782649017,True
508,4,2019-06-11 20:35:58,34.38711811303003,34.96579696554947,True
508,5,2019-06-11 20:35:58,34.37544257660357,35.000216277516124,True
509,0,2019-06-11 20:35:58,34.40880201649457,34.980587156554364,True
509,1,2019-06-11 20:35:58,34.33788608826785,34.96840963256309,True
509,2,2019-06-11 20:35:58,34.380759519359174,34.98187662489189,True
509,3,2019-06-11 20:35:58,34.385780506156216,34.9954424374499,True
509,4,2019-06-11 20:35:58,34.391205995323325,34.974761476302874,True
509,5,2019-06-11 20:35:58,34.36589690197146,34.99892143949992,True
510,0,2019-06-11 20:35:58,34.40414997381791,34.98985262447873,True
510,1,2019-06-11 20:35:58,34.35024689600463,34.97278873876219,True
510,2,2019-06-11 20:35:58,34.37791185225816,34.97656263170535,True
510,3,2019-06-11 20:35:58,34.38910401350899,34.96529358889016,True
510,4,2019-06-11 20:35:58,34.3704462458074,34.97025880695325,True
510,5,2019-06-11 20:35:58,34.371574357778485,34.99607333298475,True
511,0,2019-06-11 20:35:58,34.41039606761086,34.994205131223126,True
511,1,2019-06-11 20:35:58,34.34139830600557,34.97595090758771,True
511,2,2019-06-11 20:35:58,34.374366193521716,34.97986764103016,True
511,3,2019-06-11 20:35:58,34.41341300579304,34.972142096067316,True
511,4,2019-06-11 20:35:58,34.38959949583082,35.02029537473195,True
511,5,2019-06-11 20:35:58,34.39343303391202,34.97517350003384,True
512,0,2019-06-11 20:35:58,34.41263038888357,34.952905226410934,True
512,1,2019-06-11 20:35:58,34.343560947298926,35.01337429874386,True
512,2,2019-06-11 20:35:58,34.387062314853374,34.937137123361346,True
512,3,2019-06-11 20:35:58,34.40889792192118,34.9365449884791,True
512,4,2019-06-11 20:35:58,34.39027792153382,34.99148257009321,True
512,5,2019-06-11 20:35:58,34.40188349194412,34.983755492371095,True
513,0,2019-06-11 20:35:58,34.41630989113857,35.013041298926076,True
513,1,2019-06-11 20:35:58,34.332946597471064,34.98797985620442,True
513,2,2019-06-11 20:35:58,34.36925404635821,34.94756472465241,True
513,3,2019-06-11 20:35:58,34.39217281742656,34.99860048384567,True
513,4,2019-06-11 20:35:58,34.36944771207781,34.96784776235335,True
513,5,2019-06-11 20:35:58,34.38518759077106,34.981136512835626,True
514,0,2019-06-11 20:35:58,34.418817079981615,35.02334945755942,True
514,1,2019-06-11 20:35:58,34.349704871675435,34.97444314931242,True
514,2,2019-06-11 20:35:58,34.377512367218415,34.95017888554626,True
514,3,2019-06-11 20:35:58,34.38782491181604,35.038271556607675,True
514,4,2019-06-11 20:35:58,34.38203048339769,35.00339464177739,True
514,5,2019-06-11 20:35:58,34.37974588722221,34.95807055130715,True
515,0,2019-06-11 20:35:58,34.411424811852505,34.99824772574685,True
515,1,2019-06-11 20:35:58,34.34379016428634,35.006652257387884,True
515,2,2019-06-11 20:35:58,34.3775064500255,34.95483012691967,True
515,3,2019-06-11 20:35:58,34.40977498860687,34.97215551995409,True
515,4,2019-06-11 20:35:58,34.38705328666372,34.95905938062196,True
515,5,2019-06-11 20:35:58,34.38988167255472,34.97979963454936,True
516,0,2019-06-11 20:35:58,34.403060908990085,34.99130594683563,True
516,1,2019-06-11 20:35:58,34.356781750200604,34.95645940391786,True
516,2,2019-06-11 20:35:58,34.36632357138894,34.96983250288046,True
516,3,2019-06-11 20:35:58,34.396290986672284,34.96432816915013,True
516,4,2019-06-11 20:35:58,34.380427083359635,34.99143847551459,True
516,5,2019-06-11 20:35:58,34.36749732602099,34.993175377635104,True
517,0,2019-06-11 20:35:58,34.403838278407356,35.02999325111234,True
517,1,2019-06-11 20:35:58,34.36441601994679,34.96489347810318,True
517,2,2019-06-11 20:35:58,34.39082905033846,34.98205380234215,True
517,3,2019-06-11 20:35:58,34.39381084146407,34.97913898615093,True
517,4,2019-06-11 20:35:58,34.39957569505139,34.947578941320224,True
517,5,2019-06-11 20:35:58,34.37099011530925,34.97432265404999,True
518,0,2019-06-11 20:35:58,34.40015154391129,35.00586099789759,True
518,1,2019-06-11 20:35:58,34.34708372329936,35.00199616131439,True
518,2,2019-06-11 20:35:58,34.365573928409184,34.96086266837633,True
518,3,2019-06-11 20:35:58,34.41149096281815,34.984810792865474,True
518,4,2019-06-11 20:35:58,34.38484419708198,34.98910707578766,True
518,5,2019-06-11 20:35:58,34.37917426492343,34.99189645668238,True
519,0,2019-06-11 20:35:58,34.40809754376959,34.98526488038097,True
519,1,2019-06-11 20:35:58,34.35486929212699,34.970871693631075,True
519,2,2019-06-11 20:35:58,34.37682852012807,34.95649436278275,True
519,3,2019-06-11 20:35:58,34.38666019071539,34.984406871564026,True
519,4,2019-06-11 20:35:58,34.38764734799958,35.00174043076229,True
519,5,2019-06-11 20:35:58,34.37903839654163,35.01370585036412,True
520,0,2019-06-11 20:35:58,34.4250724312478,35.00202479370077,True
520,1,2019-06-11 20:35:58,34.350610674951696,34.99446693728713,True
520,2,2019-06-11 20:35:58,34.37401798346026,34.99251258052512,True
520,3,2019-06-11 20:35:58,34.379960540442816,35.019611473730436,True
520,4,2019-06-11 20:35:58,34.383656931060294,34.99313115838904,True
520,5,2019-06-11 20:35:58,34.37615799689941,34.9783915189374,True
521,0,2019-06-11 20:35:58,34.401325867746756,34.994367168210346,True
521,1,2019-06-11 20:35:58,34.33070684620818,34.971444854136465,True
521,2,2019-06-11 20:35:58,34.37096624845184,34.95475243167476,True
521,3,2019-06-11 20:35:58,34.40455236716453,34.9513203142038,True
521,4,2019-06-11 20:35:58,34.38984875838286,34.98708570557152,True
521,5,2019-06-11 20:35:58,34.363332098263626,34.99396447282847,True
522,0,2019-06-11 20:35:58,34.405194021310436,34.96227129485287,True
522,1,2019-06-11 20:35:58,34.34022932294677,35.047985191970284,True
522,2,2019-06-11 20:35:58,34.3634658495736,34.96536773971492,True
522,3,2019-06-11 20:35:58,34.393079196667834,34.973341484160095,True
522,4,2019-06-11 20:35:58,34.388769038702115,34.9825870776929,True
522,5,2019-06-11 20:35:58,34.401353547375265,35.053718079908954,True
523,0,2019-06-11 20:35:58,34.39974782760011,34.978459591935106,True
523,1,2019-06-11 20:35:58,34.35845451274617,34.95846163093677,True
523,2,2019-06-11 20:35:58,34.36934351518868,34.99810713434677,True
523,3,2019-06-11 20:35:58,34.39889286943245,34.99498763172092,True
523,4,2019-06-11 20:35:58,34.387116702937455,35.04312054202544,True
523,5,2019-06-11 20:35:58,34.37675599122596,35.0008216900381,True
524,0,2019-06-11 20:35:58,34.41601844841544,34.95523630002928,True
524,1,2019-06-11 20:35:58,34.3481783499125,34.97904347283262,True
524,2,2019-06-11 20:35:58,34.37524583265902,34.9596456091087,True
524,3,2019-06-11 20:35:58,34.3733744798887,35.00981369955594,True
524,4,2019-06-11 20:35:58,34.39732545264502,34.97385656218986,True
524,5,2019-06-11 20:35:58,34.3726412665374,34.98402075343192,True
525,0,2019-06-11 20:35:58,34.407329125275744,34.97158173821045,True
525,1,2019-06-11 20:35:58,34.351898264671334,34.97590591319521,True
525,2,2019-06-11 20:35:58,34.37962780694299,34.9890030346196,True
525,3,2019-06-11 20:35:58,34.39968463560281,34.984030154337134,True
525,4,2019-06-11 20:35:58,34.39163042514676,34.96346693596724,True
525,5,2019-06-11 20:35:58,34.3855844316132,35.017785690767255,True
526,0,2019-06-11 20:35:58,34.4076474913884,34.96066294442764,True
526,1,2019-06-11 20:35:58,34.352134262278724,34.954649924521895,True
526,2,2019-06-11 20:35:58,34.36965779765423,35.005024145006644,True
526,3,2019-06-11 20:35:58,34.39058981681631,34.99496163768519,True
526,4,2019-06-11 20:35:58,34.375084389560975,34.96228903979464,True
526,5,2019-06-11 20:35:58,34.37913833419206,34.984007553832576,True
527,0,2019-06-11 20:35:58,34.40333562412153,34.97854719120583,True
527,1,2019-06-11 20:35:58,34.35494231921585,34.99206028418166,True
527,2,2019-06-11 20:35:58,34.36560633967619,34.94321816649262,True
527,3,2019-06-11 20:35:58,34.41280836000435,34.98358857062263,True
527,4,2019-06-11 20:35:58,34.383938144364535,34.97401654538161,True
527,5,2019-06-11 20:35:58,34.38125047839716,35.016919447657735,True
528,0,2019-06-11 20:35:58,34.40624344451994,34.99599176162854,True
528,1,2019-06-11 20:35:58,34.35876599240542,34.96756503571534,True
528,2,2019-06-11 20:35:58,34.37432729095768,34.968264201134716,True
528,3,2019-06-11 20:35:58,34.40075753787914,34.97297994935071,True
528,4,2019-06-11 20:35:58,34.38396031289768,34.986991674526216,True
528,5,2019-06-11 20:35:58,34.387985363670005,35.01600665775597,True
529,0,2019-06-11 20:35:58,34.411923605543855,34.98922754391318,True
529,1,2019-06-11 20:35:58,34.3505601174907,35.00933714975342,True
529,2,2019-06-11 20:35:58,34.37477449326221,34.99740152390177,True
529,3,2019-06-11 20:35:58,34.37747509269275,34.99983085741927,True
529,4,2019-06-11 20:35:58,34.37802040989793,34.98293694493344,True
529,5,2019-06-11 20:35:58,34.37505493556708,34.975741125198155,True
530,0,2019-06-11 20:35:58,34.39192857518869,34.99141258717324,True
530,1,2019-06-11 20:35:58,34.35499859195646,34.93917774333123,True
530,2,2019-06-11 20:35:58,34.389111370167534,34.933599503535916,True
530,3,2019-06-11 20:35:58,34.38951271940327,34.97521217540054,True
530,4,2019-06-11 20:35:58,34.39177062920791,35.02982342210562,True
530,5,2019-06-11 20:35:58,34.374456738159445,35.03103155176527,True
531,0,2019-06-11 20:35:58,34.39509557190135,34.985427933162846,True
531,1,2019-06-11 20:35:58,34.363163727257295,34.9994899856568,True
531,2,2019-06-11 20:35:58,34.3882249543925,34.97856861298058,True
531,3,2019-06-11 20:35:58,34.394036492946185,34.993729301112495,True
531,4,2019-06-11 20:35:58,34.389052275852585,34.99321895943384,True
531,5,2019-06-11 20:35:58,34.38011468517778,34.98150798631365,True
532,0,2019-06-11 20:35:58,34.40436196543954,34.9978897442412,True
532,1,2019-06-11 20:35:58,34.34602248165189,34.94484082075626,True
532,2,2019-06-11 20:35:58,34.37973572026946,34.991157593629474,True
532,3,2019-06-11 20:35:58,34.40001723123839,34.97753773636129,True
532,4,2019-06-11 20:35:58,34.39091794282335,34.97441887885348,True
532,5,2019-06-11 20:35:58,34.39576291048852,34.99578794615547,True
533,0,2019-06-11 20:35:58,34.413200511304225,35.00726609315332,True
533,1,2019-06-11 20:35:58,34.34846771380907,34.96635584143145,True
533,2,2019-06-11 20:35:58,34.37704760102888,34.96600912057592,True
533,3,2019-06-11 20:35:58,34.38712692845034,34.960227275064284,True
533,4,2019-06-11 20:35:58,34.3692032839451,34.989030616243994,True
533,5,2019-06-11 20:35:58,34.366420096427376,35.002125097872586,True
534,0,2019-06-11 20:35:58,34.41028374990563,34.99783125413272,True
534,1,2019-06-11 20:35:58,34.349471521390996,34.975919403539564,True
534,2,2019-06-11 20:35:58,34.37718352640831,34.975670348716214,True
534,3,2019-06-11 20:35:58,34.42406765335417,34.95990932171638,True
534,4,2019-06-11 20:35:58,34.387401579948296,35.0124111471271,True
534,5,2019-06-11 20:35:58,34.386686579297624,34.96615838170214,True
535,0,2019-06-11 20:35:58,34.39855762021001,35.002560415790356,True
535,1,2019-06-11 20:35:58,34.35105331814715,34.97584606335762,True
535,2,2019-06-11 20:35:58,34.37454062788462,34.95817901112072,True
535,3,2019-06-11 20:35:58,34.412854948076856,34.98701188931128,True
535,4,2019-06-11 20:35:58,34.38242257062061,34.949923734269284,True
535,5,2019-06-11 20:35:58,34.38233526583869,35.013220490347095,True
536,0,2019-06-11 20:35:58,34.407546548637235,35.00719794273618,True
536,1,2019-06-11 20:35:58,34.34424091296243,35.00684370401499,True
536,2,2019-06-11 20:35:58,34.394586876073426,34.94631930585073,True
536,3,2019-06-11 20:35:58,34.387705028286746,34.98361178168864,True
536,4,2019-06-11 20:35:58,34.38919456754482,34.98042187417672,True
536,5,2019-06-11 20:35:58,34.39721466827564,34.98569792755693,True
537,0,2019-06-11 20:35:58,34.399508121715336,34.96379827369724,True
537,1,2019-06-11 20:35:58,34.349188253749595,34.99377322762007,True
537,2,2019-06-11 20:35:58,34.38439373161935,34.95889899873149,True
537,3,2019-06-11 20:35:58,34.388425014744264,34.987454861079165,True
537,4,2019-06-11 20:35:58,34.378913253071964,35.0010766420714,True
537,5,2019-06-11 20:35:58,34.3897189051803,34.98329141886031,True
538,0,2019-06-11 20:35:58,34.4125548755997,34.98861268184803,True
538,1,2019-06-11 20:35:58,34.354215321426416,34.997238440257384,True
538,2,2019-06-11 20:35:58,34.38889608747559,34.9477993009053,True
538,3,2019-06-11 20:35:58,34.386965760315526,34.99197414539234,True
538,4,2019-06-11 20:35:58,34.3896694674076,34.99941551070956,True
538,5,2019-06-11 20:35:58,34.38606251093818,34.983707351647176,True
539,0,2019-06-11 20:35:58,34.42154570413378,34.96565851208662,True
539,1,2019-06-11 20:35:58,34.33960290905587,34.947116802515225,True
539,2,2019-06-11 20:35:58,34.35486359671417,34.986838237910646,True
539,3,2019-06-11 20:35:58,34.407046231682216,34.966793557253794,True
539,4,2019-06-11 20:35:58,34.37415407889022,35.02709967161561,True
539,5,2019-06-11 20:35:58,34.371570569182815,35.007347066840296,True
540,0,2019-06-11 20:35:58,34.41203657984201,34.962882650480715,True
540,1,2019-06-11 20:35:58,34.34801080170423,34.98587613736947,True
540,2,2019-06-11 20:35:58,34.383488266424706,34.9734564502561,True
540,3,2019-06-11 20:35:58,34.4081082137286,34.99693699454666,True
540,4,2019-06-11 20:35:58,34.390260193257625,35.00385415049784,True
540,5,2019-06-11 20:35:58,34.38918901556744,35.03468144415215,True
541,0,2019-06-11 20:35:58,34.40832867398984,34.973128348778964,True
541,1,2019-06-11 20:35:58,34.356889217541266,35.00161600920799,True
541,2,2019-06-11 20:35:58,34.37608545903125,34.94039282122016,True
541,3,2019-06-11 20:35:58,34.39732100817248,34.97027362933131,True
541,4,2019-06-11 20:35:58,34.38885615145048,34.98405724682662,True
541,5,2019-06-11 20:35:58,34.37976316066271,35.030416595999355,True
542,0,2019-06-11 20:35:58,34.42087934177642,34.98913768485886,True
542,1,2019-06-11 20:35:58,34.33807686752669,34.965985443321436,True
542,2,2019-06-11 20:35:58,34.374660060026656,34.96906823389955,True
542,3,2019-06-11 20:35:58,34.395574186128556,34.977160429009324,True
542,4,2019-06-11 20:35:58,34.38233272851987,34.969199730789946,True
542,5,2019-06-11 20:35:58,34.374712831889454,35.008612146527895,True
543,0,2019-06-11 20:35:58,34.413027879682694,35.00548653153623,True
543,1,2019-06-11 20:35:58,34.352285073002385,34.9602492941001,True
543,2,2019-06-11 20:35:58,34.39147494285846,34.94022903138403,True
543,3,2019-06-11 20:35:58,34.38827331892092,34.99659198461525,True
543,4,2019-06-11 20:35:58,34.37257654901411,34.97077523457897,True
543,5,2019-06-11 20:35:58,34.37185315338442,34.993746987876165,True
544,0,2019-06-11 20:35:58,34.413586223449926,34.96351649269072,True
544,1,2019-06-11 20:35:58,34.34452414290202,34.99502182536515,True
544,2,2019-06-11 20:35:58,34.36911091304823,34.95501474981722,True
544,3,2019-06-11 20:35:58,34.39627850996905,34.97049110344692,True
544,4,2019-06-11 20:35:58,34.395971316249614,34.97374037063652,True
544,5,2019-06-11 20:35:58,34.38834454926435,34.9832656359206,True
545,0,2019-06-11 20:35:58,34.423855139402505,35.031596894589136,True
545,1,2019-06-11 20:35:58,34.35537950463479,34.97032000120278,True
545,2,2019-06-11 20:35:58,34.38432177135543,34.97087801971553,True
545,3,2019-06-11 20:35:58,34.397241593636664,35.002442397481566,True
545,4,2019-06-11 20:35:58,34.38527215794596,34.99466156896326,True
545,5,2019-06-11 20:35:58,34.38306529694316,34.962160888173635,True
546,0,2019-06-11 20:35:58,34.39664608706954,34.95928705679509,True
546,1,2019-06-11 20:35:58,34.34673371154187,34.94194128357431,True
546,2,2019-06-11 20:35:58,34.38113581376516,34.965450052064526,True
546,3,2019-06-11 20:35:58,34.40367400351293,35.008433422165595,True
546,4,2019-06-11 20:35:58,34.38652586522651,34.98934483833166,True
546,5,2019-06-11 20:35:58,34.38409165903534,34.98625086421172,True
547,0,2019-06-11 20:35:58,34.41777011327085,34.98553507044302,True
547,1,2019-06-11 20:35:58,34.34685096994433,34.97586914430461,True
547,2,2019-06-11 20:35:58,34.37685566999018,34.97592961050801,True
547,3,2019-06-11 20:35:58,34.404050659260896,34.97287986040271,True
547,4,2019-06-11 20:35:58,34.38269408614439,34.94085894097638,True
547,5,2019-06-11 20:35:58,34.38131714862646,34.98108650107824,True
