lat,lon,support_density_raw,support_density_display_normalized
34.058546490362005,35.25246205776319,182.0,0.27156582498752563
34.058546490362005,35.25546205776319,507.0,0.4091190894472875
34.058546490362005,35.25846205776319,650.0,0.45186832888735756
34.058546490362005,35.26146205776319,663.0,0.45546181423027493
34.058546490362005,35.26446205776319,455.0,0.39178799015711807
34.058546490362005,35.26746205776319,78.0,0.19350152917320482
34.061546490362005,35.24946205776319,221.0,0.2934968671406712
34.061546490362005,35.25246205776319,806.0,0.4924709043816428
34.061546490362005,35.25546205776319,1274.0,0.5914449549102984
34.061546490362005,35.25846205776319,1586.0,0.6456064097996628
34.061546490362005,35.26146205776319,1703.0,0.6642513099632877
34.061546490362005,35.26446205776319,1547.0,0.6392087125112367
34.061546490362005,35.26746205776319,949.0,0.5257182400484397
34.061546490362005,35.27046205776319,130.0,0.23736894595042213
34.061546490362005,35.27346205776319,6.035307213397551,0.06952264924392064
34.064546490362005,35.24946205776319,585.0,0.43322040776703746
34.064546490362005,35.25246205776319,1469.0,0.6261166871553775
34.064546490362005,35.25546205776319,2119.0,0.7249347912992167
34.064546490362005,35.25846205776319,2587.0,0.785172593024254
34.064546490362005,35.26146205776319,2899.0,0.8217616060606946
34.064546490362005,35.26446205776319,2860.0,0.817321594552832
34.064546490362005,35.26746205776319,2431.0,0.7658796742622063
34.064546490362005,35.27046205776319,1079.0,0.553420367275133
34.064546490362005,35.27346205776319,226.53311035702393,0.29641435730488064
34.064546490362005,35.27646205776319,9.102476533852077,0.08194272222130838
34.067546490362005,35.24646205776319,3.018002443541139,0.0526907517992411
34.067546490362005,35.24946205776319,897.0,0.5140004954114431
34.067546490362005,35.25246205776319,2145.0,0.7284797416992859
34.067546490362005,35.25546205776319,2977.0,0.8305352968502568
34.067546490362005,35.25846205776319,3328.0,0.8684001452303401
34.067546490362005,35.26146205776319,3471.0,0.883137661782943
34.067546490362005,35.26446205776319,3640.0,0.9000924396021521
34.067546490362005,35.26746205776319,3640.0,0.9000924396021521
34.067546490362005,35.27046205776319,2301.0,0.7492266344666605
34.067546490362005,35.27346205776319,958.749127409401,0.527871911006764
34.067546490362005,35.27646205776319,224.40404391159154,0.2952968620141235
34.067546490362005,35.27946205776319,17.202140712000308,0.10570111260621734
34.070546490362005,35.24646205776319,3.018002443541139,0.0526907517992411
34.070546490362005,35.24946205776319,845.0,0.5018676981274561
34.070546490362005,35.25246205776319,2548.0,0.7804162967908564
34.070546490362005,35.25546205776319,3224.0,0.8574416464327816
34.070546490362005,35.25846205776319,3523.0,0.8884062754868902
34.070546490362005,35.26146205776319,3926.0,0.9277408472909051
34.070546490362005,35.26446205776319,4212.0,0.9542054777785088
34.070546490362005,35.26746205776319,4238.0,0.9565571919138135
34.070546490362005,35.27046205776319,3224.0,0.8574416464327816
34.070546490362005,35.27346205776319,2160.4606103798224,0.7305754957229766
34.070546490362005,35.27646205776319,836.5360053919344,0.49985082776059186
34.070546490362005,35.27946205776319,205.33648217274123,0.28499222194310975
34.070546490362005,35.28246205776319,18.189084909458533,0.10808636224987259
34.073546490362006,35.24646205776319,3.018002443541139,0.0526907517992411
34.073546490362006,35.24946205776319,455.0,0.39178799015711807
34.073546490362006,35.25246205776319,1911.0,0.6955860044480533
34.073546490362006,35.25546205776319,3172.0,0.8518827649763421
34.073546490362006,35.25846205776319,3887.0,0.9240434153132027
34.073546490362006,35.26146205776319,4472.0,0.9773436110855133
34.073546490362006,35.26446205776319,4719.0,0.9985884793088503
34.073546490362006,35.26746205776319,4589.0,0.9874924490600837
34.073546490362006,35.27046205776319,3896.4497602243437,0.9249413446576287
34.073546490362006,35.27346205776319,3261.14209504659,0.861379336477447
34.073546490362006,35.27646205776319,1744.5726445687208,0.670690544596923
34.073546490362006,35.27946205776319,624.5182412575123,0.44469742179583255
34.073546490362006,35.28246205776319,147.54868812045123,0.24970124133340757
34.073546490362006,35.28546205776319,18.270362479410146,0.10827929659969987
34.073546490362006,35.28846205776319,3.056434667943169,0.05295812583297968
34.076546490362006,35.24946205776319,52.0,0.16453106081070776
34.076546490362006,35.25246205776319,910.0,0.5169673523581301
34.076546490362006,35.25546205776319,1885.0,0.6917849382365641
34.076546490362006,35.25846205776319,3497.0,0.8857778444729131
34.076546490362006,35.26146205776319,4368.0,0.9681878142446574
34.076546490362006,35.26446205776319,4641.0,0.9919532113186983
34.076546490362006,35.26746205776319,4563.0,0.9852506904265173
34.076546490362006,35.27046205776319,4440.478411839833,0.9745821786971838
34.076546490362006,35.27346205776319,3810.210556916975,0.9166977191152795
34.076546490362006,35.27646205776319,2492.2488541135617,0.7735406167025826
34.076546490362006,35.27946205776319,1290.9730776140661,0.5945842959853971
34.076546490362006,35.28246205776319,398.3818144775354,0.37150645361274176
34.076546490362006,35.28546205776319,116.76113500250493,0.22738713176450234
34.076546490362006,35.28846205776319,21.387503045754098,0.11532158270256253
34.076546490362006,35.29146205776319,3.056434667943169,0.05295812583297968
34.079546490362006,35.24946205776319,12.064811214304143,0.09171804153337448
34.079546490362006,35.25246205776319,261.65248944376265,0.31400496043192966
34.079546490362006,35.25546205776319,1200.312507325168,0.5775163619201449
34.079546490362006,35.25846205776319,2404.2014166034196,0.7624913124456683
34.079546490362006,35.26146205776319,3822.0,0.917831235492116
34.079546490362006,35.26446205776319,4316.424598907747,0.963598741049313
34.079546490362006,35.26746205776319,4735.69363676619,1.0
34.079546490362006,35.27046205776319,4687.651373131963,0.9959296967923845
34.079546490362006,35.27346205776319,4165.284121608491,0.9499580179299737
34.079546490362006,35.27646205776319,3331.951651609719,0.8688124521053752
34.079546490362006,35.27946205776319,2079.7474286872443,0.7195331357971179
34.079546490362006,35.28246205776319,892.856325171084,0.5130494096362637
34.079546490362006,35.28546205776319,287.29343031512724,0.32596940392194684
34.079546490362006,35.28846205776319,70.21949435931025,0.185536619529914
34.079546490362006,35.29146205776319,15.271371571733805,0.10078543579909564
34.082546490362006,35.24946205776319,3.0327406925983196,0.05279352635838438
34.082546490362006,35.25246205776319,89.96961594224892,0.2048730849354105
34.082546490362006,35.25546205776319,618.6216709170731,0.4430131445167977
34.082546490362006,35.25846205776319,1620.600535882608,0.6512038382210197
34.082546490362006,35.26146205776319,2765.254632608906,0.8063816042742324
34.082546490362006,35.26446205776319,4030.9277453058303,0.9375804989890145
34.082546490362006,35.26746205776319,4518.693812306771,0.9814128185466451
34.082546490362006,35.27046205776319,4549.0972467286865,0.9840488286625048
34.082546490362006,35.27346205776319,4478.786046829893,0.9779365701816954
34.082546490362006,35.27646205776319,3850.686248118756,0.9205805904109418
34.082546490362006,35.27946205776319,2742.15007882024,0.8036797920486337
34.082546490362006,35.28246205776319,1503.3544306931976,0.6319331134813081
34.082546490362006,35.28546205776319,579.7073559119119,0.4316483497012886
34.082546490362006,35.28846205776319,166.2424071153016,0.2619046974164757
34.082546490362006,35.29146205776319,56.96949937280621,0.1706489111663933
34.082546490362006,35.29446205776319,12.231555859917897,0.092222999135446
34.085546490362006,35.24946205776319,3.045901821475203,0.05288505016077955
34.085546490362006,35.25246205776319,40.659102871491214,0.14911099805396283
34.085546490362006,35.25546205776319,316.13789507884115,0.3386859519422096
34.085546490362006,35.25846205776319,1030.098692431929,0.5432479482255175
34.085546490362006,35.26146205776319,2126.6833468705454,0.7259850750746623
34.085546490362006,35.26446205776319,3300.164558703872,0.8654874978082017
34.085546490362006,35.26746205776319,4191.18395754001,0.9523163696444781
34.085546490362006,35.27046205776319,4675.408702863451,0.9948884584916784
34.085546490362006,35.27346205776319,4643.770595077487,0.992190040332698
34.085546490362006,35.27646205776319,4091.150584354889,0.9431586374564193
34.085546490362006,35.27946205776319,3327.0072908549832,0.868296521922416
34.085546490362006,35.28246205776319,2258.326320019034,0.7436374257637114
34.085546490362006,35.28546205776319,1006.33378798442,0.538199614275008
34.085546490362006,35.28846205776319,370.2818447502525,0.3607941837955072
34.085546490362006,35.29146205776319,121.98100120714113,0.23140004434215414
34.085546490362006,35.29446205776319,32.612085892059966,0.13652053808775444
34.085546490362006,35.29746205776319,6.110799247677049,0.06986919941041428
34.088546490362006,35.25246205776319,20.324323283638005,0.11299337950078363
34.088546490362006,35.25546205776319,213.2834453125127,0.28935395270515907
34.088546490362006,35.25846205776319,814.7652341515493,0.4946062001342203
34.088546490362006,35.26146205776319,1736.2561080535463,0.6694098138088682
34.088546490362006,35.26446205776319,2787.311737258905,0.8089483207259964
34.088546490362006,35.26746205776319,3730.3468142102,0.908963082158125
34.088546490362006,35.27046205776319,4299.247493657681,0.9620630590096967
34.088546490362006,35.27346205776319,4541.03571200797,0.98335091742502
34.088546490362006,35.27646205776319,4411.940391743946,0.9720719578069259
34.088546490362006,35.27946205776319,3639.7085347607117,0.900063609716373
34.088546490362006,35.28246205776319,2759.602560889517,0.8057219146526506
34.088546490362006,35.28546205776319,1534.4587843102217,0.6371308753017898
34.088546490362006,35.28846205776319,581.739622165197,0.4322530020363655
34.088546490362006,35.29146205776319,215.75689507549222,0.29069156753652337
34.088546490362006,35.29446205776319,66.15441386903572,0.18116324481749208
34.088546490362006,35.29746205776319,17.324965041237746,0.10600235335920345
34.088546490362006,35.30046205776319,6.107909897074643,0.06985598311917267
34.091546490362006,35.25246205776319,18.349842499094358,0.10846746659751816
34.091546490362006,35.25546205776319,141.62163089823537,0.2456396087142007
34.091546490362006,35.25846205776319,569.149355809257,0.4284864174501272
34.091546490362006,35.26146205776319,1359.5204484860353,0.6070170056245393
34.091546490362006,35.26446205776319,2321.6059159856277,0.7519032483863931
34.091546490362006,35.26746205776319,3344.53212031368,0.8701231208375907
34.091546490362006,35.27046205776319,4239.527734886615,0.9566951067588751
34.091546490362006,35.27346205776319,4571.856771269192,0.9860151930815051
34.091546490362006,35.27646205776319,4431.254479949554,0.9737718977314329
34.091546490362006,35.27946205776319,3879.0249411127365,0.9232845944686143
34.091546490362006,35.28246205776319,3066.078163306708,0.8403880130983287
34.091546490362006,35.28546205776319,2020.988668068134,0.7113316157440057
34.091546490362006,35.28846205776319,949.3718200680357,0.525800621342694
34.091546490362006,35.29146205776319,333.6116306295282,0.3460533306533255
34.091546490362006,35.29446205776319,134.20433804340303,0.2404103618230221
34.091546490362006,35.29746205776319,32.586372776359674,0.1364774718566519
34.091546490362006,35.30046205776319,6.107909897074643,0.06985598311917267
34.091546490362006,35.30346205776319,3.050817202300055,0.05291917134197154
34.094546490362006,35.25246205776319,18.344574428520364,0.10845500952076857
34.094546490362006,35.25546205776319,105.08027462578849,0.21799927035525202
34.094546490362006,35.25846205776319,435.103513893893,0.3848430045635905
34.094546490362006,35.26146205776319,1111.458026832303,0.560020322074535
34.094546490362006,35.26446205776319,2016.3154406790716,0.7106732205117218
34.094546490362006,35.26746205776319,3056.248244548178,0.8393092532619274
34.094546490362006,35.27046205776319,3894.2762996406686,0.9247349352142172
34.094546490362006,35.27346205776319,4398.351851968177,0.9708732776510619
34.094546490362006,35.27646205776319,4563.390204206773,0.9852843909833222
34.094546490362006,35.27946205776319,4118.9590877735645,0.9457177747638134
34.094546490362006,35.28246205776319,3335.9116892471393,0.869225339736621
34.094546490362006,35.28546205776319,2380.921888501234,0.7595294527210459
34.094546490362006,35.28846205776319,1337.0813405762378,0.6029894193066857
34.094546490362006,35.29146205776319,595.5600809889597,0.4363317264842436
34.094546490362006,35.29446205776319,187.13951319750805,0.27460773025279944
34.094546490362006,35.29746205776319,60.872025223591905,0.17523209804913084
34.094546490362006,35.30046205776319,21.35932536239994,0.11526078495007233
34.094546490362006,35.30346205776319,3.050817202300055,0.05291917134197154
34.09754649036201,35.25246205776319,15.301545519406044,0.10086504341585378
34.09754649036201,35.25546205776319,89.73552428496221,0.2046596948174564
34.09754649036201,35.25846205776319,385.7452865334619,0.3667472040275626
34.09754649036201,35.26146205776319,948.9827684120016,0.5257144217093616
34.09754649036201,35.26446205776319,1826.9880395759537,0.683188963636601
34.09754649036201,35.26746205776319,2788.2773140186664,0.8090604029917061
34.09754649036201,35.27046205776319,3636.2981503961933,0.8997261732307645
34.09754649036201,35.27346205776319,4238.765374001193,0.9566262890674843
34.09754649036201,35.27646205776319,4450.925599984914,0.9754986985030758
34.09754649036201,35.27946205776319,4192.741183512442,0.9524578863647172
34.09754649036201,35.28246205776319,3561.140236363705,0.8922410307620011
34.09754649036201,35.28546205776319,2647.2256678177473,0.7924337179332759
34.09754649036201,35.28846205776319,1644.2241521515964,0.6549844200910587
34.09754649036201,35.29146205776319,825.4298367045885,0.4971856961429281
34.09754649036201,35.29446205776319,308.3585031210803,0.3353273152866801
34.09754649036201,35.29746205776319,106.64678776934346,0.21929345598408473
34.09754649036201,35.30046205776319,27.420251698681618,0.1273723422609478
34.09754649036201,35.30346205776319,6.09746107498952,0.06980815741821036
34.10054649036201,35.25246205776319,21.400738970518553,0.11535012468795142
34.10054649036201,35.25546205776319,90.7344719903671,0.20556798877734
34.10054649036201,35.25846205776319,382.5071694115429,0.3655126333373194
34.10054649036201,35.26146205776319,932.6299876266028,0.522071890651956
34.10054649036201,35.26446205776319,1687.239957263383,0.6617855818965167
34.10054649036201,35.26746205776319,2600.7718423346223,0.7868418706038189
34.10054649036201,35.27046205776319,3396.7692470023476,0.8755339242649677
34.10054649036201,35.27346205776319,4123.9167893367185,0.9461729280663549
34.10054649036201,35.27646205776319,4393.763160722111,0.9704679955830872
34.10054649036201,35.27946205776319,4223.7647943115435,0.955270685597214
34.10054649036201,35.28246205776319,3691.6641716185163,0.9051810116933671
34.10054649036201,35.28546205776319,2799.1398750442577,0.8103197064074045
34.10054649036201,35.28846205776319,1944.864779879324,0.7004906213335981
34.10054649036201,35.29146205776319,1065.4259315445177,0.5506249236511531
34.10054649036201,35.29446205776319,477.3635319286038,0.39937994755237544
34.10054649036201,35.29746205776319,174.19338552098029,0.2668450950551017
34.10054649036201,35.30046205776319,51.71363560272401,0.16416803075155362
34.10054649036201,35.30346205776319,9.115295526909438,0.08198886261942692
34.10354649036201,35.24946205776319,3.0538064139014782,0.05293990547542035
34.10354649036201,35.25246205776319,26.515297584550616,0.12567392025526317
34.10354649036201,35.25546205776319,111.31825041208195,0.22308640714178787
34.10354649036201,35.25846205776319,376.52794052680224,0.3632163952270216
34.10354649036201,35.26146205776319,898.2041276009643,0.5142763808564655
34.10354649036201,35.26446205776319,1604.9328267742621,0.6486782021858541
34.10354649036201,35.26746205776319,2440.410878389791,0.7670642480349019
34.10354649036201,35.27046205776319,3397.2667968526125,0.8755852203760802
34.10354649036201,35.27346205776319,4065.808344175632,0.9408173579857867
34.10354649036201,35.27646205776319,4330.886148676071,0.9648888041112882
34.10354649036201,35.27946205776319,4261.089350199109,0.9586383896065057
34.10354649036201,35.28246205776319,3718.0891029421173,0.9077671815873495
34.10354649036201,35.28546205776319,2983.412898746165,0.8312504732997409
34.10354649036201,35.28846205776319,2041.6839381831348,0.7142363764159455
34.10354649036201,35.29146205776319,1232.8338805189273,0.583725122252208
34.10354649036201,35.29446205776319,580.5279789965367,0.43189265937347565
34.10354649036201,35.29746205776319,273.59277975425556,0.31966008687445996
34.10354649036201,35.30046205776319,82.02256622606055,0.19743307129309376
34.10354649036201,35.30346205776319,21.32058263915536,0.11517711285069403
34.10354649036201,35.30646205776319,3.029034811807456,0.052767712310516884
34.10654649036201,35.24946205776319,8.194218239043908,0.07856870065067006
34.10654649036201,35.25246205776319,37.764258191641765,0.1447701230879551
34.10654649036201,35.25546205776319,163.4040101562884,0.260106763116058
34.10654649036201,35.25846205776319,456.74504063748304,0.3923883426285957
34.10654649036201,35.26146205776319,1006.5301543454466,0.538241619468513
34.10654649036201,35.26446205776319,1650.2013708121883,0.6559358046644962
34.10654649036201,35.26746205776319,2480.2480859884527,0.7720485464097658
34.10654649036201,35.27046205776319,3281.457137625806,0.8635216980259158
34.10654649036201,35.27346205776319,3911.125074585066,0.9263332269645971
34.10654649036201,35.27646205776319,4235.124616374161,0.9562975384047931
34.10654649036201,35.27946205776319,4220.3043483455,0.9549575549580203
34.10654649036201,35.28246205776319,3853.3861674381496,0.920838723174117
34.10654649036201,35.28546205776319,3081.801959752146,0.8421092758957316
34.10654649036201,35.28846205776319,2136.017777094341,0.727257996996549
34.10654649036201,35.29146205776319,1368.0866407900253,0.6085440229615456
34.10654649036201,35.29446205776319,730.9425782039004,0.47358710054643105
34.10654649036201,35.29746205776319,334.24483675446453,0.3463159095608483
34.10654649036201,35.30046205776319,122.40853311806266,0.23172411800322124
34.10654649036201,35.30346205776319,30.328796412556834,0.1326137727969392
34.10654649036201,35.30646205776319,6.063155425201749,0.06965078906641167
34.10954649036201,35.24646205776319,3.0561452934885955,0.05295612020672092
34.10954649036201,35.24946205776319,21.479418991674407,0.11551957228917031
34.10954649036201,35.25246205776319,72.62961704327978,0.18805810782061405
34.10954649036201,35.25546205776319,210.62595550690014,0.28790639775597665
34.10954649036201,35.25846205776319,587.7275381674173,0.4340272293130614
34.10954649036201,35.26146205776319,1105.6835610530552,0.558854691916114
34.10954649036201,35.26446205776319,1775.1477293171831,0.6753678159356707
34.10954649036201,35.26746205776319,2557.0334185618412,0.7815218451559623
34.10954649036201,35.27046205776319,3297.5776818004833,0.8652160645147204
34.10954649036201,35.27346205776319,3916.6974107646315,0.9268609150796528
34.10954649036201,35.27646205776319,4250.756882270391,0.9577078937238698
34.10954649036201,35.27946205776319,4227.489794910404,0.955607583415566
34.10954649036201,35.28246205776319,3767.084982219295,0.9125333121933763
34.10954649036201,35.28546205776319,3076.008659925502,0.8414757055831008
34.10954649036201,35.28846205776319,2220.201814156667,0.7385902012457581
34.10954649036201,35.29146205776319,1454.956459461365,0.6237155320012739
34.10954649036201,35.29446205776319,803.5021849990073,0.49185986381526015
34.10954649036201,35.29746205776319,369.41383827468377,0.3604556392979804
34.10954649036201,35.30046205776319,158.05535348412832,0.2566671241392217
34.10954649036201,35.30346205776319,48.50840178604469,0.16001966128628559
34.10954649036201,35.30646205776319,12.147142100552013,0.09196788629385806
34.11254649036201,35.24646205776319,6.134336338859698,0.0699767219309793
34.11254649036201,35.24946205776319,38.863880087680094,0.14644178818140013
34.11254649036201,35.25246205776319,114.67504497069626,0.22575331069903765
34.11254649036201,35.25546205776319,305.3724709810167,0.33402464698115975
34.11254649036201,35.25846205776319,709.5503756317817,0.4679935354759127
34.11254649036201,35.26146205776319,1268.715173467534,0.5904623544636962
34.11254649036201,35.26446205776319,1935.6622464747393,0.699162927571011
34.11254649036201,35.26746205776319,2643.1638272899872,0.7919471372429789
34.11254649036201,35.27046205776319,3414.572799944912,0.8773666272628023
34.11254649036201,35.27346205776319,4015.931418221293,0.9361837001851557
34.11254649036201,35.27646205776319,4226.004834581624,0.9554733014671865
34.11254649036201,35.27946205776319,4134.379583076332,0.9471324127482718
34.11254649036201,35.28246205776319,3818.7098394188847,0.9175151086068147
34.11254649036201,35.28546205776319,3116.6937128718328,0.8459100999017651
34.11254649036201,35.28846205776319,2253.343980132975,0.7429807430688908
34.11254649036201,35.29146205776319,1473.7496710837152,0.6269256643406594
34.11254649036201,35.29446205776319,834.6215267646141,0.49939293399736634
34.11254649036201,35.29746205776319,398.34802842401695,0.37149385057130796
34.11254649036201,35.30046205776319,170.16966982068513,0.26436223985262425
34.11254649036201,35.30346205776319,66.81244196634782,0.18188190676387725
34.11254649036201,35.30646205776319,12.142677067393645,0.09195436262055187
34.11554649036201,35.24346205776319,3.0843926566728896,0.05315136527891994
34.11554649036201,35.24646205776319,18.417445398558634,0.10862713285644357
34.11554649036201,35.24946205776319,73.75516102140125,0.18921847002614042
34.11554649036201,35.25246205776319,170.16023883581835,0.2643563792600993
34.11554649036201,35.25546205776319,436.82638403119904,0.3854518238784514
34.11554649036201,35.25846205776319,901.7976249695961,0.5150983933161829
34.11554649036201,35.26146205776319,1426.9747618046658,0.6188894467141933
34.11554649036201,35.26446205776319,2057.952933648935,0.7165074915285898
34.11554649036201,35.26746205776319,2825.4462827356783,0.8133573252025813
34.11554649036201,35.27046205776319,3473.188663466315,0.8833603671265965
34.11554649036201,35.27346205776319,3931.0781860651673,0.9282206652980524
34.11554649036201,35.27646205776319,4161.634483700009,0.9496249876291428
34.11554649036201,35.27946205776319,4061.500551059229,0.94041850637826
34.11554649036201,35.28246205776319,3665.228947580331,0.9025826968538253
34.11554649036201,35.28546205776319,2996.1655039723346,0.8326699276890862
34.11554649036201,35.28846205776319,2248.7215392482435,0.7423707162879819
34.11554649036201,35.29146205776319,1523.0114719503865,0.6352253631963279
34.11554649036201,35.29446205776319,871.4768202281891,0.508099650776041
34.11554649036201,35.29746205776319,429.6535171658004,0.38290753168686426
34.11554649036201,35.30046205776319,192.05781480156924,0.27747212082671946
34.11554649036201,35.30346205776319,63.77284769186039,0.17852575748857477
34.11554649036201,35.30646205776319,18.211393386880093,0.1081393688868629
34.11554649036201,35.30946205776319,3.0827747725088868,0.05314021153845881
34.11854649036201,35.23746205776319,3.0811346105980943,0.053128900628924426
34.11854649036201,35.24046205776319,3.0843926566728896,0.05315136527891994
34.11854649036201,35.24346205776319,6.155750379161823,0.0700743310532297
34.11854649036201,35.24646205776319,30.712486692891133,0.1332823228074293
34.11854649036201,35.24946205776319,111.72968196581857,0.22341585255114066
34.11854649036201,35.25246205776319,248.68366705750105,0.3076843914799552
34.11854649036201,35.25546205776319,609.8521026299644,0.4404903215798037
34.11854649036201,35.25846205776319,1010.7965835568513,0.5391530501775093
34.11854649036201,35.26146205776319,1564.9334948361932,0.6421624616267887
34.11854649036201,35.26446205776319,2246.8759686552416,0.7421269448779926
34.11854649036201,35.26746205776319,2932.236634671487,0.8255172762817922
34.11854649036201,35.27046205776319,3498.601765051856,0.8859401107676177
34.11854649036201,35.27346205776319,3944.8987812328974,0.929524639040967
34.11854649036201,35.27646205776319,4124.952393973248,0.9462679626959959
34.11854649036201,35.27946205776319,3883.64807343286,0.9237245959328391
34.11854649036201,35.28246205776319,3509.7049345966466,0.887063690341747
34.11854649036201,35.28546205776319,2862.4463179515824,0.817601163176048
34.11854649036201,35.28846205776319,2095.038819794945,0.7216446399074855
34.11854649036201,35.29146205776319,1430.9792351351973,0.6195835705384065
34.11854649036201,35.29446205776319,804.0004780034579,0.4919818521563132
34.11854649036201,35.29746205776319,405.28120247965893,0.37406678305050156
34.11854649036201,35.30046205776319,200.13788274824685,0.2820838879123672
34.11854649036201,35.30346205776319,82.25234509207776,0.19765412205798555
34.11854649036201,35.30646205776319,21.316279978534062,0.11516781483023354
34.11854649036201,35.30946205776319,3.0827747725088868,0.05314021153845881
34.12154649036201,35.23746205776319,3.0811346105980943,0.053128900628924426
34.12154649036201,35.24046205776319,6.155750379161823,0.0700743310532297
34.12154649036201,35.24346205776319,12.299513420348024,0.09242761201859442
34.12154649036201,35.24646205776319,51.2646896919328,0.1635964568438093
34.12154649036201,35.24946205776319,165.3145710147694,0.2613190159843629
34.12154649036201,35.25246205776319,377.4281291901102,0.3635634919890786
34.12154649036201,35.25546205776319,695.300345625787,0.46421111879256766
34.12154649036201,35.25846205776319,1198.5966225027394,0.5771859890022935
34.12154649036201,35.26146205776319,1759.644851086825,0.6730023327754009
34.12154649036201,35.26446205776319,2402.1861736309324,0.76223559479674
34.12154649036201,35.26746205776319,3086.4355233910414,0.8426155002892786
34.12154649036201,35.27046205776319,3682.5881749301343,0.904290195329811
34.12154649036201,35.27346205776319,4024.6348705673345,0.9369947437900862
34.12154649036201,35.27646205776319,4047.5071505542537,0.9391211257992231
34.12154649036201,35.27946205776319,3837.593426356889,0.9193272746463418
34.12154649036201,35.28246205776319,3323.3223150665676,0.8679117057576972
34.12154649036201,35.28546205776319,2694.6846755727283,0.7980860898643704
34.12154649036201,35.28846205776319,2000.230143412977,0.708399991789168
34.12154649036201,35.29146205776319,1344.6928364737623,0.6043601173844138
34.12154649036201,35.29446205776319,776.7830549044177,0.48525102073577014
34.12154649036201,35.29746205776319,375.09197545397956,0.3626616804798757
34.12154649036201,35.30046205776319,215.33237154880328,0.2904626463153219
34.12154649036201,35.30346205776319,85.6985814072616,0.20092594221018045
34.12154649036201,35.30646205776319,18.282114884487456,0.1083071514749836
34.12154649036201,35.30946205776319,3.0827747725088868,0.05314021153845881
34.12454649036201,35.23146205776319,3.076094106120282,0.05309411759752385
34.12454649036201,35.23446205776319,3.0923553669061086,0.05320620934500068
34.12454649036201,35.23746205776319,6.150696860170516,0.07005131457638561
34.12454649036201,35.24046205776319,12.292662389548592,0.0924070150976797
34.12454649036201,35.24346205776319,33.813671192394445,0.1385107530564669
34.12454649036201,35.24646205776319,78.97255456851727,0.19446302401604287
34.12454649036201,35.24946205776319,214.76283040544718,0.2901550996551813
34.12454649036201,35.25246205776319,475.47173110439405,0.39874609310694
34.12454649036201,35.25546205776319,877.8498611160982,0.5095826797094664
34.12454649036201,35.25846205776319,1356.6351781920253,0.6065013754289861
34.12454649036201,35.26146205776319,1895.7558894474396,0.6933611851851027
34.12454649036201,35.26446205776319,2595.2136936842544,0.786168810224166
34.12454649036201,35.26746205776319,3176.321944923982,0.8523468616370867
34.12454649036201,35.27046205776319,3635.8619435019586,0.8996829995559623
34.12454649036201,35.27346205776319,3948.604620236126,0.9298738189375434
34.12454649036201,35.27646205776319,3977.273963248475,0.9325685457894749
34.12454649036201,35.27946205776319,3642.695935374255,0.9003590387329901
34.12454649036201,35.28246205776319,3100.9832075846207,0.844201901721391
34.12454649036201,35.28546205776319,2510.812992641541,0.7758402510326846
34.12454649036201,35.28846205776319,1886.6259156177352,0.6920235574435052
34.12454649036201,35.29146205776319,1171.3340335405107,0.571898378489356
34.12454649036201,35.29446205776319,713.6528616591804,0.4690740039095035
34.12454649036201,35.29746205776319,381.88699100060086,0.3652754682146315
34.12454649036201,35.30046205776319,189.77776903242568,0.2761497759020378
34.12454649036201,35.30346205776319,82.62739778829297,0.1980141339275309
34.12454649036201,35.30646205776319,21.420803081714375,0.11539337080393862
34.12454649036201,35.30946205776319,6.120414651286456,0.06991315462189786
34.12754649036201,35.22846205776319,3.076094106120282,0.05309411759752385
34.12754649036201,35.23146205776319,3.0923553669061086,0.05320620934500068
34.12754649036201,35.23446205776319,6.137119780952365,0.06998942091813659
34.12754649036201,35.23746205776319,9.259703529761218,0.08250597353754452
34.12754649036201,35.24046205776319,27.652590955758747,0.127802954020657
34.12754649036201,35.24346205776319,67.64612333667938,0.1827863352518648
34.12754649036201,35.24646205776319,155.99437993675087,0.2553231190848862
34.12754649036201,35.24946205776319,316.6843813428352,0.3389200160357288
34.12754649036201,35.25246205776319,575.0527928711062,0.43025868661303807
34.12754649036201,35.25546205776319,1007.4167481905489,0.538431211667964
34.12754649036201,35.25846205776319,1545.320492596747,0.6389310381426121
34.12754649036201,35.26146205776319,2161.2515605466106,0.7306824701994798
34.12754649036201,35.26446205776319,2743.261719789037,0.8038100977908188
34.12754649036201,35.26746205776319,3190.423899161173,0.8538585201108847
34.12754649036201,35.27046205776319,3690.50479506242,0.9050672912154385
34.12754649036201,35.27346205776319,3870.765099365726,0.9224976893094782
34.12754649036201,35.27646205776319,3749.20114448685,0.9107979757771654
34.12754649036201,35.27946205776319,3465.0958005400457,0.8825364651073905
34.12754649036201,35.28246205776319,2988.966685809113,0.8318690953447822
34.12754649036201,35.28546205776319,2315.2475235782763,0.7510788483824977
34.12754649036201,35.28846205776319,1634.4121025030825,0.653418141663754
34.12754649036201,35.29146205776319,1112.6285719043292,0.560256164370058
34.12754649036201,35.29446205776319,635.1000302638737,0.4476962057604502
34.12754649036201,35.29746205776319,344.9495250106681,0.3507105099788895
34.12754649036201,35.30046205776319,161.25268469582088,0.2587315212038721
34.12754649036201,35.30346205776319,67.68560479542748,0.1828290008628157
34.12754649036201,35.30646205776319,21.529693476394005,0.11562764996175799
34.12754649036201,35.30946205776319,12.337396738469199,0.09254138024310443
34.12754649036201,35.31246205776319,9.253818270130202,0.08248499395908375
34.13054649036201,35.22546205776319,3.0642377552271958,0.05301216537314347
34.13054649036201,35.22846205776319,3.076094106120282,0.05309411759752385
34.13054649036201,35.23146205776319,9.211866096237344,0.08233521178392368
34.13054649036201,35.23446205776319,18.396219782173752,0.10857703957887609
34.13054649036201,35.23746205776319,45.85783736322859,0.1564631207495446
34.13054649036201,35.24046205776319,82.82296985213108,0.1982014740600439
34.13054649036201,35.24346205776319,151.3933625239118,0.25228375961146904
34.13054649036201,35.24646205776319,254.59518424599045,0.3105894031727395
34.13054649036201,35.24946205776319,480.24641000987657,0.400342974117416
34.13054649036201,35.25246205776319,759.7257805530774,0.4809603843572948
34.13054649036201,35.25546205776319,1193.4843060590179,0.5761999886424937
34.13054649036201,35.25846205776319,1738.6030314644038,0.6697716076548534
34.13054649036201,35.26146205776319,2246.93236795299,0.7421343961345698
34.13054649036201,35.26446205776319,2831.5272303643233,0.8140570792277599
34.13054649036201,35.26746205776319,3364.3803205376394,0.8721849610966677
34.13054649036201,35.27046205776319,3681.516093554092,0.9041848827274339
34.13054649036201,35.27346205776319,3790.2253842020164,0.9147713929060883
34.13054649036201,35.27646205776319,3661.9254066094923,0.9022572028022213
34.13054649036201,35.27946205776319,3309.1874531461694,0.8664332453595307
34.13054649036201,35.28246205776319,2733.6459903990985,0.8026818987080226
34.13054649036201,35.28546205776319,2124.807854070025,0.7257289127869075
34.13054649036201,35.28846205776319,1492.976257532295,0.6301845055255756
34.13054649036201,35.29146205776319,961.0894906535286,0.5283869606458008
34.13054649036201,35.29446205776319,553.7358292868446,0.4238064972700425
34.13054649036201,35.29746205776319,318.28029227004004,0.33960217234151546
34.13054649036201,35.30046205776319,153.85097071506925,0.25391400557409866
34.13054649036201,35.30346205776319,77.07688913693679,0.1925822389850996
34.13054649036201,35.30646205776319,40.07146261536938,0.14824519926599478
34.13054649036201,35.30946205776319,24.683037576748788,0.12212540082455058
34.13054649036201,35.31246205776319,15.429497430846979,0.10120157524964961
34.13054649036201,35.31546205776319,12.344234604465875,0.09256189284839475
34.13054649036201,35.31846205776319,3.0774813244480845,0.05310369378971244
34.13354649036201,35.22546205776319,3.0642377552271958,0.05301216537314347
34.13354649036201,35.22846205776319,12.286127555415469,0.09238736237055857
34.13354649036201,35.23146205776319,24.522441599419125,0.12180694303761387
34.13354649036201,35.23446205776319,42.874527407758016,0.15230925672681606
34.13354649036201,35.23746205776319,94.99204159570732,0.20937337275496287
34.13354649036201,35.24046205776319,168.6159817524687,0.26339410727153095
34.13354649036201,35.24346205776319,252.5859311462979,0.3096066092959848
34.13354649036201,35.24646205776319,386.5834505401166,0.36706575014872095
34.13354649036201,35.24946205776319,624.8999745653343,0.44480612939669545
34.13354649036201,35.25246205776319,992.0842757244329,0.5351382410929657
34.13354649036201,35.25546205776319,1402.165246601252,0.6145627594371053
34.13354649036201,35.25846205776319,1895.136623001969,0.6932705791309915
34.13354649036201,35.26146205776319,2515.596186205453,0.7764311154870673
34.13354649036201,35.26446205776319,3012.729430177922,0.834508207416641
34.13354649036201,35.26746205776319,3378.590804266217,0.8736566734640342
34.13354649036201,35.27046205776319,3729.736316610604,0.9089035759454581
34.13354649036201,35.27346205776319,3749.5137589813344,0.9108283525444583
34.13354649036201,35.27646205776319,3532.9004903162977,0.8894040902399365
34.13354649036201,35.27946205776319,3065.659722095949,0.8403421346363306
34.13354649036201,35.28246205776319,2591.9730093077483,0.7857759824522915
34.13354649036201,35.28546205776319,2017.8835541155595,0.7108942486907
34.13354649036201,35.28846205776319,1351.1385214921002,0.6055172373651713
34.13354649036201,35.29146205776319,845.0790308328169,0.5018864729957762
34.13354649036201,35.29446205776319,523.2952360661623,0.4143289437035395
34.13354649036201,35.29746205776319,305.3780023495194,0.3340270671120452
34.13354649036201,35.30046205776319,156.5988009178539,0.25571837341870146
34.13354649036201,35.30346205776319,108.0635140864517,0.220454107402257
34.13354649036201,35.30646205776319,86.39061374714404,0.20157338276717462
34.13354649036201,35.30946205776319,55.53260094022572,0.1689140465957783
34.13354649036201,35.31246205776319,27.77805063245024,0.12803457565720577
34.13354649036201,35.31546205776319,15.428178025126144,0.10119811358504222
34.13354649036201,35.31846205776319,12.337103905825131,0.0925405016353851
34.13354649036201,35.32146205776319,6.171599356989083,0.07014644248048037
34.13654649036201,35.22546205776319,9.184807988761065,0.08223838878540325
34.13654649036201,35.22846205776319,18.339465603326367,0.10844292695137403
34.13654649036201,35.23146205776319,48.96498563946048,0.16062044062346814
34.13654649036201,35.23446205776319,88.4919787176358,0.2035204821585472
34.13654649036201,35.23746205776319,169.56070575103382,0.2639834173107967
34.13654649036201,35.24046205776319,276.18787123426125,0.3208694733244494
34.13654649036201,35.24346205776319,417.32423669276056,0.3784739592881539
34.13654649036201,35.24646205776319,572.3459183985609,0.4294474184415527
34.13654649036201,35.24946205776319,825.3897217786575,0.49717603094437085
34.13654649036201,35.25246205776319,1191.6995838780847,0.5758551768670079
34.13654649036201,35.25546205776319,1609.4950516910444,0.6494151541311115
34.13654649036201,35.25846205776319,2200.753671592276,0.7359954583113801
34.13654649036201,35.26146205776319,2652.1304276642695,0.793020677917419
34.13654649036201,35.26446205776319,3037.2452613264295,0.837217900962389
34.13654649036201,35.26746205776319,3522.590783815973,0.8883649967023062
34.13654649036201,35.27046205776319,3687.6753609171055,0.9047896687566053
34.13654649036201,35.27346205776319,3561.716976069668,0.8922988286352411
34.13654649036201,35.27646205776319,3326.403002773717,0.8682334346146079
34.13654649036201,35.27946205776319,2902.913881448892,0.8222052039597086
34.13654649036201,35.28246205776319,2331.115828371533,0.7531337356052099
34.13654649036201,35.28546205776319,1755.2068377803635,0.6723228646986037
34.13654649036201,35.28846205776319,1227.5575867944247,0.5827245434324806
34.13654649036201,35.29146205776319,759.8157117874666,0.48098315669239206
34.13654649036201,35.29446205776319,462.52426639999743,0.39436682096752834
34.13654649036201,35.29746205776319,313.7416705204249,0.3376567548322695
34.13654649036201,35.30046205776319,218.39926853423245,0.2921104085666743
34.13654649036201,35.30346205776319,196.73093395455373,0.28015322217025396
34.13654649036201,35.30646205776319,132.73174518540964,0.23935168115330396
34.13654649036201,35.30946205776319,95.64907883026248,0.20995144937814078
34.13654649036201,35.31246205776319,61.6873286602083,0.1761671570594215
34.13654649036201,35.31546205776319,27.85050446781987,0.1281680529467588
34.13654649036201,35.31846205776319,18.58481382303705,0.10902092092559416
34.13654649036201,35.32146205776319,12.387160124222788,0.09269050771019459
34.13654649036201,35.32446205776319,6.197417988905448,0.07026367739166617
34.13954649036201,35.22546205776319,6.131766237938753,0.06996499320677783
34.13954649036201,35.22846205776319,36.59635927270274,0.1429623614942479
34.13954649036201,35.23146205776319,79.22873534259865,0.19471510799936284
34.13954649036201,35.23446205776319,129.60704931505546,0.23708168746269795
34.13954649036201,35.23746205776319,251.45020507562285,0.3090490109294957
34.13954649036201,35.24046205776319,421.8753387262424,0.38011955827679617
34.13954649036201,35.24346205776319,645.6967995029968,0.4506693408077048
34.13954649036201,35.24646205776319,841.1700928647358,0.5009565849623971
34.13954649036201,35.24946205776319,1090.2928461599777,0.5557299787770165
34.13954649036201,35.25246205776319,1445.5422589035463,0.6220981033925429
34.13954649036201,35.25546205776319,1911.7649194958278,0.6956973604748447
34.13954649036201,35.25846205776319,2356.4859448177995,0.7564017098050101
34.13954649036201,35.26146205776319,2848.3122080003695,0.8159839131675983
34.13954649036201,35.26446205776319,3190.350679629985,0.8538506817103506
34.13954649036201,35.26746205776319,3523.500275932406,0.8884567358156311
34.13954649036201,35.27046205776319,3634.8498240541285,0.8995828128348468
34.13954649036201,35.27346205776319,3538.2672696238965,0.8899442766340794
34.13954649036201,35.27646205776319,3168.9132376642656,0.8515510716974548
34.13954649036201,35.27946205776319,2707.503216155791,0.7996025175748486
34.13954649036201,35.28246205776319,2232.0000113864057,0.7401576587774461
34.13954649036201,35.28546205776319,1642.383585858861,0.6546910422480985
34.13954649036201,35.28846205776319,1081.3489606993842,0.5539019667856925
34.13954649036201,35.29146205776319,684.2532632184757,0.4612467416923271
34.13954649036201,35.29446205776319,516.8700802359465,0.4122865030578309
34.13954649036201,35.29746205776319,395.96320397347006,0.3706026259648081
34.13954649036201,35.30046205776319,316.4813927095919,0.33883310282034657
34.13954649036201,35.30346205776319,270.8629624672254,0.3183804630242231
34.13954649036201,35.30646205776319,193.53493496400557,0.278323776569866
34.13954649036201,35.30946205776319,141.98028942044493,0.24588825404866324
34.13954649036201,35.31246205776319,86.37939406235162,0.20156291089834508
34.13954649036201,35.31546205776319,55.69723984977059,0.1691141822166945
34.13954649036201,35.31846205776319,27.864000079137753,0.12819289206365245
34.13954649036201,35.32146205776319,18.58428593943962,0.10901968226166377
34.13954649036201,35.32446205776319,9.28546818034704,0.08259772445696838
34.13954649036201,35.32746205776319,6.197417988905448,0.07026367739166617
34.14254649036201,35.22246205776319,3.049334279511581,0.052908880788812056
34.14254649036201,35.22546205776319,15.289757435680468,0.10083395425598027
34.14254649036201,35.22846205776319,53.81486231564203,0.16680438133259803
34.14254649036201,35.23146205776319,105.6253854074747,0.21845092248762993
34.14254649036201,35.23446205776319,196.20290749243748,0.2798522067791254
34.14254649036201,35.23746205776319,376.4889232519,0.36320133960644335
34.14254649036201,35.24046205776319,598.8217451788075,0.43728601215109947
34.14254649036201,35.24346205776319,891.1703025281067,0.512661663735952
34.14254649036201,35.24646205776319,1154.5517518402226,0.5686066338056671
34.14254649036201,35.24946205776319,1414.7394717653717,0.6167613475333696
34.14254649036201,35.25246205776319,1761.4121103275957,0.6732726171860004
34.14254649036201,35.25546205776319,2152.6487646511987,0.7295176942869751
34.14254649036201,35.25846205776319,2667.078385375333,0.7948055156337362
34.14254649036201,35.26146205776319,2942.9686776828466,0.8267245155593388
34.14254649036201,35.26446205776319,3332.7592965795966,0.8688966839383544
34.14254649036201,35.26746205776319,3547.0251776453715,0.890824738126771
34.14254649036201,35.27046205776319,3441.0694888751495,0.8800836189197246
34.14254649036201,35.27346205776319,3338.222937659348,0.8694661828349667
34.14254649036201,35.27646205776319,3008.3586783218266,0.8340237275355146
34.14254649036201,35.27946205776319,2502.9483071457034,0.7748672621279281
34.14254649036201,35.28246205776319,1958.4379495027115,0.702442025934742
34.14254649036201,35.28546205776319,1422.779176144536,0.6181609411475837
34.14254649036201,35.28846205776319,947.4129096137607,0.5253663827880904
34.14254649036201,35.29146205776319,799.1668057104755,0.49079658819607774
34.14254649036201,35.29446205776319,663.1540926376388,0.4555041541514582
34.14254649036201,35.29746205776319,572.0720876707596,0.42936522144963224
34.14254649036201,35.30046205776319,457.79210756058006,0.39274790833978285
34.14254649036201,35.30346205776319,369.6983703853935,0.3605666665572588
34.14254649036201,35.30646205776319,242.93341236413056,0.3048185975409014
34.14254649036201,35.30946205776319,188.12136424810978,0.27518313131613226
34.14254649036201,35.31246205776319,133.1952163841762,0.23968563779762153
34.14254649036201,35.31546205776319,92.90070548791584,0.20751723166800787
34.14254649036201,35.31846205776319,58.80557759565053,0.17282794593529555
34.14254649036201,35.32146205776319,24.770806197774757,0.12229891861605179
34.14254649036201,35.32446205776319,12.470482467919485,0.0929393996563196
34.14254649036201,35.32746205776319,6.228106347328921,0.0704026437882097
34.14554649036201,35.22246205776319,6.105679451804719,0.06984577818672524
34.14554649036201,35.22546205776319,21.3674136489077,0.11527824161313552
34.14554649036201,35.22846205776319,62.94641026806262,0.17759672284888894
34.14554649036201,35.23146205776319,117.76332127975658,0.22816581600823468
34.14554649036201,35.23446205776319,258.0986389151441,0.3122919906915186
34.14554649036201,35.23746205776319,498.5324614452875,0.4063721505302094
34.14554649036201,35.24046205776319,767.6809455566098,0.482968565140413
34.14554649036201,35.24346205776319,1048.8538288674006,0.5471829387390819
34.14554649036201,35.24646205776319,1502.1025915208445,0.6317225772787656
34.14554649036201,35.24946205776319,1776.3483238206873,0.675550488828335
34.14554649036201,35.25246205776319,2045.1446506219283,0.7147203907898494
34.14554649036201,35.25546205776319,2479.677743260311,0.7719775272794992
34.14554649036201,35.25846205776319,2829.2412201229754,0.8137941266106083
34.14554649036201,35.26146205776319,3177.9020003419055,0.8525164356753693
34.14554649036201,35.26446205776319,3356.9002162395723,0.8714087835504389
34.14554649036201,35.26746205776319,3489.2417139688077,0.8849912620138666
34.14554649036201,35.27046205776319,3439.608918999502,0.879934178480539
34.14554649036201,35.27346205776319,3132.852174701981,0.8476616233412012
34.14554649036201,35.27646205776319,2760.423432279563,0.8058177741166649
34.14554649036201,35.27946205776319,2320.7422215972238,0.751791345310058
34.14554649036201,35.28246205776319,1803.257656421793,0.6796255137362603
34.14554649036201,35.28546205776319,1286.3719637747236,0.5937357327513645
34.14554649036201,35.28846205776319,1085.7280254899406,0.554798118623252
34.14554649036201,35.29146205776319,952.7710264599895,0.5265528613524603
34.14554649036201,35.29446205776319,862.3108606685317,0.5059552454347264
34.14554649036201,35.29746205776319,734.8533182867328,0.47459900590433746
34.14554649036201,35.30046205776319,593.3698901058611,0.4356891675200952
34.14554649036201,35.30346205776319,442.9179301858894,0.3875929464935861
34.14554649036201,35.30646205776319,321.82989213893234,0.34111208992728514
34.14554649036201,35.30946205776319,253.26250566719963,0.30993806695956133
34.14554649036201,35.31246205776319,198.35174552346237,0.2810741921036756
34.14554649036201,35.31546205776319,136.2749711075097,0.24188726266133714
34.14554649036201,35.31846205776319,86.66773245477036,0.20183177237497735
34.14554649036201,35.32146205776319,37.15706175335994,0.14383451261048175
34.14554649036201,35.32446205776319,15.599959601406693,0.10164732402088697
34.14554649036201,35.32746205776319,12.48253904960298,0.09297533111708768
34.14554649036201,35.33046205776319,6.2461281650818465,0.0704840607599533
34.14854649036201,35.21946205776319,3.049334279511581,0.052908880788812056
34.14854649036201,35.22246205776319,6.105679451804719,0.06984577818672524
34.14854649036201,35.22546205776319,21.361906870022263,0.11526635695765261
34.14854649036201,35.22846205776319,51.71854935687297,0.1641742701763327
34.14854649036201,35.23146205776319,129.90810614160398,0.23730181556358257
34.14854649036201,35.23446205776319,283.3978069238027,0.3241941354943658
34.14854649036201,35.23746205776319,577.5653956726965,0.43100968229140374
34.14854649036201,35.24046205776319,918.8883472512784,0.5189812383821816
34.14854649036201,35.24346205776319,1270.868310776603,0.5908629801851817
34.14854649036201,35.24646205776319,1748.0978003848886,0.6712323063882909
34.14854649036201,35.24946205776319,2154.9256773614443,0.7298262483538913
34.14854649036201,35.25246205776319,2433.894996352989,0.7662443681730343
34.14854649036201,35.25546205776319,2733.2036515087266,0.8026299425060885
34.14854649036201,35.25846205776319,3025.304543730615,0.8358997593995369
34.14854649036201,35.26146205776319,3214.744489136957,0.8564561742431613
34.14854649036201,35.26446205776319,3424.191108676783,0.8783543540522655
34.14854649036201,35.26746205776319,3320.961964921187,0.8676650836145593
34.14854649036201,35.27046205776319,3194.7821414017308,0.8543248905314298
34.14854649036201,35.27346205776319,2903.620028725132,0.822285200215133
34.14854649036201,35.27646205776319,2457.7295802193103,0.7692370593394581
34.14854649036201,35.27946205776319,1993.6813108980164,0.7074713471411521
34.14854649036201,35.28246205776319,1649.260365861188,0.6557861636632475
34.14854649036201,35.28546205776319,1441.3880840985835,0.6213823759368953
34.14854649036201,35.28846205776319,1276.725431317044,0.5919507348997685
34.14854649036201,35.29146205776319,1130.6281439246477,0.5638641418314403
34.14854649036201,35.29446205776319,1004.4416572374175,0.5377946118629322
34.14854649036201,35.29746205776319,852.582104758858,0.5036641568501016
34.14854649036201,35.30046205776319,691.334455799088,0.463150184456224
34.14854649036201,35.30346205776319,541.3223575686326,0.41998032587895695
34.14854649036201,35.30646205776319,452.373673409067,0.39088183585352865
34.14854649036201,35.30946205776319,346.4008433736609,0.35129998937022683
34.14854649036201,35.31246205776319,251.09473680011723,0.3088741791059313
34.14854649036201,35.31546205776319,167.29421047038574,0.2625662641818544
34.14854649036201,35.31846205776319,114.5571592538713,0.22566045247403047
34.14854649036201,35.32146205776319,49.90419297676134,0.1618457781689277
34.14854649036201,35.32446205776319,24.76014526786062,0.12227786175466854
34.14854649036201,35.32746205776319,12.48253904960298,0.09297533111708768
34.14854649036201,35.33046205776319,9.357583480816128,0.08285372613048611
34.14854649036201,35.33346205776319,3.1166510315946385,0.0533730266626824
34.15154649036201,35.22246205776319,6.105679451804719,0.06984577818672524
34.15154649036201,35.22546205776319,12.201901063668146,0.09213349797920316
34.15154649036201,35.22846205776319,66.8494964589529,0.18192224907478827
34.15154649036201,35.23146205776319,153.69613114255475,0.2538117564616173
34.15154649036201,35.23446205776319,337.8655294903267,0.3478116418878566
34.15154649036201,35.23746205776319,650.9199446080258,0.4521240319436236
34.15154649036201,35.24046205776319,1064.4856971727022,0.5504305023992334
34.15154649036201,35.24346205776319,1533.7309194618997,0.6370099698249931
34.15154649036201,35.24646205776319,2041.4370143518227,0.7142018229028432
34.15154649036201,35.24946205776319,2439.9211626972783,0.7670026738107889
34.15154649036201,35.25246205776319,2701.8386681919505,0.7989329364150776
34.15154649036201,35.25546205776319,2927.059803925423,0.8249339906385059
34.15154649036201,35.25846205776319,3126.586879099676,0.8469831310217347
34.15154649036201,35.26146205776319,3323.2181856857424,0.8679008279734207
34.15154649036201,35.26446205776319,3295.86598581715,0.8650363911067941
34.15154649036201,35.26746205776319,3261.8707301349937,0.8614563143123676
34.15154649036201,35.27046205776319,2965.0501568000955,0.8292001616414295
34.15154649036201,35.27346205776319,2624.8374635842424,0.7897461670162166
34.15154649036201,35.27646205776319,2298.9223601038725,0.7489559617145891
34.15154649036201,35.27946205776319,1940.7049814385346,0.6998909350850241
34.15154649036201,35.28246205776319,1776.8955904996258,0.6756337319857316
34.15154649036201,35.28546205776319,1622.2995004037641,0.6514768294797258
34.15154649036201,35.28846205776319,1545.9712147363505,0.6390386440569028
34.15154649036201,35.29146205776319,1380.0713101154192,0.6106708242374107
34.15154649036201,35.29446205776319,1165.1086239488234,0.5706806235582886
34.15154649036201,35.29746205776319,968.61990613089,0.5300391103561374
34.15154649036201,35.30046205776319,821.4341495158906,0.49622159677122574
34.15154649036201,35.30346205776319,693.2337850136608,0.46365873755965004
34.15154649036201,35.30646205776319,556.3408386066108,0.4246028810908825
34.15154649036201,35.30946205776319,448.85002931129895,0.38966111016289295
34.15154649036201,35.31246205776319,300.6932914934405,0.33196787311617754
34.15154649036201,35.31546205776319,192.03432348768226,0.2774585448649463
34.15154649036201,35.31846205776319,126.9557027209934,0.23512967623655964
34.15154649036201,35.32146205776319,96.71447140139341,0.21088376438430265
34.15154649036201,35.32446205776319,37.44865524943795,0.14428495595910618
34.15154649036201,35.32746205776319,18.721815237718385,0.10934167998591349
34.15154649036201,35.33046205776319,9.365768617818834,0.08288270759666465
34.15154649036201,35.33346205776319,3.1166510315946385,0.0533730266626824
34.15454649036201,35.22246205776319,6.098534584976946,0.06981307328699624
34.15454649036201,35.22546205776319,24.265746557496257,0.12129531405417629
34.15454649036201,35.22846205776319,54.83395248768809,0.16806078235196692
34.15454649036201,35.23146205776319,157.9916564135081,0.25662574389968484
34.15454649036201,35.23446205776319,385.6774676709838,0.36672141116263496
34.15454649036201,35.23746205776319,696.5928509989195,0.4645560983962762
34.15454649036201,35.24046205776319,1124.259776759814,0.5625915819671625
34.15454649036201,35.24346205776319,1642.8104512508303,0.6547591002007978
34.15454649036201,35.24646205776319,2132.773860126169,0.7268160081152257
34.15454649036201,35.24946205776319,2606.457822525691,0.7875295182087775
34.15454649036201,35.25246205776319,2851.297705144131,0.8163259195007906
34.15454649036201,35.25546205776319,3036.4004648187265,0.8371247457872529
34.15454649036201,35.25846205776319,3166.417992525532,0.8512827991813982
34.15454649036201,35.26146205776319,3287.1577157869697,0.8641214327948772
34.15454649036201,35.26446205776319,3211.0503744289636,0.8560623714114832
34.15454649036201,35.26746205776319,3002.4881463151096,0.8333723381475393
34.15454649036201,35.27046205776319,2743.9581641994346,0.8038917183543948
34.15454649036201,35.27346205776319,2306.3919701860195,0.7499284113038079
34.15454649036201,35.27646205776319,2223.7908164765963,0.7390675483973703
34.15454649036201,35.27946205776319,2015.405666644595,0.7105449390792578
34.15454649036201,35.28246205776319,1830.9999990689662,0.6837886660596181
34.15454649036201,35.28546205776319,1832.262917033975,0.6839772821961091
34.15454649036201,35.28846205776319,1692.0340385802892,0.6625370941070375
34.15454649036201,35.29146205776319,1517.1465139382722,0.6342457558727473
34.15454649036201,35.29446205776319,1209.6781890457198,0.579314635541565
34.15454649036201,35.29746205776319,1098.1201069695553,0.5573223989735041
34.15454649036201,35.30046205776319,967.083561616139,0.5297026685852914
34.15454649036201,35.30346205776319,817.1853068492919,0.49519332289724405
34.15454649036201,35.30646205776319,665.3578248544762,0.45610902727560654
34.15454649036201,35.30946205776319,469.5884686920392,0.39676516014944535
34.15454649036201,35.31246205776319,306.43384214029595,0.3344885462287305
34.15454649036201,35.31546205776319,235.39793887525937,0.30100078118538914
34.15454649036201,35.31846205776319,171.68283794784736,0.2653000389995621
34.15454649036201,35.32146205776319,131.0646172619081,0.23814460417068872
34.15454649036201,35.32446205776319,53.047122654368636,0.16584840273295262
34.15454649036201,35.32746205776319,25.22956004564211,0.12319992155474221
34.15454649036201,35.33046205776319,9.481782683810872,0.08329185977660027
34.15454649036201,35.33346205776319,3.153905960478203,0.05362731536700922
34.15754649036201,35.21946205776319,3.0713283359335826,0.05306119895998338
34.15754649036201,35.22246205776319,9.082531053705505,0.08187085331493751
34.15754649036201,35.22546205776319,30.296950615487557,0.1325580564762015
34.15754649036201,35.22846205776319,76.09701822314395,0.19159916685408115
34.15754649036201,35.23146205776319,178.7665306575763,0.2696255506713153
34.15754649036201,35.23446205776319,376.2540534656538,0.36311069046793093
34.15754649036201,35.23746205776319,730.3940304021662,0.47344490405542883
34.15754649036201,35.24046205776319,1154.5450404073304,0.5686053116745755
34.15754649036201,35.24346205776319,1720.1612181360251,0.6669207366336752
34.15754649036201,35.24646205776319,2243.1596420655683,0.7416357106744924
34.15754649036201,35.24946205776319,2680.3925677650077,0.796390227906575
34.15754649036201,35.25246205776319,2962.973158667388,0.828967773093729
34.15754649036201,35.25546205776319,3081.9432693178533,0.8421247209451834
34.15754649036201,35.25846205776319,3221.438103369087,0.8571690408803261
34.15754649036201,35.26146205776319,3088.524009990885,0.8428435217800039
34.15754649036201,35.26446205776319,3020.9931725180195,0.8354230581554648
34.15754649036201,35.26746205776319,2705.2952385309786,0.7993416223593078
34.15754649036201,35.27046205776319,2376.9648664962083,0.7590242745200758
34.15754649036201,35.27346205776319,2339.3133323433062,0.7541919954696098
34.15754649036201,35.27646205776319,2213.405249362948,0.737684969337874
34.15754649036201,35.27946205776319,2118.7822947505056,0.7249049985716568
34.15754649036201,35.28246205776319,2060.962276253108,0.7169264071047875
34.15754649036201,35.28546205776319,1968.4795309581016,0.7038804801852508
34.15754649036201,35.28846205776319,1763.0754099886215,0.6735268534379084
34.15754649036201,35.29146205776319,1563.0395161641416,0.6418514748949359
34.15754649036201,35.29446205776319,1421.5897671011173,0.6179541822344079
34.15754649036201,35.29746205776319,1296.6446912202969,0.5956277935595796
34.15754649036201,35.30046205776319,1063.0834153951837,0.5501403476631986
34.15754649036201,35.30346205776319,934.9099331878693,0.5225820280862333
34.15754649036201,35.30646205776319,684.2394202705989,0.46124300912504573
34.15754649036201,35.30946205776319,514.8261705171258,0.4116335899024486
34.15754649036201,35.31246205776319,396.21549242945133,0.3706970598895395
34.15754649036201,35.31546205776319,308.35038357403437,0.3353237833880713
34.15754649036201,35.31846205776319,209.21198449725236,0.2871317275858442
34.15754649036201,35.32146205776319,146.6573023381203,0.24909673621429515
34.15754649036201,35.32446205776319,68.61249015150239,0.18382637915584038
34.15754649036201,35.32746205776319,34.70552680675885,0.1399606712866087
34.15754649036201,35.33046205776319,18.943426305788254,0.10985756622956873
34.15754649036201,35.33346205776319,6.320887178923733,0.07082030223706816
34.16054649036201,35.21946205776319,6.128806818433228,0.06995148416255544
34.16054649036201,35.22246205776319,12.100458793082773,0.09182634434877432
34.16054649036201,35.22546205776319,33.44402737928951,0.13790308712555488
34.16054649036201,35.22846205776319,70.42747521369228,0.18575623849035716
34.16054649036201,35.23146205776319,166.4646027101249,0.2620446635139849
34.16054649036201,35.23446205776319,409.3282282086151,0.37555646161788386
34.16054649036201,35.23746205776319,728.7454225763474,0.4730171600669314
34.16054649036201,35.24046205776319,1153.4990926850612,0.5683992068886687
34.16054649036201,35.24346205776319,1702.369705480543,0.6641529610599857
34.16054649036201,35.24646205776319,2196.8792418958155,0.735476895935844
34.16054649036201,35.24946205776319,2648.9198016039045,0.7926365311796185
34.16054649036201,35.25246205776319,2903.846497220166,0.8223108533423051
34.16054649036201,35.25546205776319,3027.584039371689,0.8361516347786196
34.16054649036201,35.25846205776319,2977.1306896080637,0.8305498807807865
34.16054649036201,35.26146205776319,2911.491461449819,0.8231761303258457
34.16054649036201,35.26446205776319,2633.696948298913,0.7908113258594388
34.16054649036201,35.26746205776319,2492.3473571675604,0.7735528458521016
34.16054649036201,35.27046205776319,2481.2512932934987,0.7721734421059092
34.16054649036201,35.27346205776319,2420.912269982564,0.7646068438713582
34.16054649036201,35.27646205776319,2219.151126116202,0.7384503692560129
34.16054649036201,35.27946205776319,2266.3205698905267,0.7446892705763698
34.16054649036201,35.28246205776319,2155.1340858846643,0.7298544809002657
34.16054649036201,35.28546205776319,1968.5384579618956,0.7038889084558195
34.16054649036201,35.28846205776319,1787.481965026798,0.6772409774038688
34.16054649036201,35.29146205776319,1749.4001648540338,0.6714322937797929
34.16054649036201,35.29446205776319,1583.9219498355314,0.6452679154179004
34.16054649036201,35.29746205776319,1400.1484477962626,0.6142090251879817
34.16054649036201,35.30046205776319,1160.1975632365031,0.5697172115087323
34.16054649036201,35.30346205776319,912.4362603410602,0.5175205202451566
34.16054649036201,35.30646205776319,761.0524912389906,0.4812961693558391
34.16054649036201,35.30946205776319,622.7023461224858,0.444179755966031
34.16054649036201,35.31246205776319,475.6957340868243,0.3988212249705711
34.16054649036201,35.31546205776319,354.28207190671003,0.3544755056589507
34.16054649036201,35.31846205776319,237.32152508192124,0.3019822471941824
34.16054649036201,35.32146205776319,134.20942841366613,0.24041400928732773
34.16054649036201,35.32446205776319,63.158713698512834,0.17783607763590922
34.16054649036201,35.32746205776319,40.491641712692925,0.14886503865012188
34.16054649036201,35.33046205776319,25.257769628357135,0.12325500381998
34.16054649036201,35.33346205776319,6.320887178923733,0.07082030223706816
34.16054649036201,35.33646205776319,3.101744870821226,0.053270771856858926
34.16354649036201,35.21646205776319,3.0574784824996453,0.05296535946381527
34.16354649036201,35.21946205776319,9.121984332820688,0.08201292270208987
34.16354649036201,35.22246205776319,18.3533035570088,0.10847564957660055
34.16354649036201,35.22546205776319,45.60217625942627,0.15611361767974472
34.16354649036201,35.22846205776319,87.73549876585092,0.20282276552367487
34.16354649036201,35.23146205776319,192.72092852971193,0.2778549333451798
34.16354649036201,35.23446205776319,394.75504869986264,0.37014990103836964
34.16354649036201,35.23746205776319,728.1084544543783,0.47285173829675464
34.16354649036201,35.24046205776319,1118.9115925491842,0.5615195349577002
34.16354649036201,35.24346205776319,1643.9308951558505,0.6549376894694379
34.16354649036201,35.24646205776319,2125.72643498832,0.7258543931762358
34.16354649036201,35.24946205776319,2480.441171820527,0.7720725872555877
34.16354649036201,35.25246205776319,2734.1080036077765,0.8027361604287268
34.16354649036201,35.25546205776319,2745.3656248857087,0.8040566293134502
34.16354649036201,35.25846205776319,2710.4592796484912,0.7999516070305341
34.16354649036201,35.26146205776319,2608.9172935833985,0.7878266813568477
34.16354649036201,35.26446205776319,2444.0532109836804,0.7675219829442166
34.16354649036201,35.26746205776319,2462.0002066280867,0.7697714408616783
34.16354649036201,35.27046205776319,2528.5274503770124,0.7780251383858421
34.16354649036201,35.27346205776319,2340.7716820836636,0.754380028436738
34.16354649036201,35.27646205776319,2305.7008160679093,0.7498385111097582
34.16354649036201,35.27946205776319,2278.996676128955,0.7463525776690649
34.16354649036201,35.28246205776319,2156.673033273609,0.7300629073043883
34.16354649036201,35.28546205776319,1986.1433272881459,0.7064001691882562
34.16354649036201,35.28846205776319,1932.0362780745334,0.6986387516629059
34.16354649036201,35.29146205776319,1833.7791026421946,0.6842036207140691
34.16354649036201,35.29446205776319,1665.6182410400372,0.6583801790855949
34.16354649036201,35.29746205776319,1445.8667206822522,0.6221539532899104
34.16354649036201,35.30046205776319,1171.6157719920304,0.5719533975134397
34.16354649036201,35.30346205776319,1008.9164620115262,0.5387516877329345
34.16354649036201,35.30646205776319,833.6059294237541,0.4991497735290557
34.16354649036201,35.30946205776319,681.4370931112031,0.4604864637629685
34.16354649036201,35.31246205776319,467.45415596426994,0.3960428439485365
34.16354649036201,35.31546205776319,343.9594380265339,0.35030751378657987
34.16354649036201,35.31846205776319,202.93960334684573,0.28365685488787906
34.16354649036201,35.32146205776319,154.63354959778528,0.25442984329294316
34.16354649036201,35.32446205776319,91.56175253338114,0.206315662617706
34.16354649036201,35.32746205776319,44.19409215502832,0.15416729313682845
34.16354649036201,35.33046205776319,25.258583885275414,0.1232565931965629
34.16354649036201,35.33346205776319,9.477702055550942,0.0832775195614578
34.16354649036201,35.33646205776319,3.101744870821226,0.053270771856858926
34.16354649036201,35.33946205776319,3.101744870821226,0.053270771856858926
34.16654649036201,35.21646205776319,6.072784027355324,0.06969501161772824
34.16654649036201,35.21946205776319,9.170876887536553,0.08218847187683147
34.16654649036201,35.22246205776319,24.46383981325947,0.1216904256287768
34.16654649036201,35.22546205776319,45.8733502571163,0.15648429008198855
34.16654649036201,35.22846205776319,93.16435883938162,0.20775260599023537
34.16654649036201,35.23146205776319,182.44977770506316,0.2718340751324728
34.16654649036201,35.23446205776319,397.5606775127154,0.37119996721000414
34.16654649036201,35.23746205776319,633.0428028195345,0.4471155668467435
34.16654649036201,35.24046205776319,1020.2902713776105,0.5411729224931315
34.16654649036201,35.24346205776319,1463.560264231131,0.6251882459099536
34.16654649036201,35.24646205776319,1887.8227715419648,0.692199129062754
34.16654649036201,35.24946205776319,2181.942823109846,0.7334726202375312
34.16654649036201,35.25246205776319,2331.1798197089774,0.7531420052308618
34.16654649036201,35.25546205776319,2354.0873853219196,0.756093653003933
34.16654649036201,35.25846205776319,2352.5297837699327,0.7558935029999377
34.16654649036201,35.26146205776319,2305.155848950759,0.7497676144335291
34.16654649036201,35.26446205776319,2258.450621654658,0.7436537978568363
34.16654649036201,35.26746205776319,2379.5143057843707,0.7593498096661812
34.16654649036201,35.27046205776319,2348.4405071075835,0.7553676569792913
34.16654649036201,35.27346205776319,2353.7192214541974,0.7560463515440333
34.16654649036201,35.27646205776319,2398.022476256351,0.761706848073593
34.16654649036201,35.27946205776319,2274.8844759281515,0.7458136011559503
34.16654649036201,35.28246205776319,2135.1634162276396,0.7271416280501743
34.16654649036201,35.28546205776319,2130.93427029343,0.7265651818093293
34.16654649036201,35.28846205776319,2006.4430920743944,0.709279322266999
34.16654649036201,35.29146205776319,1848.554498442093,0.6864034597932266
34.16654649036201,35.29446205776319,1656.3104122565042,0.6569060371527922
34.16654649036201,35.29746205776319,1479.277178638321,0.6278651576680642
34.16654649036201,35.30046205776319,1372.3713676593416,0.6093056703736843
34.16654649036201,35.30346205776319,1136.6213230633848,0.5650578075152247
34.16654649036201,35.30646205776319,921.0741968446932,0.5194747069933238
34.16654649036201,35.30946205776319,690.098739553626,0.4628188661532202
34.16654649036201,35.31246205776319,502.1198968271333,0.407539335255556
34.16654649036201,35.31546205776319,340.3198376099445,0.34882007127767445
34.16654649036201,35.31846205776319,230.65326533187834,0.29855916212344563
34.16654649036201,35.32146205776319,157.87937114063902,0.2565527743811561
34.16654649036201,35.32446205776319,101.00578819328166,0.21457793679650197
34.16654649036201,35.32746205776319,66.26724796000903,0.18128677967360493
34.16654649036201,35.33046205776319,22.08356966963836,0.11680845257725007
34.16654649036201,35.33346205776319,6.304565841744971,0.07074709867403779
34.16654649036201,35.33646205776319,3.101744870821226,0.053270771856858926
34.16654649036201,35.33946205776319,3.101744870821226,0.053270771856858926
34.16954649036201,35.21646205776319,3.059943797449445,0.05298243820642413
34.16954649036201,35.21946205776319,9.170876887536553,0.08218847187683147
34.16954649036201,35.22246205776319,21.21218458308015,0.1149425213298032
34.16954649036201,35.22546205776319,45.5167723167419,0.15599660381845146
34.16954649036201,35.22846205776319,83.98895793779053,0.19931291347995422
34.16954649036201,35.23146205776319,167.09159831384235,0.2624390189929003
34.16954649036201,35.23446205776319,360.7050896779733,0.35703226784429054
34.16954649036201,35.23746205776319,612.3454875819291,0.44120981912832125
34.16954649036201,35.24046205776319,917.1903664377917,0.5185974227934684
34.16954649036201,35.24346205776319,1319.9949220910219,0.5998953071665503
34.16954649036201,35.24646205776319,1650.137081124343,0.6559255827844881
34.16954649036201,35.24946205776319,1912.5589674415671,0.6958129287093986
34.16954649036201,35.25246205776319,2054.384448541189,0.7160102639055088
34.16954649036201,35.25546205776319,2055.3504250117307,0.7161449128078672
34.16954649036201,35.25846205776319,1964.8005144524,0.7033539740638389
34.16954649036201,35.26146205776319,2059.7848747434628,0.7167625506467278
34.16954649036201,35.26446205776319,2096.8336924616838,0.7218918768511473
34.16954649036201,35.26746205776319,2211.535489664016,0.7374356443073243
34.16954649036201,35.27046205776319,2208.208154827298,0.7369916444326546
34.16954649036201,35.27346205776319,2346.47764455014,0.755115054483799
34.16954649036201,35.27646205776319,2289.0796780694,0.7476716685735295
34.16954649036201,35.27946205776319,2176.760882157095,0.7327753474783318
34.16954649036201,35.28246205776319,2232.0429063493816,0.740163348535898
34.16954649036201,35.28546205776319,2156.1509690034336,0.7299922118516712
34.16954649036201,35.28846205776319,1987.8819469211448,0.7066474501988765
34.16954649036201,35.29146205776319,1832.8759922947786,0.6840688165413106
34.16954649036201,35.29446205776319,1710.868665065148,0.6654772744568616
34.16954649036201,35.29746205776319,1605.9241169386712,0.6488384354865531
34.16954649036201,35.30046205776319,1419.349909202479,0.6175645383612923
34.16954649036201,35.30346205776319,1185.7204046059755,0.5746977247923919
34.16954649036201,35.30646205776319,885.7369008393027,0.5114091048178562
34.16954649036201,35.30946205776319,673.6702052468313,0.4583798270123659
34.16954649036201,35.31246205776319,491.8925504972845,0.4041984637334157
34.16954649036201,35.31546205776319,369.0219952457969,0.36030265423291236
34.16954649036201,35.31846205776319,259.1221654474445,0.31278677775375846
34.16954649036201,35.32146205776319,154.76457688306886,0.2545160568764094
34.16954649036201,35.32446205776319,88.36868534377759,0.2034070109791012
34.16954649036201,35.32746205776319,56.77817933893689,0.1704194444668375
34.16954649036201,35.33046205776319,25.21668609471937,0.12317477149100196
34.16954649036201,35.33346205776319,9.444371337475403,0.08316024921686914
34.16954649036201,35.33646205776319,3.2023605244239324,0.05395536686018351
34.17254649036201,35.21646205776319,3.0874087016401193,0.053172148612782875
34.17254649036201,35.21946205776319,9.093333131844618,0.0819097878369014
34.17254649036201,35.22246205776319,18.31117765215805,0.10837598827456474
34.17254649036201,35.22546205776319,42.43283825660593,0.1516796762886199
34.17254649036201,35.22846205776319,79.3866509797125,0.19487025470804736
34.17254649036201,35.23146205776319,144.6381563285372,0.2477192242345516
34.17254649036201,35.23446205776319,306.7186919814253,0.3346128829552144
34.17254649036201,35.23746205776319,527.8570345381289,0.4157699390342247
34.17254649036201,35.24046205776319,786.729286855769,0.4877268754480911
34.17254649036201,35.24346205776319,1104.9767475060398,0.558711764279429
34.17254649036201,35.24646205776319,1377.9191558201337,0.6102897212622057
34.17254649036201,35.24946205776319,1570.8401817506879,0.643130877548738
34.17254649036201,35.25246205776319,1682.0448274226983,0.6609697541191937
34.17254649036201,35.25546205776319,1628.0062560934907,0.6523925427619544
34.17254649036201,35.25846205776319,1735.2606369771095,0.6692562667004761
34.17254649036201,35.26146205776319,1807.3881435335704,0.6802477781704129
34.17254649036201,35.26446205776319,1966.067884572574,0.7035354148494158
34.17254649036201,35.26746205776319,2010.7643949301869,0.7098899616015146
34.17254649036201,35.27046205776319,2156.7588715435127,0.7300745301304099
34.17254649036201,35.27346205776319,2249.5883944404754,0.7424851730568354
34.17254649036201,35.27646205776319,2223.0416088664124,0.7389679399265439
34.17254649036201,35.27946205776319,2233.0547523407317,0.7402975447892665
34.17254649036201,35.28246205776319,2211.907182909315,0.7374852181947785
34.17254649036201,35.28546205776319,2116.4932304129593,0.724591631349655
34.17254649036201,35.28846205776319,1946.192937009173,0.7006819294569512
34.17254649036201,35.29146205776319,1892.7125323197147,0.6929157348301663
34.17254649036201,35.29446205776319,1777.3834843965112,0.6757079311512599
34.17254649036201,35.29746205776319,1596.926771846177,0.6473819121630108
34.17254649036201,35.30046205776319,1348.4927516390926,0.6050426742183329
34.17254649036201,35.30346205776319,1096.5713771521578,0.5570078587750806
34.17254649036201,35.30646205776319,907.5537122414091,0.5164110128980915
34.17254649036201,35.30946205776319,732.2940907164673,0.47393717138393127
34.17254649036201,35.31246205776319,515.49868043629,0.41184859005500324
34.17254649036201,35.31546205776319,350.2844758100591,0.3528701454771715
34.17254649036201,35.31846205776319,264.4979316805593,0.31536643772259787
34.17254649036201,35.32146205776319,167.3853623082104,0.26262347951883097
34.17254649036201,35.32446205776319,88.37698403072491,0.20341465152980795
34.17254649036201,35.32746205776319,53.6045474236537,0.16654331841710965
34.17254649036201,35.33046205776319,19.24048284647748,0.11054343280876991
34.17254649036201,35.33346205776319,12.590896809104898,0.09329733236392697
34.17254649036201,35.33646205776319,3.143048200460595,0.05355339115990556
34.17554649036201,35.21646205776319,3.059943797449445,0.05298243820642413
34.17554649036201,35.21946205776319,9.159474530908277,0.08214758191345996
34.17554649036201,35.22246205776319,21.362193973677492,0.11526697662628382
34.17554649036201,35.22546205776319,30.298414410241534,0.13256061825184323
34.17554649036201,35.22846205776319,60.61607190750756,0.17493700065107948
34.17554649036201,35.23146205776319,126.20879026846706,0.2345753656447425
34.17554649036201,35.23446205776319,227.58587694752484,0.29696460118413864
34.17554649036201,35.23746205776319,402.8997606751304,0.37318601823811137
34.17554649036201,35.24046205776319,619.9696702555898,0.44339902915213253
34.17554649036201,35.24346205776319,865.8011524829109,0.5067734152211516
34.17554649036201,35.24646205776319,1068.3556629999698,0.5512300729232347
34.17554649036201,35.24946205776319,1201.8737269139124,0.5778167097967093
34.17554649036201,35.25246205776319,1253.6656043309536,0.5876506821770675
34.17554649036201,35.25546205776319,1323.7375602037318,0.6005750928594846
34.17554649036201,35.25846205776319,1404.8487037216546,0.6150329485078305
34.17554649036201,35.26146205776319,1594.0028376294058,0.6469075152322032
34.17554649036201,35.26446205776319,1702.2815252160358,0.6641391999847753
34.17554649036201,35.26746205776319,1862.0303017702277,0.6884006283176858
34.17554649036201,35.27046205776319,2013.5012293246118,0.7102762939881268
34.17554649036201,35.27346205776319,2100.0383383540566,0.7223329891849238
34.17554649036201,35.27646205776319,2131.337956305838,0.726620235132678
34.17554649036201,35.27946205776319,2219.8286880927026,0.7385405478946653
34.17554649036201,35.28246205776319,2125.249631518688,0.7257892647234415
34.17554649036201,35.28546205776319,2067.8895906611638,0.7178893312194333
34.17554649036201,35.28846205776319,2019.123413313538,0.7110689359473183
34.17554649036201,35.29146205776319,1914.2942723828573,0.6960653902815901
34.17554649036201,35.29446205776319,1704.6488416769707,0.6645084860721892
34.17554649036201,35.29746205776319,1498.399785289283,0.6310992168123901
34.17554649036201,35.30046205776319,1387.6048740661718,0.6120020642948112
34.17554649036201,35.30346205776319,1158.8838926383555,0.5694590916317946
34.17554649036201,35.30646205776319,940.7674856803094,0.5238892415912706
34.17554649036201,35.30946205776319,736.7007534704759,0.47507590679565387
34.17554649036201,35.31246205776319,538.9664270926789,0.41924823764102
34.17554649036201,35.31546205776319,355.5799685690497,0.354994378005097
34.17554649036201,35.31846205776319,242.450732842312,0.30457619780636824
34.17554649036201,35.32146205776319,147.50285572863802,0.24967021300796755
34.17554649036201,35.32446205776319,82.08032015560552,0.19748866637373347
34.17554649036201,35.32746205776319,40.99474733269966,0.14960215377535827
34.17554649036201,35.33046205776319,22.422209261054498,0.11752166099408605
34.17554649036201,35.33346205776319,12.590896809104898,0.09329733236392697
34.17554649036201,35.33646205776319,6.296620372357641,0.07071142093884102
34.17854649036201,35.21946205776319,6.154082271095213,0.07006673483481422
34.17854649036201,35.22246205776319,18.308574358996005,0.10836982490247012
34.17854649036201,35.22546205776319,27.46618638018589,0.12745764957705832
34.17854649036201,35.22846205776319,51.8806023434512,0.16437984410652684
34.17854649036201,35.23146205776319,94.58589641543668,0.20901483615583985
34.17854649036201,35.23446205776319,160.6855817810999,0.258367167588372
34.17854649036201,35.23746205776319,290.3498659739957,0.32735216106254517
34.17854649036201,35.24046205776319,463.73342800068457,0.39477888994230936
34.17854649036201,35.24346205776319,630.1370675269714,0.4462935100066722
34.17854649036201,35.24646205776319,786.6320734143895,0.48770276785909206
34.17854649036201,35.24946205776319,874.3242125911559,0.5087630503712115
34.17854649036201,35.25246205776319,930.8048689731496,0.5216629811612414
34.17854649036201,35.25546205776319,1043.4502756756376,0.5460535861305978
34.17854649036201,35.25846205776319,1180.8480489718859,0.5737519398814283
34.17854649036201,35.26146205776319,1323.9131640347769,0.6006069599284422
34.17854649036201,35.26446205776319,1510.9649179430867,0.6332107987807437
34.17854649036201,35.26746205776319,1700.7004931185115,0.663892397539414
34.17854649036201,35.27046205776319,1829.7008070472789,0.6835945509409171
34.17854649036201,35.27346205776319,1946.5128733188399,0.7007280014638609
34.17854649036201,35.27646205776319,2132.73639009927,0.7268109004084176
34.17854649036201,35.27946205776319,2143.6081526625485,0.728290626541553
34.17854649036201,35.28246205776319,2058.5573502880297,0.7165916588370561
34.17854649036201,35.28546205776319,2069.6054826405916,0.7181275478137799
34.17854649036201,35.28846205776319,2005.4490997043542,0.7091387505169409
34.17854649036201,35.29146205776319,1841.7952237772297,0.6853984174441896
34.17854649036201,35.29446205776319,1712.1176101470724,0.6656715529855669
34.17854649036201,35.29746205776319,1599.4945213627511,0.6477980898967974
34.17854649036201,35.30046205776319,1414.0359549422421,0.6166386488342891
34.17854649036201,35.30346205776319,1172.3570773279043,0.5720981247054688
34.17854649036201,35.30646205776319,934.5498454409758,0.5225015081875751
34.17854649036201,35.30946205776319,722.8563083675242,0.4714844246840431
34.17854649036201,35.31246205776319,503.17609091743236,0.4078820178051298
34.17854649036201,35.31546205776319,353.85033727771037,0.3543026543086572
34.17854649036201,35.31846205776319,234.0144647753794,0.300291916323504
34.17854649036201,35.32146205776319,134.52243146865084,0.24063812986078145
34.17854649036201,35.32446205776319,80.03953933611388,0.19550973746260658
34.17854649036201,35.32746205776319,41.628990788106776,0.15052370978257973
34.17854649036201,35.33046205776319,18.90145569692833,0.10976014230717583
34.17854649036201,35.33346205776319,12.595818805078473,0.09331191925979723
34.17854649036201,35.33646205776319,3.1936870196280007,0.05389686464784301
34.18154649036201,35.22246205776319,15.244741009125878,0.10071509821967115
34.18154649036201,35.22546205776319,21.53457525623198,0.11563813650840923
34.18154649036201,35.22846205776319,33.32013933342857,0.13769852363233565
34.18154649036201,35.23146205776319,66.6363537125574,0.1816900106139156
34.18154649036201,35.23446205776319,115.91213544054509,0.22672432788177882
34.18154649036201,35.23746205776319,200.16021537720647,0.2820964781603367
34.18154649036201,35.24046205776319,305.4035525524579,0.33403824571047547
34.18154649036201,35.24346205776319,424.0727869575978,0.3809103050547587
34.18154649036201,35.24646205776319,540.0701284388663,0.4195914433467448
34.18154649036201,35.24946205776319,610.8391374943949,0.44077535356064773
34.18154649036201,35.25246205776319,676.3831538434912,0.4591173165006376
34.18154649036201,35.25546205776319,799.0349049954727,0.4907641846347163
34.18154649036201,35.25846205776319,953.1909490472107,0.5266456778655156
34.18154649036201,35.26146205776319,1145.8283512310038,0.5668842433744596
34.18154649036201,35.26446205776319,1325.1754840263911,0.6008359602700475
34.18154649036201,35.26746205776319,1471.0960268377473,0.6264738814508244
34.18154649036201,35.27046205776319,1697.5321368053474,0.663397395757307
34.18154649036201,35.27346205776319,1901.2224374195482,0.6941602370801938
34.18154649036201,35.27646205776319,2006.4192188140719,0.7092759465679004
34.18154649036201,35.27946205776319,1986.4715415755036,0.706446860508426
34.18154649036201,35.28246205776319,2111.9639836715596,0.723970988944805
34.18154649036201,35.28546205776319,2072.429763932099,0.7185193837435068
34.18154649036201,35.28846205776319,1987.1426326636824,0.7065423146123334
34.18154649036201,35.29146205776319,1847.7733362476672,0.6862874209263278
34.18154649036201,35.29446205776319,1722.2431803201546,0.66724349705865
34.18154649036201,35.29746205776319,1579.3201662563058,0.6445173795953955
34.18154649036201,35.30046205776319,1376.440374359141,0.6100276519377199
34.18154649036201,35.30346205776319,1091.8103198879326,0.556039236529899
34.18154649036201,35.30646205776319,846.7297910663364,0.5022783933711111
34.18154649036201,35.30946205776319,617.3071334631873,0.4426363526499258
34.18154649036201,35.31246205776319,448.3443825020502,0.38948546349868723
34.18154649036201,35.31546205776319,301.66776261790665,0.3323977851232956
34.18154649036201,35.31846205776319,233.02629565597886,0.29978405719014034
34.18154649036201,35.32146205776319,121.72743480270563,0.23120751629791883
34.18154649036201,35.32446205776319,67.22771292866068,0.18233325923829607
34.18154649036201,35.32746205776319,41.61284847968955,0.1505003598736046
34.18154649036201,35.33046205776319,22.40353325522004,0.11748249654094646
34.18154649036201,35.33346205776319,9.59849616857122,0.08370045882872063
34.18154649036201,35.33646205776319,3.1936870196280007,0.05389686464784301
34.18454649036201,35.22246205776319,6.09310229305468,0.06978819213686868
34.18454649036201,35.22546205776319,21.34270559835539,0.11522490264827247
34.18454649036201,35.22846205776319,30.47612201333512,0.13287107289498098
34.18454649036201,35.23146205776319,46.11142275355556,0.156808633191464
34.18454649036201,35.23446205776319,79.3047432692677,0.1947898063233504
34.18454649036201,35.23746205776319,133.1925685697291,0.2396837318826896
34.18454649036201,35.24046205776319,189.1753762215501,0.2757988194788048
34.18454649036201,35.24346205776319,274.76127237124336,0.3202054857058459
34.18454649036201,35.24646205776319,354.31174783177255,0.35448738221161424
34.18454649036201,35.24946205776319,405.9466046487881,0.37431232353631205
34.18454649036201,35.25246205776319,510.1115831986838,0.41012159193059317
34.18454649036201,35.25546205776319,607.9895711192097,0.4399517122873878
34.18454649036201,35.25846205776319,809.8063325729796,0.49339986666719565
34.18454649036201,35.26146205776319,993.6846339942433,0.5354833725846503
34.18454649036201,35.26446205776319,1152.8978231505685,0.5682806755132455
34.18454649036201,35.26746205776319,1395.3270363150612,0.6133621380428518
34.18454649036201,35.27046205776319,1580.3995277118095,0.6446935375780334
34.18454649036201,35.27346205776319,1720.6159657757362,0.6669912548102656
34.18454649036201,35.27646205776319,1907.703729960544,0.6951058313722597
34.18454649036201,35.27946205776319,2025.4496984891048,0.7119592636156723
34.18454649036201,35.28246205776319,2039.7248898882185,0.7139621661892275
34.18454649036201,35.28546205776319,1989.0183249580812,0.7068090052592563
34.18454649036201,35.28846205776319,1939.162238129511,0.6996683335710344
34.18454649036201,35.29146205776319,1849.4562684649068,0.6865373779442782
34.18454649036201,35.29446205776319,1675.2341069138251,0.6598979252797302
34.18454649036201,35.29746205776319,1458.1616734181896,0.6242647778719139
34.18454649036201,35.30046205776319,1219.9544947779957,0.5812781695879273
34.18454649036201,35.30346205776319,1006.3040121956263,0.5381932444360992
34.18454649036201,35.30646205776319,806.7283330221711,0.49264886251217366
34.18454649036201,35.30946205776319,644.5511148051843,0.4503493143997051
34.18454649036201,35.31246205776319,459.5630534755286,0.39335493476992706
34.18454649036201,35.31546205776319,311.49254730657276,0.3366864391433382
34.18454649036201,35.31846205776319,207.41562024831418,0.28614301191198155
34.18454649036201,35.32146205776319,105.70687288306812,0.2185183187709092
34.18454649036201,35.32446205776319,60.85405223655267,0.17521140070430236
34.18454649036201,35.32746205776319,38.395848633944325,0.14573379311336954
34.18454649036201,35.33046205776319,15.99800614419049,0.10267693688138248
34.18454649036201,35.33346205776319,3.1936870196280007,0.05389686464784301
34.18454649036201,35.33646205776319,3.1936870196280007,0.05389686464784301
34.18754649036201,35.22246205776319,3.1510783965923337,0.05360807884378502
34.18754649036201,35.22546205776319,12.284764010098788,0.09238326088132215
34.18754649036201,35.22846205776319,21.711892027937786,0.11601806787613528
34.18754649036201,35.23146205776319,30.740155057422708,0.13333033855752222
34.18754649036201,35.23446205776319,58.41648766575416,0.1723696250117621
34.18754649036201,35.23746205776319,90.48709466298489,0.20534362195176797
34.18754649036201,35.24046205776319,128.06563224575706,0.23594979237946986
34.18754649036201,35.24346205776319,158.77323254309803,0.2571327976937858
34.18754649036201,35.24646205776319,200.36867094919427,0.28221395649198444
34.18754649036201,35.24946205776319,274.76420972859404,0.32020685497439316
34.18754649036201,35.25246205776319,384.88492508432705,0.36641978948936405
34.18754649036201,35.25546205776319,517.0533046450566,0.41234495714275315
34.18754649036201,35.25846205776319,641.2348878729761,0.4494210578181191
34.18754649036201,35.26146205776319,882.8657603670922,0.5107453602056037
34.18754649036201,35.26446205776319,1060.2119696396135,0.54954548180577
34.18754649036201,35.26746205776319,1273.976574922311,0.5914406049195787
34.18754649036201,35.27046205776319,1512.704212697019,0.6335022575988392
34.18754649036201,35.27346205776319,1715.0267493357958,0.6661237520514385
34.18754649036201,35.27646205776319,1852.6842574079155,0.6870164324183397
34.18754649036201,35.27946205776319,1970.1469395710214,0.7041189095407427
34.18754649036201,35.28246205776319,1976.7505949295346,0.7050620049527503
34.18754649036201,35.28546205776319,1992.3172092043606,0.7072776830841505
34.18754649036201,35.28846205776319,1897.6058080404723,0.6936317445869915
34.18754649036201,35.29146205776319,1794.9872399854175,0.6783769869528801
34.18754649036201,35.29446205776319,1592.8079745659195,0.6467135030833976
34.18754649036201,35.29746205776319,1408.3207197805898,0.6156405080513442
34.18754649036201,35.30046205776319,1233.414931120625,0.5838351535853218
34.18754649036201,35.30346205776319,1026.8425956921274,0.5425604226072903
34.18754649036201,35.30646205776319,781.3288807966542,0.4863849311548431
34.18754649036201,35.30946205776319,586.5252773292891,0.43367187110054173
34.18754649036201,35.31246205776319,422.27796612301796,0.38026462743567296
34.18754649036201,35.31546205776319,264.48925452241383,0.31536229929872583
34.18754649036201,35.31846205776319,178.69819857981244,0.2695843210581541
34.18754649036201,35.32146205776319,96.1545728822174,0.21039457509858975
34.18754649036201,35.32446205776319,44.84491499633316,0.15507144808425105
34.18754649036201,35.32746205776319,22.408704595229295,0.11749334304202083
34.18754649036201,35.33046205776319,12.795218017756547,0.09390000955492389
34.18754649036201,35.33346205776319,6.38947466750855,0.07112669374547716
34.18754649036201,35.33646205776319,3.1936870196280007,0.05389686464784301
34.19054649036201,35.21946205776319,3.277949844942383,0.05446123457321319
34.19054649036201,35.22246205776319,3.277949844942383,0.05446123457321319
34.19054649036201,35.22546205776319,12.284764010098788,0.09238326088132215
34.19054649036201,35.22846205776319,15.509048902121123,0.10140996352582993
34.19054649036201,35.23146205776319,21.907449551231885,0.11643493055077311
34.19054649036201,35.23446205776319,33.52870397677265,0.1380426433630463
34.19054649036201,35.23746205776319,58.90903068574339,0.17294950010273646
34.19054649036201,35.24046205776319,83.67635774681088,0.19901585080250506
34.19054649036201,35.24346205776319,105.24410492643193,0.21813515958895818
34.19054649036201,35.24646205776319,135.40094023153208,0.24126550468768246
34.19054649036201,35.24946205776319,194.4655139002298,0.2788583148721598
34.19054649036201,35.25246205776319,299.1270792086109,0.3312751448286046
34.19054649036201,35.25546205776319,436.51805776825233,0.38534297505465487
34.19054649036201,35.25846205776319,617.4617867367051,0.4426807065949191
34.19054649036201,35.26146205776319,830.5501291128289,0.4984170614959552
34.19054649036201,35.26446205776319,1020.5014665898505,0.5412177277948282
34.19054649036201,35.26746205776319,1225.500682844266,0.5823337800219068
34.19054649036201,35.27046205776319,1402.6901899473596,0.6146547812314285
34.19054649036201,35.27346205776319,1636.7461703864392,0.6537912346910661
34.19054649036201,35.27646205776319,1767.3226906141863,0.6741754003528084
34.19054649036201,35.27946205776319,1956.0550329411028,0.7021000243651475
34.19054649036201,35.28246205776319,1980.9013168955535,0.7056538196039286
34.19054649036201,35.28546205776319,1931.692745611963,0.69858905945014
34.19054649036201,35.28846205776319,1838.529555755094,0.6849120494927833
34.19054649036201,35.29146205776319,1717.0785025068444,0.6664424016154098
34.19054649036201,35.29446205776319,1569.0234421983087,0.6428332516139591
34.19054649036201,35.29746205776319,1378.8271459117686,0.6104505514561281
34.19054649036201,35.30046205776319,1214.32567723779,0.580203883987003
34.19054649036201,35.30346205776319,948.7762181669302,0.5256686491042633
34.19054649036201,35.30646205776319,702.7834568293238,0.4662031164181633
34.19054649036201,35.30946205776319,514.0941492606642,0.41139937246227404
34.19054649036201,35.31246205776319,352.7342662915531,0.3538552315835125
34.19054649036201,35.31546205776319,223.83397944974405,0.29499657025603093
34.19054649036201,35.31846205776319,121.1003283844706,0.23073033078026223
34.19054649036201,35.32146205776319,60.05135693874814,0.17428326625596308
34.19054649036201,35.32446205776319,35.272051273884266,0.14087010789021892
34.19054649036201,35.32746205776319,25.618621738239693,0.12395637435034015
34.19054649036201,35.33046205776319,12.800214662787592,0.09391467534836925
34.19054649036201,35.33346205776319,3.2453353688443514,0.05424383590848244
34.19354649036201,35.21046205776319,3.1924616665591605,0.053888592041113556
34.19354649036201,35.21346205776319,3.2582070961560263,0.054329791011216086
34.19354649036201,35.21646205776319,6.45329538140453,0.0714100238351328
34.19354649036201,35.21946205776319,3.277949844942383,0.05446123457321319
34.19354649036201,35.22246205776319,9.755671486306635,0.08424602669121661
34.19354649036201,35.22546205776319,9.755671486306635,0.08424602669121661
34.19354649036201,35.22846205776319,12.619626873377438,0.09338242894595225
34.19354649036201,35.23146205776319,18.42972451239443,0.10865609622697037
34.19354649036201,35.23446205776319,31.601238433422896,0.13481189127166895
34.19354649036201,35.23746205776319,41.36918954320573,0.15014724416784908
34.19354649036201,35.24046205776319,56.811495635036806,0.17045943691165213
34.19354649036201,35.24346205776319,69.93976517583162,0.18524062101858998
34.19354649036201,35.24646205776319,114.90476277335799,0.2259340943111095
34.19354649036201,35.24946205776319,181.7462166967162,0.27141429152815955
34.19354649036201,35.25246205776319,297.59158873031816,0.33059388879433665
34.19354649036201,35.25546205776319,455.0948855163166,0.39182066943646143
34.19354649036201,35.25846205776319,596.6773142362335,0.43665895475517713
34.19354649036201,35.26146205776319,814.7803277064977,0.49460986515283334
34.19354649036201,35.26446205776319,985.7042499140582,0.5337590012446948
34.19354649036201,35.26746205776319,1206.0906140858528,0.5786267875629948
34.19354649036201,35.27046205776319,1394.0188441478651,0.6131320496627016
34.19354649036201,35.27346205776319,1595.3018143524678,0.6471183335412823
34.19354649036201,35.27646205776319,1765.4525169324556,0.6738899458439396
34.19354649036201,35.27946205776319,1883.5959821294903,0.691578785337818
34.19354649036201,35.28246205776319,1886.831453316535,0.6920537133487795
34.19354649036201,35.28546205776319,1870.0200842569006,0.6895806536339301
34.19354649036201,35.28846205776319,1796.3159467888245,0.6785778048776452
34.19354649036201,35.29146205776319,1646.011968378301,0.6552692012183844
34.19354649036201,35.29446205776319,1460.3510088619785,0.6246395264082746
34.19354649036201,35.29746205776319,1266.774565053627,0.5901009234752296
34.19354649036201,35.30046205776319,1024.3937747115328,0.5420424911842444
34.19354649036201,35.30346205776319,791.991803350684,0.4890292489301295
34.19354649036201,35.30646205776319,589.1306673459497,0.4344414080697071
34.19354649036201,35.30946205776319,427.3871884585118,0.38209834809974175
34.19354649036201,35.31246205776319,289.71926768601645,0.3270675907672242
34.19354649036201,35.31546205776319,169.50080990850608,0.2639461134200816
34.19354649036201,35.31846205776319,83.65969249071532,0.19899999519694325
34.19354649036201,35.32146205776319,54.696578710814975,0.16789224064786432
34.19354649036201,35.32446205776319,28.910234516598464,0.1300969773083766
34.19354649036201,35.32746205776319,12.816444786169988,0.09396228915474242
34.19354649036201,35.33046205776319,3.2453353688443514,0.05424383590848244
34.19354649036201,35.33346205776319,3.2453353688443514,0.05424383590848244
34.19354649036201,35.33646205776319,3.2453353688443514,0.05424383590848244
34.19654649036201,35.19846205776319,3.185345088833726,0.05384050887919463
34.19654649036201,35.20146205776319,3.207538005316238,0.05399024332093407
34.19654649036201,35.20446205776319,3.207538005316238,0.05399024332093407
34.19654649036201,35.20746205776319,6.399999671875398,0.07117353572759053
34.19654649036201,35.21046205776319,6.399999671875398,0.07117353572759053
34.19654649036201,35.21346205776319,6.45329538140453,0.0714100238351328
34.19654649036201,35.21646205776319,9.676763596560592,0.08397279580634388
34.19654649036201,35.21946205776319,13.001563473617928,0.09450282530301987
34.19654649036201,35.22246205776319,13.00156347361793,0.09450282530301987
34.19654649036201,35.22546205776319,13.001563473617928,0.09450282530301987
34.19654649036201,35.22846205776319,22.878456140104333,0.11847241629568224
34.19654649036201,35.23146205776319,22.88569421892985,0.11848740736516081
34.19654649036201,35.23446205776319,36.068158340542276,0.14213340078368722
34.19654649036201,35.23746205776319,49.20888742896683,0.16093999326349573
34.19654649036201,35.24046205776319,75.34489298359699,0.1908394202338671
34.19654649036201,35.24346205776319,98.46162053394981,0.2123994325314175
34.19654649036201,35.24646205776319,156.83383074817797,0.2558718213541819
34.19654649036201,35.24946205776319,207.37051962721216,0.2861181226206536
34.19654649036201,35.25246205776319,302.74367004075884,0.33287148150860546
34.19654649036201,35.25546205776319,430.8093941635284,0.3833192469830564
34.19654649036201,35.25846205776319,603.6650035408089,0.4386972984775213
34.19654649036201,35.26146205776319,796.7906340963987,0.4902123503006262
34.19654649036201,35.26446205776319,1001.3937614624618,0.5371412592324147
34.19654649036201,35.26746205776319,1230.5882762936858,0.5832995880054155
34.19654649036201,35.27046205776319,1404.4672994088278,0.6149661526096349
34.19654649036201,35.27346205776319,1608.7158987245418,0.6492893836921374
34.19654649036201,35.27646205776319,1760.7599221366916,0.6731728905559345
34.19654649036201,35.27946205776319,1874.9689812348875,0.6903100485823062
34.19654649036201,35.28246205776319,1896.805201999388,0.693514671574969
34.19654649036201,35.28546205776319,1846.9888339120098,0.6861708562666224
34.19654649036201,35.28846205776319,1769.083829306354,0.6744440466230414
34.19654649036201,35.29146205776319,1564.9630301900943,0.6421673094719507
34.19654649036201,35.29446205776319,1357.174809637746,0.6065978636144302
34.19654649036201,35.29746205776319,1158.4946712139576,0.569382580769338
34.19654649036201,35.30046205776319,925.1294868780326,0.5203883552644292
34.19654649036201,35.30346205776319,688.1418430600659,0.4622934571335405
34.19654649036201,35.30646205776319,504.49637470461096,0.40830977795534346
34.19654649036201,35.30946205776319,333.4374817324709,0.3459810618945463
34.19654649036201,35.31246205776319,200.81521039511352,0.282465364078504
34.19654649036201,35.31546205776319,112.77258341240041,0.22424768696163727
34.19654649036201,35.31846205776319,64.4726035805553,0.17930675202862864
34.19654649036201,35.32146205776319,41.90516856268144,0.15092236327266248
34.19654649036201,35.32446205776319,22.759717849513663,0.11822608541703056
34.19654649036201,35.32746205776319,6.498906804084813,0.0716114857049222
34.19654649036201,35.33046205776319,3.2453353688443514,0.05424383590848244
34.19654649036201,35.33346205776319,3.2453353688443514,0.05424383590848244
34.19954649036201,35.19246205776319,3.185345088833726,0.05384050887919463
34.19954649036201,35.19546205776319,3.185345088833726,0.05384050887919463
34.19954649036201,35.19846205776319,6.313341583843274,0.07078647326292654
34.19954649036201,35.20146205776319,6.3549500839452335,0.07097271479135883
34.19954649036201,35.20446205776319,9.528205087515655,0.08345473817304498
34.19954649036201,35.20746205776319,12.778738817075144,0.09385161661978779
34.19954649036201,35.21046205776319,19.19665354612623,0.11044263790777406
34.19954649036201,35.21346205776319,22.397438868608994,0.11746971208977003
34.19954649036201,35.21646205776319,22.406260474567247,0.11748821686789251
34.19954649036201,35.21946205776319,22.232808844673333,0.11712356797061095
34.19954649036201,35.22246205776319,29.030236712243813,0.13031271440297373
34.19954649036201,35.22546205776319,35.69279419072172,0.14153986579539746
34.19954649036201,35.22846205776319,45.693676036508165,0.15623883777404038
34.19954649036201,35.23146205776319,55.25760856324401,0.16857896945417403
34.19954649036201,35.23446205776319,72.07883667965365,0.1874863558601487
34.19954649036201,35.23746205776319,98.11205358726072,0.21209747913639146
34.19954649036201,35.24046205776319,137.48542699262097,0.24274440411572773
34.19954649036201,35.24346205776319,172.93235223725316,0.26607070471625105
34.19954649036201,35.24646205776319,260.4221558469425,0.3134135237493012
34.19954649036201,35.24946205776319,307.66300096222267,0.3350245782215333
34.19954649036201,35.25246205776319,392.22693043466734,0.36919985690624463
34.19954649036201,35.25546205776319,494.53326073236997,0.4050650406956069
34.19954649036201,35.25846205776319,650.7556205521441,0.45207837319080085
34.19954649036201,35.26146205776319,849.3126715141595,0.5028906972099639
34.19954649036201,35.26446205776319,1095.2703400014598,0.5567434177948641
34.19954649036201,35.26746205776319,1291.6849858513087,0.5947154279071918
34.19954649036201,35.27046205776319,1503.2863458289935,0.6319216655715093
34.19954649036201,35.27346205776319,1682.7712834353372,0.6610839254528356
34.19954649036201,35.27646205776319,1779.638836060216,0.6760507675237656
34.19954649036201,35.27946205776319,1861.5624579711375,0.6883314375544167
34.19954649036201,35.28246205776319,1842.9185634431556,0.6855656009370107
34.19954649036201,35.28546205776319,1789.738248466238,0.6775827921754215
34.19954649036201,35.28846205776319,1662.435577915752,0.6578766772242327
34.19954649036201,35.29146205776319,1488.1155718189925,0.6293630253972706
34.19954649036201,35.29446205776319,1268.9701073090423,0.5905098102729412
34.19954649036201,35.29746205776319,1023.6353591901586,0.5418819338706955
34.19954649036201,35.30046205776319,798.978637787491,0.4907503607010386
34.19954649036201,35.30346205776319,578.945737359338,0.43142142068081396
34.19954649036201,35.30646205776319,417.5691792180898,0.3785627996102486
34.19954649036201,35.30946205776319,292.24350654651073,0.3282044826913161
34.19954649036201,35.31246205776319,157.06352511033276,0.25602165257820475
34.19954649036201,35.31546205776319,93.59288459763434,0.20813431760415999
34.19954649036201,35.31846205776319,51.63543287332449,0.16406868196663485
34.19954649036201,35.32146205776319,29.279592558810908,0.1307592954765266
34.19954649036201,35.32446205776319,19.529821383971047,0.11120539803460808
34.19954649036201,35.32746205776319,3.288491083228581,0.054531221727280886
34.19954649036201,35.33046205776319,3.2453353688443514,0.05424383590848244
34.20254649036201,35.18946205776319,6.315527432243885,0.07079627551607127
34.20254649036201,35.19246205776319,6.322630302619146,0.07082811369339431
34.20254649036201,35.19546205776319,12.623898560205673,0.09339507147477578
34.20254649036201,35.19846205776319,15.786380135658792,0.1021314700184916
34.20254649036201,35.20146205776319,25.26875938026459,0.12327645250946248
34.20254649036201,35.20446205776319,22.32972253328913,0.11732752002742296
34.20254649036201,35.20746205776319,25.40854129095643,0.12354877779387774
34.20254649036201,35.21046205776319,31.738000684573468,0.135044961825781
34.20254649036201,35.21346205776319,35.14379645835425,0.1406649934610524
34.20254649036201,35.21646205776319,51.459307146637464,0.163844600651227
34.20254649036201,35.21946205776319,54.744733927942015,0.16795135039914333
34.20254649036201,35.22246205776319,61.18180156548634,0.17558825580264312
34.20254649036201,35.22546205776319,71.33327843652035,0.18670821808527133
34.20254649036201,35.22846205776319,97.45122447975623,0.2115248912952432
34.20254649036201,35.23146205776319,104.6043910058329,0.21760382574498305
34.20254649036201,35.23446205776319,137.31587303783624,0.2426246139323432
34.20254649036201,35.23746205776319,176.61287761469646,0.26832152096724815
34.20254649036201,35.24046205776319,216.61203697833122,0.29115187744204546
34.20254649036201,35.24346205776319,249.52707471819213,0.308101370723787
34.20254649036201,35.24646205776319,334.4725881903616,0.34641028089546516
34.20254649036201,35.24946205776319,402.81597426137705,0.37315497342535353
34.20254649036201,35.25246205776319,512.8960493415868,0.41101559638166535
34.20254649036201,35.25546205776319,611.6180778951941,0.4410000978193261
34.20254649036201,35.25846205776319,782.4386282520516,0.48666114499174956
34.20254649036201,35.26146205776319,1001.8209118999602,0.537232895820807
34.20254649036201,35.26446205776319,1178.6859925156036,0.5733315077599491
34.20254649036201,35.26746205776319,1393.9929345490943,0.6131274913042415
34.20254649036201,35.27046205776319,1554.5954001851528,0.6404622130942492
34.20254649036201,35.27346205776319,1708.0035383245347,0.66503127049607
34.20254649036201,35.27646205776319,1766.8602486746372,0.6741048322651313
34.20254649036201,35.27946205776319,1818.9787485051747,0.681989377780808
34.20254649036201,35.28246205776319,1761.824575408885,0.6733356761230903
34.20254649036201,35.28546205776319,1641.9190268156613,0.6546169624876046
34.20254649036201,35.28846205776319,1528.3621867691027,0.6361171054218576
34.20254649036201,35.29146205776319,1353.6605524990025,0.6059690870937381
34.20254649036201,35.29446205776319,1171.4453482994586,0.5719201174343409
34.20254649036201,35.29746205776319,915.878234485602,0.5183005332752414
34.20254649036201,35.30046205776319,698.6207016726534,0.46509657419940503
34.20254649036201,35.30346205776319,487.80444044542554,0.4028513840907546
34.20254649036201,35.30646205776319,390.7335947321602,0.368636947727621
34.20254649036201,35.30946205776319,232.65528537192648,0.29959304675024406
34.20254649036201,35.31246205776319,127.2166045239512,0.23532283960220007
34.20254649036201,35.31546205776319,61.40337537961042,0.17584234162621545
34.20254649036201,35.31846205776319,35.846339813495845,0.1417831064156997
34.20254649036201,35.32146205776319,22.80659066281829,0.1183234182435819
34.20254649036201,35.32446205776319,13.028362837012173,0.09458069443566111
34.20254649036201,35.32746205776319,3.288491083228581,0.054531221727280886
34.20254649036201,35.33046205776319,3.288491083228581,0.054531221727280886
34.20554649036201,35.18346205776319,3.170447848454601,0.05373964656874223
34.20554649036201,35.18646205776319,6.341894567610654,0.07091435668496142
34.20554649036201,35.18946205776319,12.671324853377534,0.09353526271029726
34.20554649036201,35.19246205776319,15.761771390486256,0.10206775677572288
34.20554649036201,35.19546205776319,28.40012522994426,0.12917386741903078
34.20554649036201,35.19846205776319,31.56916375628572,0.1347571419585003
34.20554649036201,35.20146205776319,37.885805666911466,0.14495632540949788
34.20554649036201,35.20446205776319,47.51410865939036,0.15869951334285254
34.20554649036201,35.20746205776319,66.52987203075605,0.1815738221417757
34.20554649036201,35.21046205776319,76.01290608121236,0.19151442680080258
34.20554649036201,35.21346205776319,89.3454234070898,0.20430334858124607
34.20554649036201,35.21646205776319,109.25711589340592,0.2214248979512542
34.20554649036201,35.21946205776319,125.43820646210733,0.2340014209738111
34.20554649036201,35.22246205776319,141.48977580937907,0.24554810324772366
34.20554649036201,35.22546205776319,142.65345072221447,0.2463539176061005
34.20554649036201,35.22846205776319,175.15561762296835,0.2674337342994738
34.20554649036201,35.23146205776319,176.22917461130177,0.26808819040570353
34.20554649036201,35.23446205776319,215.5857388033026,0.2905993053065229
34.20554649036201,35.23746205776319,261.4897671378819,0.31392683368077823
34.20554649036201,35.24046205776319,299.9768239899255,0.33165125225212055
34.20554649036201,35.24346205776319,376.0317640256835,0.3630248654975427
34.20554649036201,35.24646205776319,449.74290249186544,0.3899709780686342
34.20554649036201,35.24946205776319,525.275702416872,0.41495546173501907
34.20554649036201,35.25246205776319,614.9876165465068,0.4419703229734358
34.20554649036201,35.25546205776319,771.5545026246546,0.4839418767731085
34.20554649036201,35.25846205776319,950.9983770979311,0.5261607776032314
34.20554649036201,35.26146205776319,1176.8099056575302,0.5729663099848283
34.20554649036201,35.26446205776319,1342.5301532594042,0.6039711302120836
34.20554649036201,35.26746205776319,1496.91899409087,0.6308496696931016
34.20554649036201,35.27046205776319,1651.6210672893903,0.656161471551452
34.20554649036201,35.27346205776319,1750.7586977398905,0.671640811064823
34.20554649036201,35.27646205776319,1795.962764299347,0.6785244343251727
34.20554649036201,35.27946205776319,1813.731899908078,0.6812018158006039
34.20554649036201,35.28246205776319,1708.078675793901,0.6650429726046782
34.20554649036201,35.28546205776319,1600.1269158216778,0.647900526094359
34.20554649036201,35.28846205776319,1451.4567948882093,0.623114999313213
34.20554649036201,35.29146205776319,1237.7500997539182,0.584655108000699
34.20554649036201,35.29446205776319,988.1891964792566,0.5342968342999864
34.20554649036201,35.29746205776319,783.3737191162804,0.4868937047459891
34.20554649036201,35.30046205776319,574.1418464744572,0.4299859262497837
34.20554649036201,35.30346205776319,399.6114078321473,0.3719646869691037
34.20554649036201,35.30646205776319,281.9548013266052,0.3235328311475564
34.20554649036201,35.30946205776319,160.0005744885547,0.2579260321644149
34.20554649036201,35.31246205776319,91.41181113520861,0.20618045126925438
34.20554649036201,35.31546205776319,52.23627539979468,0.16482968988088215
34.20554649036201,35.31846205776319,29.384579007159957,0.13094663708744525
34.20554649036201,35.32146205776319,16.305265048269128,0.1034612462651894
34.20554649036201,35.32446205776319,3.288491083228581,0.054531221727280886
34.20554649036201,35.32746205776319,3.288491083228581,0.054531221727280886
34.20554649036201,35.33046205776319,3.288491083228581,0.054531221727280886
34.20854649036201,35.18046205776319,6.327794629677538,0.07085124899847453
34.20854649036201,35.18346205776319,15.81918284301293,0.1022163052393866
34.20854649036201,35.18646205776319,28.350791599793713,0.12908406584562399
34.20854649036201,35.18946205776319,34.65518334803265,0.13987942574906026
34.20854649036201,35.19246205776319,37.832031954901844,0.14487399207978424
34.20854649036201,35.19546205776319,59.89510381971132,0.17410173103441834
34.20854649036201,35.19846205776319,85.09640278187885,0.2003600083466646
34.20854649036201,35.20146205776319,94.5626173486194,0.20899425790972287
34.20854649036201,35.20446205776319,101.2703884096989,0.21480260831542322
34.20854649036201,35.20746205776319,126.54762877291051,0.23482707312021794
34.20854649036201,35.21046205776319,136.05739071171038,0.24173270704036223
34.20854649036201,35.21346205776319,162.43811497146382,0.259490663663363
34.20854649036201,35.21646205776319,162.49412254860118,0.2595264482212673
34.20854649036201,35.21946205776319,189.47044522264335,0.2759708114906604
34.20854649036201,35.22246205776319,199.1616189513358,0.2815326832428001
34.20854649036201,35.22546205776319,226.7473268673057,0.29652644484005874
34.20854649036201,35.22846205776319,239.80238354076448,0.3032410268261589
34.20854649036201,35.23146205776319,262.5748021629344,0.3144472342045149
34.20854649036201,35.23446205776319,300.1848048906404,0.331743209735394
34.20854649036201,35.23746205776319,342.7437292627933,0.3498117293562593
34.20854649036201,35.24046205776319,396.8641422669407,0.37093969007515987
34.20854649036201,35.24346205776319,466.873548104347,0.39584600639853856
34.20854649036201,35.24646205776319,594.984283484782,0.43616293637539005
34.20854649036201,35.24946205776319,649.7351772081868,0.45179467986475225
34.20854649036201,35.25246205776319,749.8522619906568,0.4784503126609585
34.20854649036201,35.25546205776319,911.9450615540278,0.5174090619311197
34.20854649036201,35.25846205776319,1045.9954720958685,0.5465859729518892
34.20854649036201,35.26146205776319,1201.1416634184734,0.577675904375742
34.20854649036201,35.26446205776319,1392.19963475446,0.6128118667378356
34.20854649036201,35.26746205776319,1572.024561314496,0.6433247964087754
34.20854649036201,35.27046205776319,1693.1541735449525,0.6627125004195052
34.20854649036201,35.27346205776319,1740.3646539132264,0.6700429809861989
34.20854649036201,35.27646205776319,1745.0010810609294,0.6707564236848791
34.20854649036201,35.27946205776319,1712.2972620594157,0.6656994915810123
34.20854649036201,35.28246205776319,1649.6875445527785,0.6558541010529808
34.20854649036201,35.28546205776319,1519.2351137546107,0.6345948688594284
34.20854649036201,35.28846205776319,1321.0576697312777,0.6000884543946989
34.20854649036201,35.29146205776319,1099.5092068779818,0.5576042926903002
34.20854649036201,35.29446205776319,869.2835197978006,0.5075877575374834
34.20854649036201,35.29746205776319,648.5181431038612,0.451455982596888
34.20854649036201,35.30046205776319,474.6609654800407,0.3984739800581115
34.20854649036201,35.30346205776319,331.5082400269566,0.34517894057776116
34.20854649036201,35.30646205776319,197.3705005120271,0.2805171754768576
34.20854649036201,35.30946205776319,127.49847247241931,0.23553125871235428
34.20854649036201,35.31246205776319,65.46093677709855,0.18040121025323638
34.20854649036201,35.31546205776319,32.94397810087477,0.13707459664308014
34.20854649036201,35.31846205776319,19.767353882424576,0.11174445333967033
34.20854649036201,35.32146205776319,13.095485029732723,0.09477530609500866
34.20854649036201,35.32446205776319,3.288491083228581,0.054531221727280886
34.20854649036201,35.32746205776319,3.288491083228581,0.054531221727280886
34.21154649036201,35.171462057763186,3.130489150233059,0.05346769248000901
34.21154649036201,35.174462057763186,6.258851137257697,0.07054145435274688
34.21154649036201,35.17746205776319,9.428407978133958,0.08310399599884932
34.21154649036201,35.18046205776319,18.81933235472808,0.1095691380532223
34.21154649036201,35.18346205776319,31.472029050215863,0.13459113568858794
34.21154649036201,35.18646205776319,37.7595360027417,0.14476288176986285
34.21154649036201,35.18946205776319,66.08206106783886,0.18108396380979908
34.21154649036201,35.19246205776319,88.14863866474212,0.2032042580791254
34.21154649036201,35.19546205776319,122.81383599740232,0.23203071533968578
34.21154649036201,35.19846205776319,144.89372610059303,0.24789421545193235
34.21154649036201,35.20146205776319,157.49407836152946,0.25630215165736575
34.21154649036201,35.20446205776319,166.92133861856533,0.26233202030648745
34.21154649036201,35.20746205776319,192.77373731793105,0.27788538561916776
34.21154649036201,35.21046205776319,209.9706481631273,0.28754776471738597
34.21154649036201,35.21346205776319,232.19874306181504,0.29935775013016425
34.21154649036201,35.21646205776319,240.60024659833863,0.30364419837016476
34.21154649036201,35.21946205776319,259.9137100235146,0.31316861796512707
34.21154649036201,35.22246205776319,272.90912701886555,0.319340340812236
34.21154649036201,35.22546205776319,320.3444462549048,0.3404814376221906
34.21154649036201,35.22846205776319,325.3497547845674,0.34259952292092416
34.21154649036201,35.23146205776319,370.43447575414154,0.3608536645083261
34.21154649036201,35.23446205776319,422.85240611606037,0.3804714581461021
34.21154649036201,35.23746205776319,443.83647364121276,0.3879142698674905
34.21154649036201,35.24046205776319,513.7100325323067,0.4112763904621968
34.21154649036201,35.24346205776319,583.6476762050984,0.4328195455057759
34.21154649036201,35.24646205776319,672.6182084347768,0.45809337218176016
34.21154649036201,35.24946205776319,816.0211705652376,0.494911027528167
34.21154649036201,35.25246205776319,902.6460250622188,0.5152921779234599
34.21154649036201,35.25546205776319,1042.1781980437283,0.5457872095604699
34.21154649036201,35.25846205776319,1203.181406220388,0.578068101418064
34.21154649036201,35.26146205776319,1418.2477063442363,0.6173726645924548
34.21154649036201,35.26446205776319,1504.8112508014121,0.6321779912962133
34.21154649036201,35.26746205776319,1602.9211312899422,0.6483528467518972
34.21154649036201,35.27046205776319,1707.5770454813894,0.6649648415172487
34.21154649036201,35.27346205776319,1760.900818820844,0.6731944370598315
34.21154649036201,35.27646205776319,1732.278416765809,0.6687959555523604
34.21154649036201,35.27946205776319,1646.8912721317083,0.6554091973706212
34.21154649036201,35.28246205776319,1527.804651688274,0.6360242749591982
34.21154649036201,35.28546205776319,1337.4324012723246,0.6030527420701624
34.21154649036201,35.28846205776319,1122.549625878096,0.5622491145342414
34.21154649036201,35.29146205776319,918.8268337670936,0.5189673411614997
34.21154649036201,35.29446205776319,729.3413160330126,0.4731718361484158
34.21154649036201,35.29746205776319,551.0911044710332,0.42299566899347646
34.21154649036201,35.30046205776319,355.06528020831564,0.354788752388016
34.21154649036201,35.30346205776319,244.5499357394434,0.3056283111357816
34.21154649036201,35.30646205776319,161.51789495588284,0.2589016502833273
34.21154649036201,35.30946205776319,98.1648155249209,0.2121430958314682
34.21154649036201,35.31246205776319,52.420613619671045,0.16506211307290786
34.21154649036201,35.31546205776319,29.504566810478636,0.13116025653477395
34.21154649036201,35.31846205776319,13.17405005794353,0.0950023359696375
34.21154649036201,35.32146205776319,6.569734197082991,0.07192264987998014
34.21454649036201,35.168462057763186,3.130489150233059,0.05346769248000901
34.21454649036201,35.171462057763186,9.466386747660561,0.08323773571986488
34.21454649036201,35.174462057763186,18.95989393558394,0.10989575619845098
34.21454649036201,35.17746205776319,28.296507824861532,0.12898514515770887
34.21454649036201,35.18046205776319,41.039563053247065,0.1496675507464736
34.21454649036201,35.18346205776319,69.21021184888828,0.18446527846885846
34.21454649036201,35.18646205776319,94.38086357753264,0.2088334864715976
34.21454649036201,35.18946205776319,125.81284736220469,0.23428072368832525
34.21454649036201,35.19246205776319,150.9681010903188,0.2520000560275607
34.21454649036201,35.19546205776319,195.0546658697391,0.2791959394582085
34.21454649036201,35.19846205776319,213.88642530503063,0.28968089207535425
34.21454649036201,35.20146205776319,235.8865936473411,0.30125056072237405
34.21454649036201,35.20446205776319,246.29523642645057,0.3064989318041686
34.21454649036201,35.20746205776319,262.0152616356969,0.3141790308906298
34.21454649036201,35.21046205776319,292.42739435539954,0.32828707328848145
34.21454649036201,35.21346205776319,295.6005844824193,0.32970738566859525
34.21454649036201,35.21646205776319,333.25600353768,0.3459057275042041
34.21454649036201,35.21946205776319,339.8018230756797,0.3486075929837149
34.21454649036201,35.22246205776319,371.39311788201627,0.3612269141377669
34.21454649036201,35.22546205776319,428.86663698386303,0.3826268701377238
34.21454649036201,35.22846205776319,447.77116828656233,0.3892862021243678
34.21454649036201,35.23146205776319,461.4018262478529,0.39398372682979277
34.21454649036201,35.23446205776319,506.8566064839575,0.40907280147640723
34.21454649036201,35.23746205776319,576.8779635125475,0.4308044097582649
34.21454649036201,35.24046205776319,631.5771245755674,0.4467011978334365
34.21454649036201,35.24346205776319,677.9687222379375,0.4595475168081064
34.21454649036201,35.24646205776319,795.627109709058,0.48992588905781004
34.21454649036201,35.24946205776319,911.8485461289846,0.5173871573040631
34.21454649036201,35.25246205776319,1047.8919225842246,0.5469821543875782
34.21454649036201,35.25546205776319,1170.2761550710466,0.5716917207939044
34.21454649036201,35.25846205776319,1345.1340545742748,0.6044394301827312
34.21454649036201,35.26146205776319,1541.1357320952225,0.6382383795730455
34.21454649036201,35.26446205776319,1653.7415638971038,0.6564983170065583
34.21454649036201,35.26746205776319,1685.6963405774832,0.6615433344852791
34.21454649036201,35.27046205776319,1741.775733674916,0.6702602352745894
34.21454649036201,35.27346205776319,1743.929361612842,0.6705916111341941
34.21454649036201,35.27646205776319,1663.1719742836704,0.6579932275768094
34.21454649036201,35.27946205776319,1568.8319170506722,0.6428018631110206
34.21454649036201,35.28246205776319,1390.2659222321518,0.6124712557812181
34.21454649036201,35.28546205776319,1220.7168861200826,0.5814234466091233
34.21454649036201,35.28846205776319,1014.6557226353683,0.5399754860008726
34.21454649036201,35.29146205776319,781.5121347325855,0.48643055889724346
34.21454649036201,35.29446205776319,594.0734314511742,0.4358957276341927
34.21454649036201,35.29746205776319,447.37503830694027,0.38914840952624813
34.21454649036201,35.30046205776319,306.008867372695,0.33430291610843754
34.21454649036201,35.30346205776319,184.6015059967327,0.2731119205469947
34.21454649036201,35.30646205776319,97.27061630448421,0.2113679948103179
34.21454649036201,35.30946205776319,65.53654123239868,0.18048452352701042
34.21454649036201,35.31246205776319,42.6782547954534,0.15202997396207013
34.21454649036201,35.31546205776319,19.70859373536875,0.11161146669194169
34.21454649036201,35.31846205776319,6.6016982195695,0.07206241750358153
34.21454649036201,35.32146205776319,3.306165340930619,0.054648266204647945
34.21754649036201,35.165462057763186,6.348398331897107,0.07094343748650461
34.21754649036201,35.168462057763186,19.095681610849105,0.11020990456809115
34.21754649036201,35.171462057763186,22.2762880161171,0.11721513446879013
34.21754649036201,35.174462057763186,34.50603625565906,0.13963831194355739
34.21754649036201,35.17746205776319,47.760806613575426,0.15902859480649315
34.21754649036201,35.18046205776319,76.45670660252853,0.19196090778580369
34.21754649036201,35.18346205776319,123.13803682029811,0.23227552508515278
34.21754649036201,35.18646205776319,144.5710680840617,0.24767325749542854
34.21754649036201,35.18946205776319,188.66535184496666,0.27550115271374515
34.21754649036201,35.19246205776319,210.6512259660044,0.28792021422029396
34.21754649036201,35.19546205776319,263.97017941393347,0.3151145868534812
34.21754649036201,35.19846205776319,298.5651280451475,0.3310260661063784
34.21754649036201,35.20146205776319,295.4349516530964,0.32963347573385404
34.21754649036201,35.20446205776319,315.45536981853905,0.33839328015109427
34.21754649036201,35.20746205776319,339.5246832453393,0.34849383644450305
34.21754649036201,35.21046205776319,380.0135694642368,0.3645576383846018
34.21754649036201,35.21346205776319,388.5929226920174,0.3678277707130192
34.21754649036201,35.21646205776319,412.8225647650629,0.37683560623626816
34.21754649036201,35.21946205776319,441.00932449602635,0.38692400032249386
34.21754649036201,35.22246205776319,464.7958390992196,0.3951404162291755
34.21754649036201,35.22546205776319,510.4844051738753,0.41024146282538815
34.21754649036201,35.22846205776319,523.9332591541933,0.41453093660107926
34.21754649036201,35.23146205776319,591.3741189466134,0.43510240714720844
34.21754649036201,35.23446205776319,597.5063697042663,0.4369015406195879
34.21754649036201,35.23746205776319,664.3079026542387,0.45582099826915046
34.21754649036201,35.24046205776319,776.9943288492641,0.4853038089796381
34.21754649036201,35.24346205776319,808.6267745318207,0.49311226788069745
34.21754649036201,35.24646205776319,896.6494094720898,0.5139201275902133
34.21754649036201,35.24946205776319,1046.071120969264,0.5466017847664052
34.21754649036201,35.25246205776319,1170.7251603142204,0.5717794481355649
34.21754649036201,35.25546205776319,1318.9789153627476,0.5997105675267324
34.21754649036201,35.25846205776319,1452.8956888307664,0.6233620145578311
34.21754649036201,35.26146205776319,1582.4138418516122,0.6450220922438912
34.21754649036201,35.26446205776319,1678.8144766229284,0.6604617068735467
34.21754649036201,35.26746205776319,1707.3582165650678,0.6649307536543856
34.21754649036201,35.27046205776319,1724.9223931342497,0.6676585031932096
34.21754649036201,35.27346205776319,1641.5941165474162,0.6545651440002718
34.21754649036201,35.27646205776319,1603.5219809260152,0.6484500489823254
34.21754649036201,35.27946205776319,1453.6651438450779,0.6234940468423937
34.21754649036201,35.28246205776319,1274.6022973192512,0.59155678385871
34.21754649036201,35.28546205776319,1081.1452335395616,0.5538602221658594
34.21754649036201,35.28846205776319,834.1905687896652,0.4992897731235303
34.21754649036201,35.29146205776319,636.772869606102,0.4481675222939233
34.21754649036201,35.29446205776319,471.0930923906489,0.397273187443983
34.21754649036201,35.29746205776319,328.0749771709815,0.34374453578137476
34.21754649036201,35.30046205776319,219.68108728521503,0.2927949811419188
34.21754649036201,35.30346205776319,111.48001998953526,0.2232160278374069
34.21754649036201,35.30646205776319,75.39746722060872,0.19089267473855287
34.21754649036201,35.30946205776319,52.51082927650657,0.1651756829429999
34.21754649036201,35.31246205776319,26.290329924116357,0.12524632017559786
34.21754649036201,35.31546205776319,13.14884695429751,0.09492959511028325
34.21754649036201,35.31846205776319,3.3151952197901036,0.054707920024696294
34.22054649036201,35.159462057763186,3.1180125076184626,0.05338235161752362
34.22054649036201,35.162462057763186,9.763871721439568,0.08427434511500514
34.22054649036201,35.165462057763186,18.767355925828305,0.10944799160607808
34.22054649036201,35.168462057763186,34.960996738746914,0.14037186909602506
34.22054649036201,35.171462057763186,47.000497730000724,0.1580110806285338
34.22054649036201,35.174462057763186,59.85048787467457,0.17404984398982745
34.22054649036201,35.17746205776319,95.50016133072457,0.2098206376204955
34.22054649036201,35.18046205776319,124.18543518515662,0.23306380141543287
34.22054649036201,35.18346205776319,182.07154817298732,0.2716085233338823
34.22054649036201,35.18646205776319,241.69820733066047,0.304197704195027
34.22054649036201,35.18946205776319,254.3685393575425,0.31047877687096415
34.22054649036201,35.19246205776319,295.094024079454,0.32948126615910933
34.22054649036201,35.19546205776319,342.2468139649455,0.34960877601426327
34.22054649036201,35.19846205776319,376.67795896297287,0.363274274218892
34.22054649036201,35.20146205776319,400.82144501375996,0.3724148071450924
34.22054649036201,35.20446205776319,421.15324186376847,0.3798591740461648
34.22054649036201,35.20746205776319,455.8644974004084,0.392085578584498
34.22054649036201,35.21046205776319,474.51144164372676,0.3984237656995696
34.22054649036201,35.21346205776319,474.78806083136135,0.39851665483156085
34.22054649036201,35.21646205776319,482.6006816322247,0.401126849703652
34.22054649036201,35.21946205776319,518.3358916471069,0.41275379331420486
34.22054649036201,35.22246205776319,577.063774344087,0.4308599087698505
34.22054649036201,35.22546205776319,554.1253215813426,0.42392571263370926
34.22054649036201,35.22846205776319,608.8493024459947,0.44020045335289487
34.22054649036201,35.23146205776319,679.9485649949784,0.46008384596263424
34.22054649036201,35.23446205776319,746.6686581496964,0.4776367440053074
34.22054649036201,35.23746205776319,781.7850165315657,0.4864984908656296
34.22054649036201,35.24046205776319,885.7851362161243,0.5114202447434295
34.22054649036201,35.24346205776319,956.2626499611937,0.5273238784978117
34.22054649036201,35.24646205776319,1076.8967865016784,0.5529886184181277
34.22054649036201,35.24946205776319,1184.5703492200141,0.5744746952731522
34.22054649036201,35.25246205776319,1354.3517678915027,0.6060928377677071
34.22054649036201,35.25546205776319,1512.003597616496,0.6333848776333996
34.22054649036201,35.25846205776319,1623.0902287337847,0.6516038259755176
34.22054649036201,35.26146205776319,1663.3753765528736,0.6580254148448963
34.22054649036201,35.26446205776319,1647.037246352905,0.6554324339509265
34.22054649036201,35.26746205776319,1656.5911503358466,0.6569505720808341
34.22054649036201,35.27046205776319,1632.7908513212335,0.6531588018443643
34.22054649036201,35.27346205776319,1567.2479450161575,0.6425421823302137
34.22054649036201,35.27646205776319,1460.5243191187235,0.6246691775214696
34.22054649036201,35.27946205776319,1277.9764900636324,0.5921826869034916
34.22054649036201,35.28246205776319,1081.045428853532,0.5538397700101966
34.22054649036201,35.28546205776319,929.636910526026,0.5214010529251927
34.22054649036201,35.28846205776319,696.6635645578128,0.4645749613028377
34.22054649036201,35.29146205776319,521.7901579875656,0.41385186211502684
34.22054649036201,35.29446205776319,352.0626106155602,0.3535855614073605
34.22054649036201,35.29746205776319,255.84512983927297,0.3111984477702918
34.22054649036201,35.30046205776319,141.02739739248318,0.24522681460223744
34.22054649036201,35.30346205776319,98.38411430572907,0.21233253877919706
34.22054649036201,35.30646205776319,49.65554726130215,0.16152273860920124
34.22054649036201,35.30946205776319,33.1028929529047,0.13733870253531985
34.22054649036201,35.31246205776319,16.60281221471826,0.10421235799448376
34.22054649036201,35.31546205776319,9.950441242520952,0.08491482055591312
34.22054649036201,35.31846205776319,3.3151952197901036,0.054707920024696294
34.22354649036201,35.153462057763186,9.350708681242077,0.08282937247748694
34.22354649036201,35.156462057763186,6.2582472730776235,0.07053873189205338
34.22354649036201,35.159462057763186,15.622355860808337,0.10170567135385371
34.22354649036201,35.162462057763186,21.983814702999553,0.11659710899290651
34.22354649036201,35.165462057763186,31.264609342729916,0.1342356168818785
34.22354649036201,35.168462057763186,53.14580594210193,0.1659717446971872
34.22354649036201,35.171462057763186,84.49199542661611,0.19978955847130295
34.22354649036201,35.174462057763186,106.45555618539495,0.21913608259726766
34.22354649036201,35.17746205776319,153.48830288583136,0.25367441879870256
34.22354649036201,35.18046205776319,200.58713392788744,0.2823369959805793
34.22354649036201,35.18346205776319,252.15686829664622,0.3093961328834184
34.22354649036201,35.18646205776319,294.78623691982,0.3293437617109094
34.22354649036201,35.18946205776319,329.4061771767214,0.3443017704897054
34.22354649036201,35.19246205776319,384.71076465645785,0.36635345850236267
34.22354649036201,35.19546205776319,410.9553627040236,0.37615290587374234
34.22354649036201,35.19846205776319,469.60247474479775,0.3967698937103505
34.22354649036201,35.20146205776319,473.61563278106007,0.3981227285889496
34.22354649036201,35.20446205776319,505.57643206536557,0.4086592076768501
34.22354649036201,35.20746205776319,509.0537962217529,0.4097812025188555
34.22354649036201,35.21046205776319,519.464554725546,0.4131130630525996
34.22354649036201,35.21346205776319,512.3404200994574,0.410837434317496
34.22354649036201,35.21646205776319,533.2756701779742,0.4174719191825813
34.22354649036201,35.21946205776319,586.5477763178623,0.4336785252493512
34.22354649036201,35.22246205776319,617.6218865680479,0.44272661556989107
34.22354649036201,35.22546205776319,681.8085846304843,0.46058686266893445
34.22354649036201,35.22846205776319,719.3683157126711,0.47057308396854125
34.22354649036201,35.23146205776319,772.5782655306167,0.4841986283891289
34.22354649036201,35.23446205776319,863.052052206765,0.5061291563094101
34.22354649036201,35.23746205776319,916.9979518903673,0.5185539020706713
34.22354649036201,35.24046205776319,968.7590698480881,0.5300695697895482
34.22354649036201,35.24346205776319,1082.4689783365045,0.5541313792442514
34.22354649036201,35.24646205776319,1224.2696091700243,0.5820997166847466
34.22354649036201,35.24946205776319,1322.3967243042223,0.600331685856891
34.22354649036201,35.25246205776319,1495.9766170661323,0.630690780520405
34.22354649036201,35.25546205776319,1611.3707112246907,0.6497177723051916
34.22354649036201,35.25846205776319,1636.8721484266944,0.653811362781355
34.22354649036201,35.26146205776319,1648.3294867562815,0.6556380824875756
34.22354649036201,35.26446205776319,1658.7987455019022,0.6573006165730227
34.22354649036201,35.26746205776319,1642.314221797858,0.6546799820779475
34.22354649036201,35.27046205776319,1558.8600549671435,0.6411644165572442
34.22354649036201,35.27346205776319,1437.983851804562,0.6207949336944197
34.22354649036201,35.27646205776319,1308.2350294322214,0.5977517686985747
34.22354649036201,35.27946205776319,1149.6749962295555,0.5676447098856404
34.22354649036201,35.28246205776319,943.8074961390205,0.5245657477501813
34.22354649036201,35.28546205776319,746.1698770392914,0.4775090922320021
34.22354649036201,35.28846205776319,577.7327239549753,0.4310596256176827
34.22354649036201,35.29146205776319,404.5409848105138,0.3737933504757582
34.22354649036201,35.29446205776319,264.5065752517678,0.31537056004676184
34.22354649036201,35.29746205776319,176.04064576625038,0.2679734339534891
34.22354649036201,35.30046205776319,97.39086143310482,0.21147247261951824
34.22354649036201,35.30346205776319,65.6182470053794,0.18057449541392764
34.22354649036201,35.30646205776319,39.75059072423875,0.14776922485114366
34.22354649036201,35.30946205776319,19.9150565727425,0.1120776917780651
34.22354649036201,35.31246205776319,9.9839235496177,0.0850289975695627
34.22354649036201,35.31546205776319,6.6442759015903325,0.0722479657866122
34.22654649036201,35.147462057763185,6.272645180120611,0.07060360053380026
34.22654649036201,35.150462057763185,9.3945610501349,0.082984533621057
34.22654649036201,35.153462057763186,15.666059561939946,0.10181938504598803
34.22654649036201,35.156462057763186,18.78609800322029,0.10949169874326588
34.22654649036201,35.159462057763186,28.24037339201209,0.12888273221429644
34.22654649036201,35.162462057763186,40.81492582487846,0.1493393184556058
34.22654649036201,35.165462057763186,65.91831352950226,0.18090434395637212
34.22654649036201,35.168462057763186,97.37141249470545,0.21145557920071736
34.22654649036201,35.171462057763186,150.93194527687984,0.25197591338641795
34.22654649036201,35.174462057763186,198.17941010842452,0.28097648352244226
34.22654649036201,35.17746205776319,232.90304680785312,0.29972062417046347
34.22654649036201,35.18046205776319,284.93283401794133,0.32489539774100606
34.22654649036201,35.18346205776319,333.7367760841288,0.3461052498608613
34.22654649036201,35.18646205776319,371.541477173752,0.3612846265137161
34.22654649036201,35.18946205776319,422.9115516633009,0.3804927442951897
34.22654649036201,35.19246205776319,448.07921999822537,0.3893933064205864
34.22654649036201,35.19546205776319,452.84872018860557,0.3910459733379119
34.22654649036201,35.19846205776319,476.09920228636395,0.3989564969477542
34.22654649036201,35.20146205776319,518.4722707022537,0.41279722965011395
34.22654649036201,35.20446205776319,527.2043611058284,0.4155642297605407
34.22654649036201,35.20746205776319,562.7273010519308,0.42654588312900127
34.22654649036201,35.21046205776319,564.5047736399815,0.4270843012040035
34.22654649036201,35.21346205776319,607.6889016319354,0.43986467152735875
34.22654649036201,35.21646205776319,652.9954868718197,0.452700143585414
34.22654649036201,35.21946205776319,659.2166590730887,0.45442041075726164
34.22654649036201,35.22246205776319,725.2812997332378,0.47211647119924266
34.22654649036201,35.22546205776319,776.9465636728536,0.4852918752762863
34.22654649036201,35.22846205776319,812.9008498975436,0.4941531764807723
34.22654649036201,35.23146205776319,868.9095099202744,0.5075003902561136
34.22654649036201,35.23446205776319,965.6829017837915,0.5293956606286723
34.22654649036201,35.23746205776319,1042.3193984522638,0.5458167869379102
34.22654649036201,35.24046205776319,1143.7714106385883,0.5664769656934504
34.22654649036201,35.24346205776319,1240.426525906897,0.5851604676253326
34.22654649036201,35.24646205776319,1408.11931044153,0.6156052884976101
34.22654649036201,35.24946205776319,1465.750446373938,0.6255623096035944
34.22654649036201,35.25246205776319,1527.895371762332,0.6360393813777933
34.22654649036201,35.25546205776319,1634.8678770233594,0.6534910208180078
34.22654649036201,35.25846205776319,1628.5327219529622,0.6524769230484455
34.22654649036201,35.26146205776319,1631.65940489006,0.6529777209956928
34.22654649036201,35.26446205776319,1610.3526315123972,0.6495535419648316
34.22654649036201,35.26746205776319,1545.301402470033,0.6389278809154241
34.22654649036201,35.27046205776319,1440.5609254869942,0.621239716148716
34.22654649036201,35.27346205776319,1287.3736434145287,0.5939206230121246
34.22654649036201,35.27646205776319,1118.9697312539986,0.561531205409534
34.22654649036201,35.27946205776319,968.7913001702411,0.5300766238210471
34.22654649036201,35.28246205776319,773.5695822908601,0.4844470483072949
34.22654649036201,35.28546205776319,607.3838902691734,0.43977634743271804
34.22654649036201,35.28846205776319,472.86353546047155,0.3978697219026303
34.22654649036201,35.29146205776319,322.86728535504017,0.3415514844828271
34.22654649036201,35.29446205776319,188.33380404198903,0.27530739164087514
34.22654649036201,35.29746205776319,126.9328448186053,0.2351127416321201
34.22654649036201,35.30046205776319,74.47859929480028,0.18995868763134321
34.22654649036201,35.30346205776319,43.08107922020413,0.15260233892129654
34.22654649036201,35.30646205776319,26.514854958570787,0.1256730810895628
34.22654649036201,35.30946205776319,19.88814467184585,0.11201708542461707
34.22654649036201,35.31246205776319,6.6442759015903325,0.0722479657866122
34.22954649036201,35.144462057763185,6.304420556400863,0.07074644653792607
34.22954649036201,35.147462057763185,9.463636861608155,0.08322806300121943
34.22954649036201,35.150462057763185,18.913079030925452,0.10978713585796943
34.22954649036201,35.153462057763186,21.92263115279396,0.11646719905127835
34.22954649036201,35.156462057763186,28.446254433270987,0.1292577513670159
34.22954649036201,35.159462057763186,53.00972801295159,0.16580162806698287
34.22954649036201,35.162462057763186,77.9831210322687,0.1934847788238508
34.22954649036201,35.165462057763186,112.92629029488467,0.2243698951371486
34.22954649036201,35.168462057763186,156.88512901287135,0.2559052949806332
34.22954649036201,35.171462057763186,229.3352312796746,0.29787555974092034
34.22954649036201,35.174462057763186,272.90477233060784,0.3193383025743735
34.22954649036201,35.17746205776319,326.864656103857,0.3432367218445498
34.22954649036201,35.18046205776319,367.99215706304255,0.3599001150337548
34.22954649036201,35.18346205776319,405.7300511621225,0.37423243951824403
34.22954649036201,35.18646205776319,459.30493169143773,0.39326654594899896
34.22954649036201,35.18946205776319,471.16208849456,0.39729646020964926
34.22954649036201,35.19246205776319,501.4041035838597,0.40730684994318794
34.22954649036201,35.19546205776319,513.1557994221855,0.41109884531166063
34.22954649036201,35.19846205776319,566.7822342829095,0.42777268720760064
34.22954649036201,35.20146205776319,595.3407138717951,0.43626743244242966
34.22954649036201,35.20446205776319,593.6175750556937,0.43576190470530474
34.22954649036201,35.20746205776319,606.4734446958545,0.4395125454905058
34.22954649036201,35.21046205776319,620.4314674056961,0.4435311095941368
34.22954649036201,35.21346205776319,676.9854016723983,0.45928079105300845
34.22954649036201,35.21646205776319,719.2506722564713,0.4705422999826258
34.22954649036201,35.21946205776319,768.4072946250894,0.48315129951447
34.22954649036201,35.22246205776319,816.9284276362566,0.4951310521403191
34.22954649036201,35.22546205776319,909.5184743023524,0.5168579138557235
34.22954649036201,35.22846205776319,961.2490451045663,0.5284220467824454
34.22954649036201,35.23146205776319,981.7968573346488,0.5329116511559367
34.22954649036201,35.23446205776319,1064.4513925802848,0.550423406962763
34.22954649036201,35.23746205776319,1229.6204308339907,0.5831160409565399
34.22954649036201,35.24046205776319,1302.7835170172812,0.5967541699780834
34.22954649036201,35.24346205776319,1425.6013439510114,0.6186511133134959
34.22954649036201,35.24646205776319,1530.0272915330825,0.636394227073347
34.22954649036201,35.24946205776319,1578.350513357956,0.6443590650730795
34.22954649036201,35.25246205776319,1625.7040594102768,0.6520233614768322
34.22954649036201,35.25546205776319,1618.6768405758257,0.6508945296345098
34.22954649036201,35.25846205776319,1602.7387107758132,0.648323331413783
34.22954649036201,35.26146205776319,1573.0152093997665,0.6434869282353305
34.22954649036201,35.26446205776319,1537.7126159096292,0.6376709482624393
34.22954649036201,35.26746205776319,1444.0654912557247,0.621843810980826
34.22954649036201,35.27046205776319,1289.9188568116485,0.5943900311250953
34.22954649036201,35.27346205776319,1132.0665882450267,0.5641509833767359
34.22954649036201,35.27646205776319,1015.5769929540159,0.5401715438119944
34.22954649036201,35.27946205776319,867.107330766127,0.507079091452774
34.22954649036201,35.28246205776319,662.0893843791866,0.4552114844183725
34.22954649036201,35.28546205776319,500.2864039417727,0.40694342928337734
34.22954649036201,35.28846205776319,350.4019178566964,0.3529174643021322
34.22954649036201,35.29146205776319,232.88193266106111,0.29970975524030247
34.22954649036201,35.29446205776319,146.65989322609698,0.24909849644936885
34.22954649036201,35.29746205776319,88.64308332645773,0.20365941969381737
34.22954649036201,35.30046205776319,39.40384589227115,0.14725227225328583
34.22954649036201,35.30346205776319,29.82838068768781,0.1317341674986071
34.22954649036201,35.30646205776319,19.90625527908426,0.11205787642904426
34.22954649036201,35.30946205776319,6.67790942554557,0.07239403277746048
34.23254649036201,35.138462057763185,3.1880449024716984,0.05385875775232855
34.23254649036201,35.141462057763185,3.1880449024716984,0.05385875775232855
34.23254649036201,35.144462057763185,9.463636861608155,0.08322806300121943
34.23254649036201,35.147462057763185,18.889521748387267,0.1097324170334885
34.23254649036201,35.150462057763185,28.396172314009696,0.12916667541184831
34.23254649036201,35.153462057763186,34.715982039125585,0.13997753533388044
34.23254649036201,35.156462057763186,50.095192945224724,0.1620932693329502
34.23254649036201,35.159462057763186,97.08824155251554,0.21120938621403065
34.23254649036201,35.162462057763186,137.76457278661871,0.2429414281977581
34.23254649036201,35.165462057763186,167.55429193575674,0.26272946599443936
34.23254649036201,35.168462057763186,227.97174264539234,0.29716589701632845
34.23254649036201,35.171462057763186,276.1467615528188,0.32085036831329133
34.23254649036201,35.174462057763186,345.53993125351445,0.3509504934386378
34.23254649036201,35.17746205776319,390.0177568965615,0.36836665671212243
34.23254649036201,35.18046205776319,414.85925368588227,0.3775781663569103
34.23254649036201,35.18346205776319,474.69236836577386,0.3984845248346362
34.23254649036201,35.18646205776319,496.668376568095,0.40576367371324895
34.23254649036201,35.18946205776319,498.36165732978316,0.4063164533175617
34.23254649036201,35.19246205776319,515.7189219306982,0.4119189642608385
34.23254649036201,35.19546205776319,549.1366711161966,0.42239497115199426
34.23254649036201,35.19846205776319,575.4596234866248,0.4303804182324605
34.23254649036201,35.20146205776319,595.7186664465273,0.43637819725477134
34.23254649036201,35.20446205776319,617.2189063160362,0.442611046467588
34.23254649036201,35.20746205776319,671.9007323244541,0.4578978518798865
34.23254649036201,35.21046205776319,710.4351551719171,0.46822687553094705
34.23254649036201,35.21346205776319,753.3177289815164,0.4793335589607287
34.23254649036201,35.21646205776319,807.243232917235,0.4927746130444197
34.23254649036201,35.21946205776319,853.6768967720312,0.5039227572694576
34.23254649036201,35.22246205776319,933.0086979141347,0.5221566787965013
34.23254649036201,35.22546205776319,1006.3841570260856,0.5382103893049546
34.23254649036201,35.22846205776319,1098.568880083236,0.557413493071212
34.23254649036201,35.23146205776319,1214.3775730669531,0.5802138021749081
34.23254649036201,35.23446205776319,1263.8905180086776,0.5895631663469085
34.23254649036201,35.23746205776319,1376.0190646285996,0.6099529566019717
34.23254649036201,35.24046205776319,1456.693232368526,0.6240132356352084
34.23254649036201,35.24346205776319,1484.7989763972487,0.6288015798049559
34.23254649036201,35.24646205776319,1577.0660990660601,0.6441492698161461
34.23254649036201,35.24946205776319,1640.1001654979812,0.6543268011882337
34.23254649036201,35.25246205776319,1617.0899043287845,0.6506392020590067
34.23254649036201,35.25546205776319,1635.4718854854373,0.6535875840625417
34.23254649036201,35.25846205776319,1564.2332456573008,0.6420475087253359
34.23254649036201,35.26146205776319,1533.7624073187865,0.637015200978639
34.23254649036201,35.26446205776319,1403.2122901296298,0.6147462841302055
34.23254649036201,35.26746205776319,1300.9177211078363,0.59641216373678
34.23254649036201,35.27046205776319,1146.4394495136298,0.5670051573233478
34.23254649036201,35.27346205776319,973.462511724689,0.5310974948941373
34.23254649036201,35.27646205776319,891.2765493905811,0.5126861110251387
34.23254649036201,35.27946205776319,684.6645800909037,0.4613576271643615
34.23254649036201,35.28246205776319,526.2534474201739,0.415264247609035
34.23254649036201,35.28546205776319,364.8287934867271,0.3586593880498736
34.23254649036201,35.28846205776319,243.2932947928971,0.30499914107692033
34.23254649036201,35.29146205776319,160.7610076538188,0.2584156718171308
34.23254649036201,35.29446205776319,111.59367639260842,0.22330702952716447
34.23254649036201,35.29746205776319,56.23617466591345,0.16976684154463803
34.23254649036201,35.30046205776319,29.983766724983607,0.13200823868034117
34.23254649036201,35.30346205776319,16.447804283913776,0.10382208162390401
34.23254649036201,35.30646205776319,9.866667031303496,0.08462813093594536
34.23254649036201,35.30946205776319,6.67790942554557,0.07239403277746048
34.23554649036201,35.132462057763185,3.1880449024716984,0.05385875775232855
34.23554649036201,35.135462057763185,3.219146279177837,0.05406831620844367
34.23554649036201,35.138462057763185,3.219146279177837,0.05406831620844367
34.23554649036201,35.141462057763185,3.219146279177837,0.05406831620844367
34.23554649036201,35.144462057763185,19.08699005722112,0.11018983665650138
34.23554649036201,35.147462057763185,31.84539653664962,0.1352275640311505
34.23554649036201,35.150462057763185,40.99356158240515,0.14960042289666045
34.23554649036201,35.153462057763186,53.613118374214984,0.1665539694991704
34.23554649036201,35.156462057763186,94.6285239024048,0.20905251015675386
34.23554649036201,35.159462057763186,134.56103819251604,0.2406657518714353
34.23554649036201,35.162462057763186,180.00853458865816,0.27037329822522504
34.23554649036201,35.165462057763186,202.16485641204832,0.283223199790824
34.23554649036201,35.168462057763186,268.76599089970875,0.31739222628740277
34.23554649036201,35.171462057763186,341.7177477765343,0.34939249697184627
34.23554649036201,35.174462057763186,402.1013509501921,0.3728900312989828
34.23554649036201,35.17746205776319,427.68830230272823,0.3822060076611219
34.23554649036201,35.18046205776319,462.61510458554926,0.3943978000608162
34.23554649036201,35.18346205776319,482.75017140469356,0.40117654610264225
34.23554649036201,35.18646205776319,489.0396939150427,0.40325912621277926
34.23554649036201,35.18946205776319,517.8969613132782,0.412613948700825
34.23554649036201,35.19246205776319,517.9508654918601,0.4126311265745605
34.23554649036201,35.19546205776319,556.8637219937956,0.4247624632813899
34.23554649036201,35.19846205776319,577.1070656290983,0.4308728377112703
34.23554649036201,35.20146205776319,651.4958725668182,0.45228400355805015
34.23554649036201,35.20446205776319,699.2251699147854,0.46525749881404255
34.23554649036201,35.20746205776319,784.8118649092936,0.487251050847426
34.23554649036201,35.21046205776319,822.9524982240428,0.49658828229722507
34.23554649036201,35.21346205776319,877.4565272989101,0.5094913369601309
34.23554649036201,35.21646205776319,959.0823804364986,0.527945296866183
34.23554649036201,35.21946205776319,1031.9373527084847,0.5436356058643346
34.23554649036201,35.22246205776319,1101.2660912609663,0.5579605160161454
34.23554649036201,35.22546205776319,1175.3257676857932,0.5726771611595443
34.23554649036201,35.22846205776319,1252.4130553950479,0.5874157608476729
34.23554649036201,35.23146205776319,1316.8024921025167,0.5993145427834844
34.23554649036201,35.23446205776319,1416.132819218112,0.6170042499454084
34.23554649036201,35.23746205776319,1524.4291026876062,0.6354618062381276
34.23554649036201,35.24046205776319,1578.3722250012029,0.6443626105558583
34.23554649036201,35.24346205776319,1569.4574085202257,0.6429043645955299
34.23554649036201,35.24646205776319,1586.3832731440946,0.645668812236399
34.23554649036201,35.24946205776319,1591.8448682888306,0.6465570581471545
34.23554649036201,35.25246205776319,1581.7398171653986,0.6449121800654231
34.23554649036201,35.25546205776319,1529.391664786508,0.6362884617397019
34.23554649036201,35.25846205776319,1467.8282385672092,0.6259168682243441
34.23554649036201,35.26146205776319,1378.944663422507,0.6104713624171673
34.23554649036201,35.26446205776319,1236.2414139985667,0.5843699507351859
34.23554649036201,35.26746205776319,1130.887481852993,0.5639158728264198
34.23554649036201,35.27046205776319,948.5844749433472,0.525626152460268
34.23554649036201,35.27346205776319,858.7162127448373,0.5051105335765884
34.23554649036201,35.27646205776319,729.587945323534,0.47323583153453214
34.23554649036201,35.27946205776319,546.2234928012023,0.4214972159224372
34.23554649036201,35.28246205776319,392.80352595336404,0.36941685901070936
34.23554649036201,35.28546205776319,257.35479899780944,0.31193166891503865
34.23554649036201,35.28846205776319,180.5879321097635,0.27072106531503637
34.23554649036201,35.29146205776319,109.01040845553084,0.22122476739275
34.23554649036201,35.29446205776319,72.76146857198319,0.18819459350696238
34.23554649036201,35.29746205776319,36.5964683984003,0.1429625320123407
34.23554649036201,35.30046205776319,23.27688376408244,0.11929342166342931
34.23554649036201,35.30346205776319,13.349887402633298,0.09550752733927569
34.23554649036201,35.30646205776319,6.67790942554557,0.07239403277746048
34.23854649036201,35.129462057763185,3.219146279177837,0.05406831620844367
34.23854649036201,35.132462057763185,3.219146279177837,0.05406831620844367
34.23854649036201,35.135462057763185,3.219146279177837,0.05406831620844367
34.23854649036201,35.138462057763185,3.2276484885468655,0.05412539176544453
34.23854649036201,35.141462057763185,16.067579380239653,0.10285531582002343
34.23854649036201,35.144462057763185,25.694451895798316,0.12410300671609238
34.23854649036201,35.147462057763185,44.56853506091783,0.15468845581088894
34.23854649036201,35.150462057763185,63.66215181464039,0.17840174003358159
34.23854649036201,35.153462057763186,88.21179040913795,0.2032624776796524
34.23854649036201,35.156462057763186,126.05506727479808,0.23446103822845382
34.23854649036201,35.159462057763186,173.32643104181682,0.26631306822820566
34.23854649036201,35.162462057763186,217.65988051636236,0.29171443160821775
34.23854649036201,35.165462057763186,284.0682383350836,0.32450069520093583
34.23854649036201,35.168462057763186,338.85829508430396,0.34822007837878477
34.23854649036201,35.171462057763186,386.9664234160763,0.36721116192863906
34.23854649036201,35.174462057763186,433.19788003007733,0.384167913985752
34.23854649036201,35.17746205776319,474.57862255079436,0.3984463281339743
34.23854649036201,35.18046205776319,483.29528866784267,0.4013576867721831
34.23854649036201,35.18346205776319,463.76218133020603,0.3947886809090037
34.23854649036201,35.18646205776319,501.69342422930333,0.4074008435000136
34.23854649036201,35.18946205776319,490.00638289480366,0.40357778764638386
34.23854649036201,35.19246205776319,554.9909760459498,0.42419049125257763
34.23854649036201,35.19546205776319,595.7805657788667,0.43639633378707754
34.23854649036201,35.19846205776319,665.0998129619443,0.45603827121497287
34.23854649036201,35.20146205776319,736.4670582654318,0.4750156198863325
34.23854649036201,35.20446205776319,784.5252189711287,0.48717985730530616
34.23854649036201,35.20746205776319,888.7434664650891,0.5121027745059998
34.23854649036201,35.21046205776319,975.0325930882746,0.5314399685433926
34.23854649036201,35.21346205776319,1041.1664360398674,0.5455752044840507
34.23854649036201,35.21646205776319,1105.315034025852,0.5587801774121224
34.23854649036201,35.21946205776319,1199.3647858598445,0.5773339246471462
34.23854649036201,35.22246205776319,1280.52723150443,0.592655184304896
34.23854649036201,35.22546205776319,1366.747558492991,0.6083056959687675
34.23854649036201,35.22846205776319,1444.9673908197472,0.6219991323613315
34.23854649036201,35.23146205776319,1459.595849630837,0.6245103039136435
34.23854649036201,35.23446205776319,1496.937093405889,0.6308527207347493
34.23854649036201,35.23746205776319,1561.7318371347733,0.6416366251839709
34.23854649036201,35.24046205776319,1601.4707482749895,0.64811812145609
34.23854649036201,35.24346205776319,1601.4222994840286,0.6481102784594176
34.23854649036201,35.24646205776319,1573.3919952388324,0.643548577821473
34.23854649036201,35.24946205776319,1559.32234934469,0.6412404670885122
34.23854649036201,35.25246205776319,1506.3321937094347,0.6324334958306994
34.23854649036201,35.25546205776319,1450.273061877363,0.6229116774257617
34.23854649036201,35.25846205776319,1346.0894271839327,0.6046111132586979
34.23854649036201,35.26146205776319,1223.8399326910385,0.5820179892958708
34.23854649036201,35.26446205776319,1086.1268835956441,0.5548796349287937
34.23854649036201,35.26746205776319,1002.7770802416736,0.5374379376892023
34.23854649036201,35.27046205776319,865.2583961766841,0.5066463161931266
34.23854649036201,35.27346205776319,698.2654011603944,0.46500194529995637
34.23854649036201,35.27646205776319,563.6650697662947,0.42683007164022285
34.23854649036201,35.27946205776319,449.4334957187827,0.38986364156750736
34.23854649036201,35.28246205776319,320.0356880600488,0.34035013289917765
34.23854649036201,35.28546205776319,226.61907360402947,0.29645934470717644
34.23854649036201,35.28846205776319,151.84670314971717,0.2525856695397425
34.23854649036201,35.29146205776319,82.64912609340462,0.19803496078281219
34.23854649036201,35.29446205776319,42.72769297238827,0.1521003936587276
34.23854649036201,35.29746205776319,23.277511366290625,0.11929470823099618
34.23854649036201,35.30046205776319,16.65436101936175,0.10434166204077547
34.23854649036201,35.30346205776319,6.6607663125042365,0.07231963726773157
34.24154649036201,35.126462057763185,3.247592997017906,0.05425892672041252
34.24154649036201,35.129462057763185,3.247592997017906,0.05425892672041252
34.24154649036201,35.132462057763185,3.247592997017906,0.05425892672041252
34.24154649036201,35.135462057763185,6.475241485564771,0.07150706423077245
34.24154649036201,35.138462057763185,12.854367267635254,0.09407340031540253
34.24154649036201,35.141462057763185,28.911276057008003,0.13009885207413788
34.24154649036201,35.144462057763185,38.57926602587762,0.14601186382654413
34.24154649036201,35.147462057763185,63.54766214536184,0.17827333603867
34.24154649036201,35.150462057763185,89.0816426395619,0.20406186289811043
34.24154649036201,35.153462057763186,120.94841230162343,0.23061450996073865
34.24154649036201,35.156462057763186,162.34667399136225,0.2594322239579249
34.24154649036201,35.159462057763186,219.47655371750147,0.2926859082339472
34.24154649036201,35.162462057763186,270.9915165261767,0.3184408969415308
34.24154649036201,35.165462057763186,315.8100920981648,0.33854543500823414
34.24154649036201,35.168462057763186,375.40120501581146,0.3627812436759565
34.24154649036201,35.171462057763186,418.48174090384646,0.37889350953248424
34.24154649036201,35.174462057763186,444.39425801729993,0.3881091984140725
34.24154649036201,35.17746205776319,441.5210745826355,0.3871035334899283
34.24154649036201,35.18046205776319,461.00043634972747,0.39384659483775686
34.24154649036201,35.18346205776319,448.8929447483226,0.3896760122425236
34.24154649036201,35.18646205776319,492.8923038126929,0.40452687092382345
34.24154649036201,35.18946205776319,562.8598565774084,0.4265860709915414
34.24154649036201,35.19246205776319,619.0615471505423,0.44313912096340874
34.24154649036201,35.19546205776319,707.7035281653301,0.4675059092019963
34.24154649036201,35.19846205776319,797.9930540050141,0.49050812408353767
34.24154649036201,35.20146205776319,904.1960232785736,0.5156459338181941
34.24154649036201,35.20446205776319,950.4515671899433,0.5260397428771079
34.24154649036201,35.20746205776319,1058.360750336758,0.5491614595036621
34.24154649036201,35.21046205776319,1167.4975315604381,0.5711483792984888
34.24154649036201,35.21346205776319,1276.0935252486693,0.5918335247908018
34.24154649036201,35.21646205776319,1339.3085366673697,0.6033909820622723
34.24154649036201,35.21946205776319,1428.611395951194,0.619173277185964
34.24154649036201,35.22246205776319,1443.0926722189556,0.6216762108813744
34.24154649036201,35.22546205776319,1502.9881249401803,0.631871518516563
34.24154649036201,35.22846205776319,1519.9067134866325,0.6347070666968296
34.24154649036201,35.23146205776319,1546.9556570269697,0.6392013835756345
34.24154649036201,35.23446205776319,1601.5245574634287,0.6481268320388183
34.24154649036201,35.23746205776319,1594.5395248482216,0.6469946297403604
34.24154649036201,35.24046205776319,1584.6676576192367,0.6453894146779889
34.24154649036201,35.24346205776319,1564.038802647138,0.6420155834849087
34.24154649036201,35.24646205776319,1493.5949225275515,0.6302889478127853
34.24154649036201,35.24946205776319,1499.5385210569818,0.6312910191546224
34.24154649036201,35.25246205776319,1418.3464704269127,0.6173898612981708
34.24154649036201,35.25546205776319,1276.3024515166526,0.591872281666968
34.24154649036201,35.25846205776319,1175.5067551672148,0.5727124339705842
34.24154649036201,35.26146205776319,1075.9510008504535,0.5527943020930721
34.24154649036201,35.26446205776319,987.8387315610327,0.5342210301022922
34.24154649036201,35.26746205776319,876.0542770884756,0.5091654964779981
34.24154649036201,35.27046205776319,714.4575697562813,0.46928550171602823
34.24154649036201,35.27346205776319,553.1668154108601,0.4236322436658512
34.24154649036201,35.27646205776319,416.98494114488346,0.3783508455526141
34.24154649036201,35.27946205776319,298.7785806998924,0.3311207097697338
34.24154649036201,35.28246205776319,227.46980391718893,0.29690400892402535
34.24154649036201,35.28546205776319,168.32484769542046,0.2632121013872409
34.24154649036201,35.28846205776319,108.97522529337371,0.22119620446657826
34.24154649036201,35.29146205776319,36.37332738460052,0.14261321581620176
34.24154649036201,35.29446205776319,23.16307710914566,0.11905977611131148
34.24154649036201,35.29746205776319,16.537618706870866,0.10404848240123656
34.24154649036201,35.30046205776319,9.935403392008903,0.08486346541479962
34.24154649036201,35.30346205776319,6.621485752350992,0.07214873815873962
34.24454649036201,35.123462057763184,3.247592997017906,0.05425892672041252
34.24454649036201,35.126462057763185,3.247592997017906,0.05425892672041252
34.24454649036201,35.129462057763185,3.250468686539044,0.05427813976806096
34.24454649036201,35.132462057763185,9.492810101933332,0.08333059400738943
34.24454649036201,35.135462057763185,12.664151289161852,0.09351407802081588
34.24454649036201,35.138462057763185,25.388190885022677,0.12350918682115444
34.24454649036201,35.141462057763185,44.91744816848944,0.15517172586155942
34.24454649036201,35.144462057763185,64.27483246631797,0.17908653828498464
34.24454649036201,35.147462057763185,80.33542741208218,0.1957985195836304
34.24454649036201,35.150462057763185,119.00735614903462,0.2291269020520952
34.24454649036201,35.153462057763186,154.49659091359348,0.25433968009087693
34.24454649036201,35.156462057763186,206.11439083337245,0.28542360453073495
34.24454649036201,35.159462057763186,261.1303113679111,0.3137541471810154
34.24454649036201,35.162462057763186,287.34744384859357,0.3259939165135828
34.24454649036201,35.165462057763186,344.19035871152903,0.3504015678585186
34.24454649036201,35.168462057763186,414.57948072193216,0.3774762932120649
34.24454649036201,35.171462057763186,430.3044915770415,0.383139485843305
34.24454649036201,35.174462057763186,466.28050079703644,0.39564479994389185
34.24454649036201,35.17746205776319,434.3861896678781,0.38458909361457344
34.24454649036201,35.18046205776319,434.9473665091978,0.3847877545390205
34.24454649036201,35.18346205776319,501.4576346827201,0.40732424340669887
34.24454649036201,35.18646205776319,530.9291144876131,0.4167361516353582
34.24454649036201,35.18946205776319,650.5487919084559,0.45202089436423265
34.24454649036201,35.19246205776319,783.6297587627081,0.4869573534834696
34.24454649036201,35.19546205776319,898.6753730320632,0.5143842905189001
34.24454649036201,35.19846205776319,974.1927495725745,0.5312568190566546
34.24454649036201,35.20146205776319,1089.7445472820746,0.5556181731800476
34.24454649036201,35.20446205776319,1192.7058845012648,0.5760496341608471
34.24454649036201,35.20746205776319,1283.4093531424865,0.5931883872938856
34.24454649036201,35.21046205776319,1331.6960228001844,0.6020167868450897
34.24454649036201,35.21346205776319,1424.2873706621128,0.6184229665250668
34.24454649036201,35.21646205776319,1491.1119907481734,0.6298696251167917
34.24454649036201,35.21946205776319,1529.1040901643619,0.6362406019949254
34.24454649036201,35.22246205776319,1578.8736976706173,0.6444444922411745
34.24454649036201,35.22546205776319,1592.9808255559415,0.6467415746229681
34.24454649036201,35.22846205776319,1597.9798630387997,0.6475526444408404
34.24454649036201,35.23146205776319,1598.508087673534,0.647638257370631
34.24454649036201,35.23446205776319,1608.209847036918,0.6492076775309522
34.24454649036201,35.23746205776319,1602.4636786498697,0.648278827859152
34.24454649036201,35.24046205776319,1540.441481514,0.6381233586172482
34.24454649036201,35.24346205776319,1479.3208413105087,0.6278725704851367
34.24454649036201,35.24646205776319,1420.0720930855318,0.617690209161274
34.24454649036201,35.24946205776319,1325.7244497593515,0.6009355085562349
34.24454649036201,35.25246205776319,1255.4423596976078,0.5879836793990882
34.24454649036201,35.25546205776319,1147.5759150133101,0.567229919396302
34.24454649036201,35.25846205776319,1050.007854868619,0.5474236796350498
34.24454649036201,35.26146205776319,904.903024289135,0.5158071717382826
34.24454649036201,35.26446205776319,848.1006045994905,0.5026035010529046
34.24454649036201,35.26746205776319,718.3871330180673,0.47031624350325796
34.24454649036201,35.27046205776319,551.7803881324605,0.4232072163553691
34.24454649036201,35.27346205776319,412.57661859289817,0.3767457876526853
34.24454649036201,35.27646205776319,282.1332135729682,0.3236147042210468
34.24454649036201,35.27946205776319,224.02788760667812,0.2950987663245551
34.24454649036201,35.28246205776319,138.4563761868429,0.24342868028639436
34.24454649036201,35.28546205776319,102.28069805089618,0.21565723550088592
34.24454649036201,35.28846205776319,59.438526580739946,0.17356964469156366
34.24454649036201,35.29146205776319,26.557142605885595,0.12575321546499518
34.24454649036201,35.29446205776319,19.84619253972718,0.11192250983002165
34.24454649036201,35.29746205776319,13.243339162709308,0.09520188794919097
34.24454649036201,35.30046205776319,9.935403392008903,0.08486346541479962
34.24454649036201,35.30346205776319,3.3139367407993476,0.05469961202402762
34.24754649036201,35.123462057763184,3.2685502571096827,0.0543987132738345
34.24754649036201,35.126462057763185,6.519018943648727,0.07170004984597829
34.24754649036201,35.129462057763185,9.796045658957638,0.0843853159213021
34.24754649036201,35.132462057763185,13.058376975882016,0.09466779052286196
34.24754649036201,35.135462057763185,22.146088430182914,0.11694061466726716
34.24754649036201,35.138462057763185,38.88913419674328,0.14647984445558665
34.24754649036201,35.141462057763185,64.9291075395772,0.17981351625641254
34.24754649036201,35.144462057763185,77.93335605324067,0.19343538039074606
34.24754649036201,35.147462057763185,106.0178420150045,0.2187752276097703
34.24754649036201,35.150462057763185,141.4733174622055,0.2455366778088334
34.24754649036201,35.153462057763186,180.12515177433494,0.2704433483422007
34.24754649036201,35.156462057763186,234.7652681478864,0.30067692422776926
34.24754649036201,35.159462057763186,260.9669286777339,0.3136756091950296
34.24754649036201,35.162462057763186,329.0186322699293,0.3441396854637876
34.24754649036201,35.165462057763186,390.60953729231255,0.36859012655504325
34.24754649036201,35.168462057763186,419.07305317249836,0.3791075685542212
34.24754649036201,35.171462057763186,438.6237007589549,0.38608541724954104
34.24754649036201,35.174462057763186,433.3055048992136,0.3842060886326259
34.24754649036201,35.17746205776319,446.8331558838878,0.3889597987721067
34.24754649036201,35.18046205776319,450.6044950148123,0.39026964041039997
34.24754649036201,35.18346205776319,555.5026836483573,0.4243468912649812
34.24754649036201,35.18646205776319,665.2125632275815,0.4560691933836216
34.24754649036201,35.18946205776319,817.5734994299721,0.49528740338761224
34.24754649036201,35.19246205776319,924.3608820690577,0.520215375056807
34.24754649036201,35.19546205776319,1037.2636774893901,0.5447562585664254
34.24754649036201,35.19846205776319,1176.7552944080335,0.5729556741662178
34.24754649036201,35.20146205776319,1275.7478472675248,0.5917693914205913
34.24754649036201,35.20446205776319,1361.7886141535919,0.6074218915208849
34.24754649036201,35.20746205776319,1430.4043125818532,0.6194839868398179
34.24754649036201,35.21046205776319,1501.540326604404,0.6316279804545609
34.24754649036201,35.21346205776319,1502.4385947368332,0.6317790971400262
34.24754649036201,35.21646205776319,1588.2549885794954,0.6459734248250618
34.24754649036201,35.21946205776319,1594.6245397207217,0.6470084276513782
34.24754649036201,35.22246205776319,1607.0500789872244,0.6490203653391133
34.24754649036201,35.22546205776319,1627.9390913507239,0.652381776631422
34.24754649036201,35.22846205776319,1595.9384857506066,0.6472216249468459
34.24754649036201,35.23146205776319,1579.667945956384,0.6445741471234939
34.24754649036201,35.23446205776319,1542.1242973107267,0.6384021078869597
34.24754649036201,35.23746205776319,1463.3146136632226,0.6251462700281909
34.24754649036201,35.24046205776319,1433.889586863874,0.6200873114858904
34.24754649036201,35.24346205776319,1369.6426252607548,0.6088207779965031
34.24754649036201,35.24646205776319,1291.9666314091733,0.5947672944241444
34.24754649036201,35.24946205776319,1176.514209071263,0.5729087180308003
34.24754649036201,35.25246205776319,1092.7389571245653,0.5562283635363074
34.24754649036201,35.25546205776319,1012.9324146066052,0.5396084576049424
34.24754649036201,35.25846205776319,895.9560816208287,0.5137611366519165
34.24754649036201,35.26146205776319,764.5782845049175,0.4821868296660342
34.24754649036201,35.26446205776319,689.7004475708874,0.46271200088292347
34.24754649036201,35.26746205776319,592.6057790094258,0.43546465755782576
34.24754649036201,35.27046205776319,446.89426686594146,0.3889810762800834
34.24754649036201,35.27346205776319,336.03239763502376,0.3470555713841947
34.24754649036201,35.27646205776319,225.701426065992,0.2959785795598411
34.24754649036201,35.27946205776319,155.27653619374576,0.2548524976413875
34.24754649036201,35.28246205776319,105.51080336978494,0.2183561017118507
34.24754649036201,35.28546205776319,62.71690511269132,0.1773374290573401
34.24754649036201,35.28846205776319,33.036794289330224,0.1372289435672921
34.24754649036201,35.29146205776319,23.158880363842094,0.11905114702087408
34.24754649036201,35.29446205776319,13.243339162709308,0.09520188794919097
34.24754649036201,35.29746205776319,6.6218725114997525,0.07215042380432737
34.24754649036201,35.30046205776319,3.3139367407993476,0.05469961202402762
34.25054649036201,35.120462057763184,3.2685502571096827,0.0543987132738345
34.25054649036201,35.123462057763184,3.2898788150603204,0.054540425356801585
34.25054649036201,35.126462057763185,9.796045658957638,0.0843853159213021
34.25054649036201,35.129462057763185,9.82898173325332,0.0844986891240621
34.25054649036201,35.132462057763185,26.14488485047585,0.12496870048307965
34.25054649036201,35.135462057763185,42.51357981038853,0.15179505738784368
34.25054649036201,35.138462057763185,49.030266381073716,0.1607060628740252
34.25054649036201,35.141462057763185,81.14377708477154,0.1965842174909904
34.25054649036201,35.144462057763185,97.41085407021968,0.21148983618730066
34.25054649036201,35.147462057763185,139.71890165034208,0.244314152644267
34.25054649036201,35.150462057763185,172.20869189436672,0.2656247798784394
34.25054649036201,35.153462057763186,211.57492114946544,0.28842455778779746
34.25054649036201,35.156462057763186,250.89932986553782,0.3087780078293203
34.25054649036201,35.159462057763186,319.7693696627855,0.340236815361678
34.25054649036201,35.162462057763186,344.59696089080813,0.3505670850807959
34.25054649036201,35.165462057763186,405.29977313787253,0.37407363910091257
34.25054649036201,35.168462057763186,425.2771443208402,0.3813426476920249
34.25054649036201,35.171462057763186,426.61565191897455,0.3818222868081544
34.25054649036201,35.174462057763186,432.6567980927139,0.38397590541806753
34.25054649036201,35.17746205776319,474.486740983657,0.3984154696014546
34.25054649036201,35.18046205776319,549.5783958238044,0.4225308479187742
34.25054649036201,35.18346205776319,696.48244712727,0.4645266457651495
34.25054649036201,35.18646205776319,810.9449397716539,0.4936772425426134
34.25054649036201,35.18946205776319,941.9986483660576,0.5241633751452116
34.25054649036201,35.19246205776319,1119.2611029230409,0.5615896883159255
34.25054649036201,35.19546205776319,1246.9460407863921,0.5863887431649438
34.25054649036201,35.19846205776319,1370.3171681187875,0.6089406968831368
34.25054649036201,35.20146205776319,1487.1223856386782,0.6291949739716071
34.25054649036201,35.20446205776319,1520.3218039187323,0.6347763970697607
34.25054649036201,35.20746205776319,1551.6504745693194,0.6399766368366424
34.25054649036201,35.21046205776319,1576.432345530592,0.6440457152211824
34.25054649036201,35.21346205776319,1622.1264845658752,0.6514490369750775
34.25054649036201,35.21646205776319,1625.3773889651482,0.6519709510515029
34.25054649036201,35.21946205776319,1592.264886557114,0.6466252920028631
34.25054649036201,35.22246205776319,1577.1835396597287,0.6441684567310738
34.25054649036201,35.22546205776319,1520.3115148664383,0.6347746786807229
34.25054649036201,35.22846205776319,1532.7195167296259,0.6368419087607018
34.25054649036201,35.23146205776319,1519.2965512712954,0.6346051338827949
34.25054649036201,35.23446205776319,1456.2178949410927,0.6239317782956608
34.25054649036201,35.23746205776319,1346.4189808062008,0.6046703179878639
34.25054649036201,35.24046205776319,1299.5495262586771,0.596161182250688
34.25054649036201,35.24346205776319,1244.359118219512,0.585901829573943
34.25054649036201,35.24646205776319,1131.7826484303177,0.5640943799995066
34.25054649036201,35.24946205776319,1037.7845893025979,0.5448656723000368
34.25054649036201,35.25246205776319,964.5291160259063,0.5291425637795347
34.25054649036201,35.25546205776319,875.1873711327819,0.5089638972306232
34.25054649036201,35.25846205776319,773.159392632993,0.4843442796393193
34.25054649036201,35.26146205776319,611.3870146914855,0.4409334480910958
34.25054649036201,35.26446205776319,520.2903133864236,0.41337561736320905
34.25054649036201,35.26746205776319,415.4965568837523,0.37781007244511844
34.25054649036201,35.27046205776319,351.1391399273381,0.353214282892578
34.25054649036201,35.27346205776319,256.9178262421919,0.3117197045203497
34.25054649036201,35.27646205776319,191.2845732832194,0.2770247291601655
34.25054649036201,35.27946205776319,112.27942368241467,0.2238549129408272
34.25054649036201,35.28246205776319,52.79520420406739,0.1655329100499349
34.25054649036201,35.28546205776319,33.120083501787434,0.13736722644676244
34.25054649036201,35.28846205776319,16.546219684610755,0.10407012467284235
34.25054649036201,35.29146205776319,9.91806645496673,0.0848042008469673
34.25054649036201,35.29446205776319,6.626437985450407,0.07217031743851549
34.25054649036201,35.29746205776319,3.3139367407993476,0.05469961202402762
34.25354649036201,35.117462057763184,3.2796302011916554,0.054472400113908394
34.25354649036201,35.120462057763184,6.569509016251976,0.07192166379633537
34.25354649036201,35.123462057763184,9.832302133752215,0.08451010601618325
34.25354649036201,35.126462057763185,13.030262852667057,0.0945862115352587
34.25354649036201,35.129462057763185,19.563762268080527,0.11128266332875404
34.25354649036201,35.132462057763185,32.855977629130976,0.1369280167796225
34.25354649036201,35.135462057763185,55.56664422076322,0.16895545889033012
34.25354649036201,35.138462057763185,68.70552332629705,0.1839260403107087
34.25354649036201,35.141462057763185,85.16174557836617,0.20042153418399272
34.25354649036201,35.144462057763185,126.51402828537445,0.23480213094528857
34.25354649036201,35.147462057763185,150.86386984051933,0.25193044735387193
34.25354649036201,35.150462057763185,198.1488156942815,0.28095913215571416
34.25354649036201,35.153462057763186,240.63626336438142,0.30366237921762973
34.25354649036201,35.156462057763186,299.3895982566397,0.33139140732109756
34.25354649036201,35.159462057763186,339.8306894156177,0.348619438439689
34.25354649036201,35.162462057763186,381.84724911555355,0.3652602624713094
34.25354649036201,35.165462057763186,416.9934861908678,0.3783539468689245
34.25354649036201,35.168462057763186,405.355917678536,0.3740943658037566
34.25354649036201,35.171462057763186,408.93456216883914,0.37541194531755057
34.25354649036201,35.174462057763186,399.6696705029972,0.37198637875053564
34.25354649036201,35.17746205776319,509.54644478645366,0.4099397865752593
34.25354649036201,35.18046205776319,670.7570960014036,0.45758593898383954
34.25354649036201,35.18346205776319,798.836528774202,0.49071544423752156
34.25354649036201,35.18646205776319,927.9550169207807,0.5210235216488217
34.25354649036201,35.18946205776319,1135.3768004344715,0.5648102463109675
34.25354649036201,35.19246205776319,1282.1324790827618,0.5929522496801372
34.25354649036201,35.19546205776319,1417.3438981176296,0.6172152610011046
34.25354649036201,35.19846205776319,1517.9532539494148,0.6343806379879509
34.25354649036201,35.20146205776319,1571.8942994424056,0.6433034728804597
34.25354649036201,35.20446205776319,1602.7593363508076,0.6483266686988384
34.25354649036201,35.20746205776319,1627.7884516042286,0.6523576289580281
34.25354649036201,35.21046205776319,1631.7893084372545,0.6529985150648625
34.25354649036201,35.21346205776319,1604.6622682886234,0.6486344584812219
34.25354649036201,35.21646205776319,1571.502998578429,0.6432394115739579
34.25354649036201,35.21946205776319,1559.7007874606177,0.6413027126320996
34.25354649036201,35.22246205776319,1505.9572964310905,0.6323705308878061
34.25354649036201,35.22546205776319,1434.2525701671343,0.6201500957480749
34.25354649036201,35.22846205776319,1418.178996700227,0.6173607005124543
34.25354649036201,35.23146205776319,1398.197179618703,0.6138664935175476
34.25354649036201,35.23446205776319,1329.7180644541959,0.6016589588968926
34.25354649036201,35.23746205776319,1198.2889576401406,0.5771267218489239
34.25354649036201,35.24046205776319,1150.7792414835208,0.5678627327029881
34.25354649036201,35.24346205776319,1090.044602144904,0.5556793626270224
34.25354649036201,35.24646205776319,985.9445134195212,0.5338110385296149
34.25354649036201,35.24946205776319,898.4348599139041,0.5143292200861947
34.25354649036201,35.25246205776319,788.2623539736211,0.4881068187842255
34.25354649036201,35.25546205776319,747.1992706907565,0.47777248616229273
34.25354649036201,35.25846205776319,642.640686035887,0.44981491053169964
34.25354649036201,35.26146205776319,502.491162999478,0.4076598419479052
34.25354649036201,35.26446205776319,380.6736095597196,0.3648107844968231
34.25354649036201,35.26746205776319,312.2045945619024,0.3369940836779074
34.25354649036201,35.27046205776319,243.42468590070283,0.3050650166026459
34.25354649036201,35.27346205776319,174.53709505349062,0.2670555805867851
34.25354649036201,35.27646205776319,121.971533239125,0.2313928598159897
34.25354649036201,35.27946205776319,69.31357247893422,0.18457542355507658
34.25354649036201,35.28246205776319,36.36476354243045,0.1425997839590096
34.25354649036201,35.28546205776319,19.854925805910405,0.11194220771537415
34.25354649036201,35.28846205776319,13.24906700284088,0.09521835601513715
34.25354649036201,35.29146205776319,9.933228549597045,0.08485603434116533
34.25354649036201,35.29446205776319,3.3155214965016837,0.05471007367080861
34.25654649036201,35.114462057763184,3.2796302011916554,0.054472400113908394
34.25654649036201,35.117462057763184,3.2796302011916554,0.054472400113908394
34.25654649036201,35.120462057763184,9.762362503074543,0.08426913430145162
34.25654649036201,35.123462057763184,12.996579696783964,0.09448833365623781
34.25654649036201,35.126462057763185,19.366336208680135,0.11083209619224886
34.25654649036201,35.129462057763185,36.08429248476322,0.1421588292305477
34.25654649036201,35.132462057763185,52.553710256284184,0.1652296235170073
34.25654649036201,35.135462057763185,62.43119742928083,0.17701384116039143
34.25654649036201,35.138462057763185,91.53900703437074,0.206295160159663
34.25654649036201,35.141462057763185,130.93758708416615,0.23805225170308356
34.25654649036201,35.144462057763185,157.1930718098355,0.25610609880937124
34.25654649036201,35.147462057763185,183.53695106164136,0.2724808375270791
34.25654649036201,35.150462057763185,220.02766882799904,0.29297966585731233
34.25654649036201,35.153462057763186,259.713054302959,0.31307188796287827
34.25654649036201,35.156462057763186,325.9872511152371,0.3428678835819593
34.25654649036201,35.159462057763186,362.68081759800043,0.35781323034024404
34.25654649036201,35.162462057763186,388.3705999733053,0.36774357925676127
34.25654649036201,35.165462057763186,416.15355138232144,0.3780489206251316
34.25654649036201,35.168462057763186,423.2337362527018,0.38060866535915755
34.25654649036201,35.171462057763186,390.1039690760296,0.3683992250616648
34.25654649036201,35.174462057763186,518.143882594517,0.41269262735972734
34.25654649036201,35.17746205776319,651.0862984306157,0.45217024763933067
34.25654649036201,35.18046205776319,780.7108620790593,0.4862310055244648
34.25654649036201,35.18346205776319,954.1861309835793,0.5268655474302847
34.25654649036201,35.18646205776319,1110.4542271748348,0.5598179570453647
34.25654649036201,35.18946205776319,1277.9448749442267,0.5921768269943465
34.25654649036201,35.19246205776319,1427.3693572058455,0.6189578966068882
34.25654649036201,35.19546205776319,1533.2028455485736,0.6369222300276297
34.25654649036201,35.19846205776319,1582.096490644276,0.6449703457661369
34.25654649036201,35.20146205776319,1627.838340705301,0.6523656263698339
34.25654649036201,35.20446205776319,1611.7754844652177,0.649783050530815
34.25654649036201,35.20746205776319,1594.4634291550092,0.6469822790374843
34.25654649036201,35.21046205776319,1550.7694866175093,0.6398312670435761
34.25654649036201,35.21346205776319,1551.2119919851148,0.6399042900271434
34.25654649036201,35.21646205776319,1457.126259141362,0.6240874284268553
34.25654649036201,35.21946205776319,1421.9368877327258,0.6180145340855175
34.25654649036201,35.22246205776319,1438.4444071295047,0.6208744569645747
34.25654649036201,35.22546205776319,1358.4700949225569,0.6068293717235506
34.25654649036201,35.22846205776319,1266.8517580478897,0.5901153067209165
34.25654649036201,35.23146205776319,1249.7316618327766,0.5869123787843661
34.25654649036201,35.23446205776319,1156.3087098668625,0.5689525905030173
34.25654649036201,35.23746205776319,1076.5770938678554,0.5529229474505488
34.25654649036201,35.24046205776319,991.8435157133458,0.5350862901556012
34.25654649036201,35.24346205776319,943.5530078875302,0.5245091656099546
34.25654649036201,35.24646205776319,876.5636362611418,0.509283892289517
34.25654649036201,35.24946205776319,746.2183494316108,0.47752149989288584
34.25654649036201,35.25246205776319,634.7032803306333,0.44758431362942636
34.25654649036201,35.25546205776319,603.0598932660998,0.43852134650900726
34.25654649036201,35.25846205776319,503.35232635806557,0.40793915542895015
34.25654649036201,35.26146205776319,393.7646213348449,0.3697781435109161
34.25654649036201,35.26446205776319,283.80738361336864,0.3243814691029288
34.25654649036201,35.26746205776319,192.47361658875292,0.2777122538425788
34.25654649036201,35.27046205776319,154.6074005427027,0.25441263244173223
34.25654649036201,35.27346205776319,105.3475364777538,0.21822088566134437
34.25654649036201,35.27646205776319,72.52342708801265,0.18794807751095594
34.25654649036201,35.27946205776319,39.6129642771036,0.1475643663510401
34.25654649036201,35.28246205776319,26.463344965428302,0.125575366865407
34.25654649036201,35.28546205776319,13.24906700284088,0.09521835601513715
34.25654649036201,35.28846205776319,9.933228549597045,0.08485603434116533
34.25654649036201,35.29146205776319,6.622312060648322,0.07215233945738708
34.25654649036201,35.29446205776319,3.3155214965016837,0.05471007367080861
34.25954649036201,35.111462057763184,3.2777387814141044,0.05445983186689789
34.25954649036201,35.114462057763184,3.2796302011916554,0.054472400113908394
34.25954649036201,35.117462057763184,6.567481734541921,0.07191278526531304
34.25954649036201,35.120462057763184,13.108669432359214,0.09481346210319706
34.25954649036201,35.123462057763184,16.39706442653176,0.1036938505028801
34.25954649036201,35.126462057763185,26.1874918956215,0.12505012285242417
34.25954649036201,35.129462057763185,46.0280750156729,0.15669519718758285
34.25954649036201,35.132462057763185,68.94584086292394,0.18418310469639398
34.25954649036201,35.135462057763185,82.16641884066719,0.19757150312029811
34.25954649036201,35.138462057763185,108.5081033486104,0.22081645291482263
34.25954649036201,35.141462057763185,144.8762282908494,0.24788224043246906
34.25954649036201,35.144462057763185,181.42796333000638,0.271224083593324
34.25954649036201,35.147462057763185,206.3223106951504,0.2855387392116196
34.25954649036201,35.150462057763185,264.79313584051977,0.31550718185720233
34.25954649036201,35.153462057763186,285.148656819764,0.3249938123838854
34.25954649036201,35.156462057763186,355.30221432193986,0.3548834332718151
34.25954649036201,35.159462057763186,365.58435644979056,0.3589563180883154
34.25954649036201,35.162462057763186,402.5109467338418,0.3730419209012469
34.25954649036201,35.165462057763186,424.78532700798974,0.3811661829770554
34.25954649036201,35.168462057763186,392.08160601712245,0.3691451337702532
34.25954649036201,35.171462057763186,469.69205732751516,0.3968001675183652
34.25954649036201,35.174462057763186,619.2517608535104,0.4431935797583163
34.25954649036201,35.17746205776319,803.0407892954172,0.49174686791343003
34.25954649036201,35.18046205776319,924.5561801859135,0.5202593365208641
34.25954649036201,35.18346205776319,1101.6794963752116,0.5580442878715354
34.25954649036201,35.18646205776319,1257.8876109751252,0.5884415032386532
34.25954649036201,35.18946205776319,1406.6080383447782,0.615340922599095
34.25954649036201,35.19246205776319,1510.8054664202762,0.6331840689416613
34.25954649036201,35.19546205776319,1588.3864478028408,0.6459948110777267
34.25954649036201,35.19846205776319,1593.2814940243961,0.6467903997653572
34.25954649036201,35.20146205776319,1577.3563336105371,0.6441966854696076
34.25954649036201,35.20446205776319,1515.9381152643766,0.6340436382957583
34.25954649036201,35.20746205776319,1494.9224161734878,0.6305129661379056
34.25954649036201,35.21046205776319,1422.0574920285706,0.6180355007857643
34.25954649036201,35.21346205776319,1416.911460245833,0.6171399280664195
34.25954649036201,35.21646205776319,1350.5829883141946,0.6054176394597792
34.25954649036201,35.21946205776319,1287.4726308013387,0.5939388894399515
34.25954649036201,35.22246205776319,1249.0115959314212,0.5867770893692855
34.25954649036201,35.22546205776319,1187.3904508686078,0.5750213648500083
34.25954649036201,35.22846205776319,1074.8313087624929,0.5525641233024683
34.25954649036201,35.23146205776319,1066.2243167339896,0.5507899325861665
34.25954649036201,35.23446205776319,1034.80307433683,0.5442389806024217
34.25954649036201,35.23746205776319,918.6483602208442,0.5189270169845365
34.25954649036201,35.24046205776319,841.0582142013086,0.5009299322841314
34.25954649036201,35.24346205776319,812.136530011459,0.49396727548737873
34.25954649036201,35.24646205776319,727.7668484253609,0.47276298682317186
34.25954649036201,35.24946205776319,617.2901451365308,0.44263148005887704
34.25954649036201,35.25246205776319,486.62727792662645,0.4024622401891838
34.25954649036201,35.25546205776319,419.6973909106343,0.37933338642233533
34.25954649036201,35.25846205776319,345.15935761528345,0.35079582921463526
34.25954649036201,35.26146205776319,281.1820730848122,0.3231778681481246
34.25954649036201,35.26446205776319,222.58169807459154,0.2943352933521632
34.25954649036201,35.26746205776319,167.12910062578976,0.26246257830394876
34.25954649036201,35.27046205776319,98.65737388728641,0.21256824197681906
34.25954649036201,35.27346205776319,59.298298935984235,0.17340573409703508
34.25954649036201,35.27646205776319,39.550602756499785,0.14747139993780406
34.25954649036201,35.27946205776319,16.503999149190143,0.10396382209523093
34.25954649036201,35.28246205776319,9.913506817043958,0.08478860386361903
34.25954649036201,35.28546205776319,6.622312060648322,0.07215233945738708
34.25954649036201,35.28846205776319,6.622312060648322,0.07215233945738708
34.25954649036201,35.29146205776319,3.3155214965016837,0.05471007367080861
34.26254649036201,35.108462057763184,3.2777387814141044,0.05445983186689789
34.26254649036201,35.111462057763184,3.2777387814141044,0.05445983186689789
34.26254649036201,35.114462057763184,9.803216918782365,0.08441002042749939
34.26254649036201,35.117462057763184,13.06944627855184,0.09469988149595819
34.26254649036201,35.120462057763184,16.401078288961052,0.10370400310771796
34.26254649036201,35.123462057763184,26.223100559194364,0.12511811031209988
34.26254649036201,35.126462057763185,49.26530706884421,0.16101377713162499
34.26254649036201,35.129462057763185,65.73776844710466,0.18070598775274951
34.26254649036201,35.132462057763185,78.9758964797695,0.19446631564018496
34.26254649036201,35.135462057763185,111.67360168612242,0.22337099030714036
34.26254649036201,35.138462057763185,144.67428543468804,0.24774397345367563
34.26254649036201,35.141462057763185,171.1706276084195,0.26498314944880164
34.26254649036201,35.144462057763185,227.47850141250476,0.2969085498196728
34.26254649036201,35.147462057763185,237.82524630603282,0.3022384702507462
34.26254649036201,35.150462057763185,287.83223608180396,0.3262138027930781
34.26254649036201,35.153462057763186,318.03809083536765,0.3394987780436231
34.26254649036201,35.156462057763186,358.36026407625627,0.3561020710962454
34.26254649036201,35.159462057763186,382.0846119120663,0.3653510663566868
34.26254649036201,35.162462057763186,385.6121154845485,0.3666965538489994
34.26254649036201,35.165462057763186,376.19292173987327,0.36308709081231527
34.26254649036201,35.168462057763186,452.1180082007425,0.3907934559668544
34.26254649036201,35.171462057763186,584.1239289763915,0.4329607821303833
34.26254649036201,35.174462057763186,737.400476741268,0.4752563474931132
34.26254649036201,35.17746205776319,878.9053219672193,0.5098276649707353
34.26254649036201,35.18046205776319,1048.6937169137427,0.547149525296911
34.26254649036201,35.18346205776319,1267.4903245153976,0.5902342696151477
34.26254649036201,35.18646205776319,1411.7402598967806,0.6162380071502097
34.26254649036201,35.18946205776319,1524.0165561632075,0.635393012262476
34.26254649036201,35.19246205776319,1557.8570827574167,0.6409993743501962
34.26254649036201,35.19546205776319,1545.5174079272508,0.6389636036868599
34.26254649036201,35.19846205776319,1506.0101097284207,0.6323794015832992
34.26254649036201,35.20146205776319,1474.2952293909007,0.6270184851323565
34.26254649036201,35.20446205776319,1405.747696313869,0.6151903473661551
34.26254649036201,35.20746205776319,1346.2877581151292,0.6046467447056884
34.26254649036201,35.21046205776319,1312.2000099541824,0.5984757739688059
34.26254649036201,35.21346205776319,1255.310975670862,0.587959065257833
34.26254649036201,35.21646205776319,1181.766887172698,0.5739304767179306
34.26254649036201,35.21946205776319,1150.2183464533528,0.5677520049601209
34.26254649036201,35.22246205776319,1070.2880567965926,0.5516286728146081
34.26254649036201,35.22546205776319,1039.6194337406591,0.545250805778428
34.26254649036201,35.22846205776319,933.783522273553,0.522330087239005
34.26254649036201,35.23146205776319,908.2877699787138,0.5165780481057134
34.26254649036201,35.23446205776319,867.9109104978826,0.5072670106338395
34.26254649036201,35.23746205776319,774.3975297669452,0.48465438220773405
34.26254649036201,35.24046205776319,689.3598158278523,0.4626205769872063
34.26254649036201,35.24346205776319,626.7627971403772,0.44533604144544076
34.26254649036201,35.24646205776319,591.6642259706803,0.43518777286659843
34.26254649036201,35.24946205776319,509.31081971674405,0.40986395011720816
34.26254649036201,35.25246205776319,391.87630810828307,0.3690678063662854
34.26254649036201,35.25546205776319,299.7627998359522,0.3315565828354367
34.26254649036201,35.25846205776319,238.2572986953283,0.3024579789125531
34.26254649036201,35.26146205776319,192.81059602623077,0.2779066372876911
34.26254649036201,35.26446205776319,137.34788919643407,0.24264724020175382
34.26254649036201,35.26746205776319,88.42546544753438,0.2034592794749783
34.26254649036201,35.27046205776319,62.299926389162465,0.176864867787318
34.26254649036201,35.27346205776319,26.30139093325234,0.1252673952382429
34.26254649036201,35.27646205776319,19.741183619204598,0.11168525383155439
34.26254649036201,35.27946205776319,13.168644535019203,0.09498674166020976
34.26254649036201,35.28246205776319,6.587989601336917,0.07200252429270496
34.26254649036201,35.28546205776319,6.587989601336917,0.07200252429270496
34.26554649036201,35.102462057763184,3.2251761166129898,0.0541088039785316
34.26554649036201,35.105462057763184,3.261776803239231,0.0543535927802693
34.26554649036201,35.108462057763184,6.522598604727863,0.0717157957495684
34.26554649036201,35.111462057763184,9.786849836153412,0.08435362104838119
34.26554649036201,35.114462057763184,13.06944627855184,0.09469988149595819
34.26554649036201,35.117462057763184,16.315932717174785,0.10348831663212243
34.26554649036201,35.120462057763184,22.921525027062383,0.11856157609436357
34.26554649036201,35.123462057763184,42.58086862819097,0.151891113886949
34.26554649036201,35.126462057763185,65.65787864330437,0.18061811234715608
34.26554649036201,35.129462057763185,75.60928097977543,0.19110700378927073
34.26554649036201,35.132462057763185,105.25183998579143,0.2181415723042645
34.26554649036201,35.135462057763185,141.5853838080109,0.24561445887020972
34.26554649036201,35.138462057763185,178.17994497333683,0.269271313331751
34.26554649036201,35.141462057763185,197.44059571814256,0.28055702097478713
34.26554649036201,35.144462057763185,241.80465182358157,0.3042512848874791
34.26554649036201,35.147462057763185,275.4638834164091,0.32053276261868113
34.26554649036201,35.150462057763185,305.84855055753724,0.3342328491133378
34.26554649036201,35.153462057763186,356.18315404987675,0.3552351323803953
34.26554649036201,35.156462057763186,383.30758351301995,0.3658183823893702
34.26554649036201,35.159462057763186,427.2373219274428,0.3820447481972458
34.26554649036201,35.162462057763186,394.43051369543366,0.3700281483305906
34.26554649036201,35.165462057763186,421.9659353063431,0.38015220802945293
34.26554649036201,35.168462057763186,552.8341052578982,0.42353030538238257
34.26554649036201,35.171462057763186,675.5040018890375,0.45887852203387364
34.26554649036201,35.174462057763186,845.1753442337927,0.5019093521532141
34.26554649036201,35.17746205776319,1016.4502991463925,0.5403572957611165
34.26554649036201,35.18046205776319,1199.778932193507,0.5774136588420423
34.26554649036201,35.18346205776319,1377.379556503713,0.6101941131530915
34.26554649036201,35.18646205776319,1468.250161488139,0.6259888292062624
34.26554649036201,35.18946205776319,1540.394038518627,0.6381154972960259
34.26554649036201,35.19246205776319,1494.9545786031076,0.6305183921580906
34.26554649036201,35.19546205776319,1455.866567717713,0.6238715620086291
34.26554649036201,35.19846205776319,1380.7358109825298,0.6107884218392311
34.26554649036201,35.20146205776319,1367.1217727606402,0.608372311921018
34.26554649036201,35.20446205776319,1301.0310884599066,0.5964329527226137
34.26554649036201,35.20746205776319,1237.9487600210887,0.5846926413114722
34.26554649036201,35.21046205776319,1152.7157861539326,0.5682447823036517
34.26554649036201,35.21346205776319,1154.3344553115585,0.5685638247329657
34.26554649036201,35.21646205776319,1068.180444260591,0.5511939087151914
34.26554649036201,35.21946205776319,953.7125118916581,0.5267609260188584
34.26554649036201,35.22246205776319,943.2459286686197,0.5244408783629508
34.26554649036201,35.22546205776319,872.5122882072616,0.5083410495087665
34.26554649036201,35.22846205776319,765.4048725081698,0.48239527955939265
34.26554649036201,35.23146205776319,764.1649500729752,0.48208254381007926
34.26554649036201,35.23446205776319,740.3996861461549,0.4760286051064739
34.26554649036201,35.23746205776319,654.4078221324802,0.4530915398569493
34.26554649036201,35.24046205776319,550.2570199550414,0.42273946854949507
34.26554649036201,35.24346205776319,500.0737818687449,0.4068742399635523
34.26554649036201,35.24646205776319,448.69283550292755,0.3896065184315636
34.26554649036201,35.24946205776319,363.9786879821176,0.3583248621260926
34.26554649036201,35.25246205776319,287.87305053503695,0.32623230478137044
34.26554649036201,35.25546205776319,204.0476242573926,0.2842753333103954
34.26554649036201,35.25846205776319,159.83210197359756,0.25781736460131627
34.26554649036201,35.26146205776319,137.15538582736474,0.24251114763667436
34.26554649036201,35.26446205776319,85.07092704389703,0.2003360130781799
34.26554649036201,35.26746205776319,58.92349548628384,0.1729664855851678
34.26554649036201,35.27046205776319,45.889804167181026,0.1565067388581664
34.26554649036201,35.27346205776319,19.741183619204598,0.11168525383155439
34.26554649036201,35.27646205776319,13.168644535019203,0.09498674166020976
34.26554649036201,35.27946205776319,9.872278991561942,0.08464738155792373
34.26554649036201,35.28246205776319,6.587989601336917,0.07200252429270496
34.26554649036201,35.28546205776319,3.292266170678748,0.05455625318062595
34.26854649036201,35.09946205776318,3.2311476721429004,0.05414885567371619
34.26854649036201,35.102462057763184,3.233450361532496,0.0541642881281115
34.26854649036201,35.105462057763184,6.509111054739307,0.07165644081186297
34.26854649036201,35.108462057763184,9.786849836153412,0.08435362104838119
34.26854649036201,35.111462057763184,13.030898633613877,0.09458805755268963
34.26854649036201,35.114462057763184,16.33237525934644,0.10353002057566565
34.26854649036201,35.117462057763184,19.60860071604472,0.11138461335679586
34.26854649036201,35.120462057763184,42.54499065703832,0.1518399085141357
34.26854649036201,35.123462057763184,72.01751435273403,0.18742253665397746
34.26854649036201,35.126462057763185,78.59011987531024,0.19408579053145752
34.26854649036201,35.129462057763185,98.51608666944988,0.21244642203638317
34.26854649036201,35.132462057763185,141.4132301585692,0.2454949582323732
34.26854649036201,35.135462057763185,171.24704745346838,0.2650304642479458
34.26854649036201,35.138462057763185,204.4077721811903,0.2844759276785228
34.26854649036201,35.141462057763185,221.38845629423133,0.2937031126465116
34.26854649036201,35.144462057763185,271.4858463199756,0.3186731237862167
34.26854649036201,35.147462057763185,318.4374608659576,0.3396692413909577
34.26854649036201,35.150462057763185,334.46024841984206,0.3464051687627104
34.26854649036201,35.153462057763186,379.34409143126106,0.3643006028857794
34.26854649036201,35.156462057763186,379.73033087736604,0.3644489265951543
34.26854649036201,35.159462057763186,400.25168242227005,0.3722029636085675
34.26854649036201,35.162462057763186,406.46838784108314,0.374504698214177
34.26854649036201,35.165462057763186,530.9382631746021,0.4167390240104422
34.26854649036201,35.168462057763186,651.3531624123378,0.45224437183368243
34.26854649036201,35.171462057763186,786.696732633279,0.4877188026501985
34.26854649036201,35.174462057763186,988.5065896844546,0.5343654712969934
34.26854649036201,35.17746205776319,1116.9458605940968,0.5611247301492566
34.26854649036201,35.18046205776319,1298.248617572665,0.5959223966476087
34.26854649036201,35.18346205776319,1438.5396084424824,0.6208908933008424
34.26854649036201,35.18646205776319,1500.2525434063782,0.6314112405472445
34.26854649036201,35.18946205776319,1469.3529806773608,0.6261768617402332
34.26854649036201,35.19246205776319,1417.7208592832437,0.6172809183544056
34.26854649036201,35.19546205776319,1368.967291254561,0.608700682957791
34.26854649036201,35.19846205776319,1262.5149589886403,0.5893064213636996
34.26854649036201,35.20146205776319,1196.3739347463702,0.5767576151450416
34.26854649036201,35.20446205776319,1102.4068574067455,0.5581916335569002
34.26854649036201,35.20746205776319,1071.7531326225844,0.5519305901107693
34.26854649036201,35.21046205776319,1017.7011823206237,0.540623191483959
34.26854649036201,35.21346205776319,952.0147007827791,0.5263856269094547
34.26854649036201,35.21646205776319,883.8775238022325,0.5109794052675368
34.26854649036201,35.21946205776319,786.7152961530179,0.4877234060574091
34.26854649036201,35.22246205776319,805.8450014244074,0.49243302016680557
34.26854649036201,35.22546205776319,742.5306153832502,0.47657615194660585
34.26854649036201,35.22846205776319,658.182435883499,0.45413510637210075
34.26854649036201,35.23146205776319,585.3664268220951,0.4333289299944229
34.26854649036201,35.23446205776319,559.1301158047519,0.4254531214191276
34.26854649036201,35.23746205776319,496.704336545283,0.40577542476181055
34.26854649036201,35.24046205776319,439.7179845392375,0.38647041351991474
34.26854649036201,35.24346205776319,352.2443634993475,0.35365856574596455
34.26854649036201,35.24646205776319,303.07200524213147,0.3330158384634988
34.26854649036201,35.24946205776319,255.05637546903688,0.3108143301904574
34.26854649036201,35.25246205776319,193.9720100314102,0.2785750305651965
34.26854649036201,35.25546205776319,135.92558571550157,0.2416390088064493
34.26854649036201,35.25846205776319,101.05158753849749,0.214616850180238
34.26854649036201,35.26146205776319,61.66124449244658,0.17613735673041533
34.26854649036201,35.26446205776319,39.255458960838574,0.14703021222649076
34.26854649036201,35.26746205776319,29.450310034799138,0.13106372554762574
34.26854649036201,35.27046205776319,16.387282352684977,0.10366910162165341
34.26854649036201,35.27346205776319,6.5135067668994004,0.07167579321159578
34.26854649036201,35.27646205776319,3.284289390225025,0.05450334130042716
34.27154649036201,35.09646205776318,3.2311476721429004,0.05414885567371619
34.27154649036201,35.09946205776318,3.233450361532496,0.0541642881281115
34.27154649036201,35.102462057763184,6.509111054739307,0.07165644081186297
34.27154649036201,35.105462057763184,9.745719944827943,0.08421164117370492
34.27154649036201,35.108462057763184,12.964250210640866,0.09439424607248341
34.27154649036201,35.111462057763184,22.76679604938148,0.1182407912197195
34.27154649036201,35.114462057763184,22.791566863444373,0.11829223394677565
34.27154649036201,35.117462057763184,39.135533991039765,0.1468503770563392
34.27154649036201,35.120462057763184,65.39449022092727,0.18032794096027965
34.27154649036201,35.123462057763184,78.4833280000943,0.1939802544104356
34.27154649036201,35.126462057763185,88.43656304152275,0.20346949292857686
34.27154649036201,35.129462057763185,121.35046176664936,0.23092084268372562
34.27154649036201,35.132462057763185,157.77943371348056,0.2564878030184268
34.27154649036201,35.135462057763185,191.00621020442026,0.2768634048114433
34.27154649036201,35.138462057763185,221.2223640232998,0.29361495484199657
34.27154649036201,35.141462057763185,234.8671501490229,0.3007291118101144
34.27154649036201,35.144462057763185,288.4327095919341,0.3264858505544439
34.27154649036201,35.147462057763185,328.6654707498936,0.34399188100355926
34.27154649036201,35.150462057763185,359.0307978385038,0.3563684450046345
34.27154649036201,35.153462057763186,399.6393690595253,0.3719750974535605
34.27154649036201,35.156462057763186,390.13926069543606,0.3684125559205413
34.27154649036201,35.159462057763186,377.7291981148106,0.3636794679627076
34.27154649036201,35.162462057763186,495.33793958519084,0.4053285524362479
34.27154649036201,35.165462057763186,620.9042620960329,0.443666274391056
34.27154649036201,35.168462057763186,747.6711555975303,0.4778931559399758
34.27154649036201,35.171462057763186,895.0512388979264,0.5135535309638979
34.27154649036201,35.174462057763186,1091.7442563281004,0.5560257782954287
34.27154649036201,35.17746205776319,1231.6098746111425,0.583493235075112
34.27154649036201,35.18046205776319,1360.3210681759924,0.6071599689568618
34.27154649036201,35.18346205776319,1453.4965535617152,0.6234651216952372
34.27154649036201,35.18646205776319,1429.8405448951203,0.6193863119784089
34.27154649036201,35.18946205776319,1418.8777748940286,0.6174823591872023
34.27154649036201,35.19246205776319,1330.5090032827497,0.6018020841364922
34.27154649036201,35.19546205776319,1240.1305569857957,0.5851046153173538
34.27154649036201,35.19846205776319,1101.2982177160038,0.557967026753813
34.27154649036201,35.20146205776319,1006.8959535231323,0.5383198553281374
34.27154649036201,35.20446205776319,913.5900604312533,0.5177821884322135
34.27154649036201,35.20746205776319,870.5880695919177,0.5078923189870462
34.27154649036201,35.21046205776319,789.4868231843923,0.4884099632770003
34.27154649036201,35.21346205776319,751.434596815626,0.4788539067553863
34.27154649036201,35.21646205776319,722.7399576839723,0.4714540672347725
34.27154649036201,35.21946205776319,627.895136119013,0.4456576931526538
34.27154649036201,35.22246205776319,605.8891933221078,0.43934313325198304
34.27154649036201,35.22546205776319,535.7464911657771,0.4182445538255958
34.27154649036201,35.22846205776319,535.9587216829937,0.41831081927969094
34.27154649036201,35.23146205776319,460.0365681237879,0.3935170033084056
34.27154649036201,35.23446205776319,415.7648504752723,0.3779076370487795
34.27154649036201,35.23746205776319,354.6991893524155,0.35464238480682375
34.27154649036201,35.24046205776319,292.3217853616961,0.32823964431960095
34.27154649036201,35.24346205776319,221.03109448809533,0.2935133843346236
34.27154649036201,35.24646205776319,186.77998353472213,0.2743965795776389
34.27154649036201,35.24946205776319,148.32429490433972,0.25022544908586003
34.27154649036201,35.25246205776319,119.44662164223482,0.2294648183435486
34.27154649036201,35.25546205776319,67.90764872751492,0.18306867479212194
34.27154649036201,35.25846205776319,51.806972146405585,0.16428648761592354
34.27154649036201,35.26146205776319,35.67487971886277,0.14151144556218184
34.27154649036201,35.26446205776319,19.514616901552742,0.1111707594057218
34.27154649036201,35.26746205776319,13.01760798753326,0.09454945633876985
34.27154649036201,35.27046205776319,6.5135067668994004,0.07167579321159578
34.27154649036201,35.27346205776319,6.5135067668994004,0.07167579321159578
34.27454649036201,35.09046205776318,3.2233810196393717,0.054096755424269116
34.27454649036201,35.09346205776318,3.2311476721429004,0.05414885567371619
34.27454649036201,35.09646205776318,3.2311476721429004,0.05414885567371619
34.27454649036201,35.09946205776318,6.474622122230908,0.07150432826333449
34.27454649036201,35.102462057763184,12.969100964467316,0.09440837205296473
34.27454649036201,35.105462057763184,9.745719944827943,0.08421164117370492
34.27454649036201,35.108462057763184,16.27105441476509,0.10337436131970305
34.27454649036201,35.111462057763184,22.74809911611505,0.11820194016524303
34.27454649036201,35.114462057763184,42.24833585172416,0.1514155237506547
34.27454649036201,35.117462057763184,61.70927416977581,0.17619222324776987
34.27454649036201,35.120462057763184,68.26558163523737,0.18345403921129427
34.27454649036201,35.123462057763184,85.01748138988555,0.20028565929315673
34.27454649036201,35.126462057763185,121.15305451066855,0.23077050879807157
34.27454649036201,35.129462057763185,141.0247443447068,0.24522496928100473
34.27454649036201,35.132462057763185,193.9480921928235,0.2785612901103694
34.27454649036201,35.135462057763185,204.1433572961668,0.28432867519484817
34.27454649036201,35.138462057763185,250.84096589313444,0.3087492747610612
34.27454649036201,35.141462057763185,294.4246423599476,0.3291821086215102
34.27454649036201,35.144462057763185,327.97314386761,0.3437018529751078
34.27454649036201,35.147462057763185,355.0446421574594,0.35478050345306644
34.27454649036201,35.150462057763185,358.89854445045444,0.3563159301296656
34.27454649036201,35.153462057763186,399.24734597213785,0.37182910006389513
34.27454649036201,35.156462057763186,406.4979944981675,0.37451560936026396
34.27454649036201,35.159462057763186,443.7697339650508,0.38789093655238766
34.27454649036201,35.162462057763186,590.6300254990557,0.43488333828268155
34.27454649036201,35.165462057763186,698.2905163970024,0.46500863531085773
34.27454649036201,35.168462057763186,873.9414627572825,0.5086739509044812
34.27454649036201,35.171462057763186,992.7427081684812,0.5352802783202562
34.27454649036201,35.174462057763186,1166.3515852211744,0.5709240710820536
34.27454649036201,35.17746205776319,1294.958309296408,0.5953178094493651
34.27454649036201,35.18046205776319,1370.2674566490891,0.6089318604860863
34.27454649036201,35.18346205776319,1411.4834141523206,0.6161931584612631
34.27454649036201,35.18646205776319,1432.0280291354766,0.6197651728125386
34.27454649036201,35.18946205776319,1323.2330108603346,0.6004835174795362
34.27454649036201,35.19246205776319,1224.7888864422123,0.5821984637897037
34.27454649036201,35.19546205776319,1078.0499831666373,0.553225409869016
34.27454649036201,35.19846205776319,947.1471325448133,0.5253074255630824
34.27454649036201,35.20146205776319,820.5824661002484,0.4960157347512535
34.27454649036201,35.20446205776319,721.3993426412464,0.47110407110253893
34.27454649036201,35.20746205776319,682.22833270786,0.46070026385490154
34.27454649036201,35.21046205776319,622.0187361978833,0.4439846413956691
34.27454649036201,35.21346205776319,592.0673109776315,0.4353063413516039
34.27454649036201,35.21646205776319,547.8877391025915,0.42201043811116234
34.27454649036201,35.21946205776319,518.7849223519029,0.4128967824334658
34.27454649036201,35.22246205776319,454.59023499688806,0.3916468170564816
34.27454649036201,35.22546205776319,398.3940313768342,0.37151101066330305
34.27454649036201,35.22846205776319,370.38270999392654,0.36083349290047984
34.27454649036201,35.23146205776319,316.5988269058127,0.338883388449067
34.27454649036201,35.23446205776319,282.9752258059941,0.32400068353387357
34.27454649036201,35.23746205776319,225.87426322285077,0.29606922027861576
34.27454649036201,35.24046205776319,178.36453832559164,0.26938286405535505
34.27454649036201,35.24346205776319,143.43688337963667,0.2468942049947675
34.27454649036201,35.24646205776319,125.47764598643064,0.23403084752456127
34.27454649036201,35.24946205776319,93.46212264760501,0.2080179520696812
34.27454649036201,35.25246205776319,48.4153875272096,0.1598968563251553
34.27454649036201,35.25546205776319,38.75136124581662,0.14627204914154945
34.27454649036201,35.25846205776319,29.081901694633327,0.13040543170285368
34.27454649036201,35.26146205776319,9.817994534842285,0.08446089414529176
34.27454649036201,35.26446205776319,6.530693022254288,0.07175138166593518
34.27454649036201,35.26746205776319,6.5135067668994004,0.07167579321159578
34.27754649036201,35.08746205776318,3.2233810196393717,0.054096755424269116
34.27754649036201,35.09046205776318,3.2233810196393717,0.054096755424269116
34.27754649036201,35.09346205776318,3.2233810196393717,0.054096755424269116
34.27754649036201,35.09646205776318,6.4494332933044785,0.07139292613118328
34.27754649036201,35.09946205776318,9.698028510953755,0.08404656007497738
34.27754649036201,35.102462057763184,16.195807155854514,0.10318286897319436
34.27754649036201,35.105462057763184,22.732474035630204,0.11816945752943253
34.27754649036201,35.108462057763184,29.24366952895064,0.13069510059242143
34.27754649036201,35.111462057763184,35.39687552965475,0.14106930666076267
34.27754649036201,35.114462057763184,58.38717524583896,0.17233502292030978
34.27754649036201,35.117462057763184,71.42700800577802,0.1868063107999944
34.27754649036201,35.120462057763184,90.96101541563024,0.20577313788627838
34.27754649036201,35.123462057763184,117.17284664818261,0.22770750920560906
34.27754649036201,35.126462057763185,156.64112522005095,0.25574601660427354
34.27754649036201,35.129462057763185,192.91483420704384,0.27796672482631046
34.27754649036201,35.132462057763185,222.8724249411281,0.2944890124957983
34.27754649036201,35.135462057763185,246.36919863632454,0.3065357450153413
34.27754649036201,35.138462057763185,292.9062634284719,0.32850200440108507
34.27754649036201,35.141462057763185,332.84160401267013,0.34573361156119564
34.27754649036201,35.144462057763185,356.7234273911286,0.35545056851744095
34.27754649036201,35.147462057763185,370.65736963900343,0.3609405004440185
34.27754649036201,35.150462057763185,391.01338824581643,0.3687425133401286
34.27754649036201,35.153462057763186,365.00507860774707,0.35872869963036136
34.27754649036201,35.156462057763186,426.28233264748195,0.3817029301279586
34.27754649036201,35.159462057763186,532.7454734333439,0.4173058449967678
34.27754649036201,35.162462057763186,690.8259634091786,0.4630138913326043
34.27754649036201,35.165462057763186,819.6648657440452,0.4957937963054925
34.27754649036201,35.168462057763186,954.9463601373689,0.5270334152458237
34.27754649036201,35.171462057763186,1115.2226994790017,0.5607783011141846
34.27754649036201,35.174462057763186,1200.3041961733147,0.5775147623913146
34.27754649036201,35.17746205776319,1310.2389553992948,0.5981178497959796
34.27754649036201,35.18046205776319,1359.5486488994636,0.6070220421134022
34.27754649036201,35.18346205776319,1384.9635501443106,0.61153581636866
34.27754649036201,35.18646205776319,1342.0731402105973,0.6038888822624285
34.27754649036201,35.18946205776319,1241.3349523756403,0.5853318469056021
34.27754649036201,35.19246205776319,1137.3994513618597,0.5652125106486727
34.27754649036201,35.19546205776319,1006.4661493850244,0.5382279285559746
34.27754649036201,35.19846205776319,847.4188134340054,0.5024418441444664
34.27754649036201,35.20146205776319,693.0319834369047,0.4636047440937404
34.27754649036201,35.20446205776319,591.5603565105145,0.4351572115462126
34.27754649036201,35.20746205776319,532.3117751752507,0.41716992340027115
34.27754649036201,35.21046205776319,474.540345244094,0.39843347309109617
34.27754649036201,35.21346205776319,460.165236763875,0.39356102506953244
34.27754649036201,35.21646205776319,388.12196380264913,0.3676493888908483
34.27754649036201,35.21946205776319,372.7685783016972,0.361761444645186
34.27754649036201,35.22246205776319,334.99647712075307,0.34662721383704775
34.27754649036201,35.22546205776319,285.8617464059739,0.3253186619860193
34.27754649036201,35.22846205776319,229.49925972436355,0.2979607618000724
34.27754649036201,35.23146205776319,209.46310502571717,0.28726953751758677
34.27754649036201,35.23446205776319,171.51598041560308,0.26519687149842736
34.27754649036201,35.23746205776319,149.39904823907108,0.2509491290080333
34.27754649036201,35.24046205776319,127.27534561583947,0.23536629684194685
34.27754649036201,35.24346205776319,98.76239478212928,0.21265872474943387
34.27754649036201,35.24646205776319,61.07106182356884,0.17546106002664588
34.27754649036201,35.24946205776319,41.83275547605985,0.15081799022935494
34.27754649036201,35.25246205776319,29.037227693409047,0.13032526611494388
34.27754649036201,35.25546205776319,16.155050435358664,0.10307892665184441
34.27754649036201,35.25846205776319,12.832817997551967,0.09401028609072644
34.27754649036201,35.26146205776319,6.4201718954443265,0.07126318405507608
34.27754649036201,35.26446205776319,3.2084438668466078,0.053996341897634595
34.28054649036201,35.08446205776318,3.202506221069495,0.05395634876195353
34.28054649036201,35.08746205776318,3.2233810196393717,0.054096755424269116
34.28054649036201,35.09046205776318,3.2233810196393717,0.054096755424269116
34.28054649036201,35.09346205776318,3.2233810196393717,0.054096755424269116
34.28054649036201,35.09646205776318,12.895125777386891,0.09419260183994713
34.28054649036201,35.09946205776318,12.895125777386891,0.09419260183994713
34.28054649036201,35.102462057763184,22.606240888992268,0.11790654155624432
34.28054649036201,35.105462057763184,25.869634799653458,0.1244407670724486
34.28054649036201,35.108462057763184,41.79739410756223,0.15076698251052933
34.28054649036201,35.111462057763184,57.872287761342555,0.1717255123244547
34.28054649036201,35.114462057763184,70.76159712893144,0.18610824382847765
34.28054649036201,35.117462057763184,97.33637735659562,0.21142514244288163
34.28054649036201,35.120462057763184,107.26669511748715,0.219802445716559
34.28054649036201,35.123462057763184,159.53070988286993,0.257622790131337
34.28054649036201,35.126462057763185,199.0340712031444,0.28146054934190506
34.28054649036201,35.129462057763185,225.46455404455662,0.2958542894625932
34.28054649036201,35.132462057763185,252.2926908888059,0.3094627837684605
34.28054649036201,35.135462057763185,292.28759055391293,0.32822428523790703
34.28054649036201,35.138462057763185,312.61668877668177,0.33717193930422357
34.28054649036201,35.141462057763185,345.96046838062404,0.3511212799066246
34.28054649036201,35.144462057763185,369.75590553511176,0.3605891111124178
34.28054649036201,35.147462057763185,380.2942694023628,0.3646653278434491
34.28054649036201,35.150462057763185,410.71954341186733,0.3760665515928574
34.28054649036201,35.153462057763186,406.35466272759265,0.3744627818772417
34.28054649036201,35.156462057763186,506.4189840534924,0.4089314866961992
34.28054649036201,35.159462057763186,632.4924198466737,0.4469600329654784
34.28054649036201,35.162462057763186,779.0614553051323,0.485819840962834
34.28054649036201,35.165462057763186,859.8337733862174,0.5053733777628823
34.28054649036201,35.168462057763186,1054.575411778707,0.5483749614085544
34.28054649036201,35.171462057763186,1171.1675889814755,0.5718658707916792
34.28054649036201,35.174462057763186,1262.277688557277,0.5892621184041222
34.28054649036201,35.17746205776319,1333.1308025682276,0.6022761500824309
34.28054649036201,35.18046205776319,1346.4269482431175,0.6046717492404323
34.28054649036201,35.18346205776319,1324.0823971279685,0.6006376684911545
34.28054649036201,35.18646205776319,1294.0869637878322,0.5951575472247079
34.28054649036201,35.18946205776319,1161.7448766929842,0.5700210144769514
34.28054649036201,35.19246205776319,1063.7599442389583,0.5502803610529863
34.28054649036201,35.19546205776319,938.2326695159354,0.5233241549327414
34.28054649036201,35.19846205776319,775.2138388140759,0.4848586714520062
34.28054649036201,35.20146205776319,616.5008314788682,0.4424050003796334
34.28054649036201,35.20446205776319,494.6212858607863,0.40509387919950507
34.28054649036201,35.20746205776319,379.64083547761425,0.3644145666232018
34.28054649036201,35.21046205776319,328.7455720295089,0.344025413184983
34.28054649036201,35.21346205776319,321.4257310189216,0.34094067487555446
34.28054649036201,35.21646205776319,291.45112675036694,0.32784823943615765
34.28054649036201,35.21946205776319,227.1857163811257,0.29675563168854124
34.28054649036201,35.22246205776319,203.95560933869075,0.2842240489862708
34.28054649036201,35.22546205776319,188.31388264845367,0.275295742790112
34.28054649036201,35.22846205776319,160.12521730421957,0.2580063846677184
34.28054649036201,35.23146205776319,129.91252105560795,0.2373050414020881
34.28054649036201,35.23446205776319,123.757450863051,0.23274218246883963
34.28054649036201,35.23746205776319,120.70576648827367,0.2304293356078027
34.28054649036201,35.24046205776319,79.51838273492487,0.19499953504710477
34.28054649036201,35.24346205776319,51.302851514080196,0.16364515894460321
34.28054649036201,35.24646205776319,35.33113025238541,0.14096444075253248
34.28054649036201,35.24946205776319,19.158382645210544,0.11035451275842866
34.28054649036201,35.25246205776319,12.792990359337612,0.0938934699845024
34.28054649036201,35.25546205776319,6.448377210145788,0.07138824971589766
34.28354649036201,35.07846205776318,3.171576255425235,0.053747296430352386
34.28354649036201,35.08146205776318,3.171576255425235,0.053747296430352386
34.28354649036201,35.08446205776318,3.202506221069495,0.05395634876195353
34.28354649036201,35.08746205776318,3.2233810196393717,0.054096755424269116
34.28354649036201,35.09046205776318,9.534945260620276,0.0834783472389423
34.28354649036201,35.09346205776318,12.610802842211246,0.0933563051187431
34.28354649036201,35.09646205776318,16.12119569505516,0.1029924668370132
34.28354649036201,35.09946205776318,19.348890745051083,0.11079214976035508
34.28354649036201,35.102462057763184,32.29079800146493,0.13598095017524658
34.28354649036201,35.105462057763184,38.60701922330771,0.14605387003654233
34.28354649036201,35.108462057763184,54.49846562789881,0.16764873099773844
34.28354649036201,35.111462057763184,80.24704270688632,0.19571232443807207
34.28354649036201,35.114462057763184,96.47606698015437,0.21067567618672764
34.28354649036201,35.117462057763184,125.68755529574526,0.23418737140870502
34.28354649036201,35.120462057763184,145.41345522106258,0.24824950886451885
34.28354649036201,35.123462057763184,200.7573310128103,0.282432796157745
34.28354649036201,35.126462057763185,210.86478511973309,0.28803693664822455
34.28354649036201,35.129462057763185,246.98184288499488,0.3068404218166529
34.28354649036201,35.132462057763185,270.29813400577126,0.31811473016744757
34.28354649036201,35.135462057763185,302.1545222207913,0.3326122191199248
34.28354649036201,35.138462057763185,353.19885332024023,0.35404158335458924
34.28354649036201,35.141462057763185,376.83679898674427,0.36333554161711523
34.28354649036201,35.144462057763185,380.7631067393344,0.3648450891956324
34.28354649036201,35.147462057763185,364.80059262175075,0.3586482982020138
34.28354649036201,35.150462057763185,363.162079793469,0.35800307603318987
34.28354649036201,35.153462057763186,477.57028899636776,0.3994491308010713
34.28354649036201,35.156462057763186,623.720046541791,0.44446998803863474
34.28354649036201,35.159462057763186,730.3429835879376,0.47343166826225375
34.28354649036201,35.162462057763186,837.7764643910767,0.5001471778716364
34.28354649036201,35.165462057763186,983.02551678684,0.5331783137658411
34.28354649036201,35.168462057763186,1103.9218711065942,0.5584983513777132
34.28354649036201,35.171462057763186,1204.7982182642313,0.5783786949671907
34.28354649036201,35.174462057763186,1268.9481452233945,0.5905057222666784
34.28354649036201,35.17746205776319,1285.579059346812,0.5935893170061325
34.28354649036201,35.18046205776319,1298.2245457853269,0.5959179768479486
34.28354649036201,35.18346205776319,1263.5164214948416,0.5894933586825485
34.28354649036201,35.18646205776319,1185.19257306892,0.5745953788759339
34.28354649036201,35.18946205776319,1082.61222425457,0.5541607099349993
34.28354649036201,35.19246205776319,930.9226669240477,0.5216893877688449
34.28354649036201,35.19546205776319,826.1398505687691,0.4973567186423107
34.28354649036201,35.19846205776319,673.7170132167148,0.4583925664102191
34.28354649036201,35.20146205776319,539.5963947293443,0.41944418325385197
34.28354649036201,35.20446205776319,413.8336937568619,0.3772045296691583
34.28354649036201,35.20746205776319,315.46156220614733,0.3383959371989244
34.28354649036201,35.21046205776319,236.43972325301047,0.3015329227306786
34.28354649036201,35.21346205776319,191.5327917068293,0.2771684645177369
34.28354649036201,35.21646205776319,158.50101266719037,0.2569563631819553
34.28354649036201,35.21946205776319,152.36198961430708,0.2529281773752358
34.28354649036201,35.22246205776319,128.4436840617842,0.2362281570679993
34.28354649036201,35.22546205776319,119.16630108208122,0.22924926080234026
34.28354649036201,35.22846205776319,112.99871383078974,0.22442744253640196
34.28354649036201,35.23146205776319,81.72620570613819,0.19714741861915364
34.28354649036201,35.23446205776319,57.006421253540175,0.17069314152964962
34.28354649036201,35.23746205776319,50.73576015770601,0.1629191850592787
34.28354649036201,35.24046205776319,28.81003303452685,0.1299164254751475
34.28354649036201,35.24346205776319,19.201965094912772,0.1104548603041663
34.28354649036201,35.24646205776319,12.81909131717663,0.0939700497689397
34.28354649036201,35.24946205776319,3.399328460958738,0.05525910066319518
34.28354649036201,35.25246205776319,3.2247978138409703,0.05410626517380988
34.286546490362014,35.07546205776318,3.171576255425235,0.053747296430352386
34.286546490362014,35.07846205776318,3.171576255425235,0.053747296430352386
34.286546490362014,35.08146205776318,6.311415328499271,0.0707778334449566
34.286546490362014,35.08446205776318,6.210614585360508,0.07032348615314583
34.286546490362014,35.08746205776318,9.318377096721854,0.08271469505686266
34.286546490362014,35.09046205776318,15.97140820238154,0.10260861940419172
34.286546490362014,35.09346205776318,19.170165044679017,0.11038165494805625
34.286546490362014,35.09646205776318,19.249703870347894,0.11056462099047229
34.286546490362014,35.09946205776318,28.638987641173316,0.12960734827505294
34.286546490362014,35.102462057763184,44.32451156285114,0.15434911503651558
34.286546490362014,35.105462057763184,60.21193499124766,0.17446953114882566
34.286546490362014,35.108462057763184,82.50760378145486,0.19789925081430415
34.286546490362014,35.111462057763184,112.34403205047154,0.22390642871889116
34.286546490362014,35.114462057763184,137.1877661944102,0.2425340473393168
34.286546490362014,35.117462057763184,169.5022352648021,0.263947001241929
34.286546490362014,35.120462057763184,193.6356033058343,0.2783816762397455
34.286546490362014,35.123462057763184,229.72889577838708,0.2980799813664172
34.286546490362014,35.126462057763185,249.68606482618833,0.3081798803764301
34.286546490362014,35.129462057763185,279.41155881132306,0.32236234596568303
34.286546490362014,35.132462057763185,315.9250241234272,0.3385947120467969
34.286546490362014,35.135462057763185,355.71150749569193,0.35504690109683196
34.286546490362014,35.138462057763185,366.06023769013734,0.3591431465605799
34.286546490362014,35.141462057763185,373.5637424950834,0.36206992115144465
34.286546490362014,35.144462057763185,390.343945194701,0.3684898580346028
34.286546490362014,35.147462057763185,361.3787230623875,0.3572988282532776
34.286546490362014,35.150462057763185,463.89502566386614,0.39483391179255933
34.286546490362014,35.153462057763186,589.2996164739507,0.4344912389051357
34.286546490362014,35.156462057763186,675.7621507218696,0.4589486595171881
34.286546490362014,35.159462057763186,829.1617730819179,0.49808363061197347
34.286546490362014,35.162462057763186,963.1490207842708,0.5288395844988663
34.286546490362014,35.165462057763186,1094.632946200374,0.5566137961795378
34.286546490362014,35.168462057763186,1153.2671665362022,0.5683534904793883
34.286546490362014,35.171462057763186,1256.206528848359,0.5881268120451886
34.286546490362014,35.174462057763186,1295.4130696791885,0.5954014255584936
34.286546490362014,35.17746205776319,1308.9180181115096,0.5978765761706513
34.286546490362014,35.18046205776319,1275.9086933341673,0.5917992343646148
34.286546490362014,35.18346205776319,1221.587189406601,0.5815892201984671
34.286546490362014,35.18646205776319,1112.5475110668272,0.5602398369710687
34.286546490362014,35.18946205776319,991.3940591189498,0.5349892866422523
34.286546490362014,35.19246205776319,880.0874514322618,0.5101018420778287
34.286546490362014,35.19546205776319,729.5915328423932,0.4732367623284012
34.286546490362014,35.19846205776319,607.7691539138327,0.4398879062746666
34.286546490362014,35.20146205776319,477.64791914349235,0.3994751020839997
34.286546490362014,35.20446205776319,352.4364760520181,0.35373570666685716
34.286546490362014,35.20746205776319,262.4074969569265,0.3143670761413564
34.286546490362014,35.21046205776319,194.71860131184764,0.2790034264482502
34.286546490362014,35.21346205776319,145.8740776794877,0.24856375988265147
34.286546490362014,35.21646205776319,99.4266164991626,0.21322966499553048
34.286546490362014,35.21946205776319,102.54428566597952,0.21587937199199464
34.286546490362014,35.22246205776319,72.01229152809579,0.18741709966355258
34.286546490362014,35.22546205776319,65.7957565774935,0.18076973211697306
34.286546490362014,35.22846205776319,53.725293601105975,0.16669327506933448
34.286546490362014,35.23146205776319,50.62174195020583,0.16277263523343435
34.286546490362014,35.23446205776319,34.85032141558181,0.14019395104212798
34.286546490362014,35.23746205776319,22.17639707628473,0.11700460533681258
34.286546490362014,35.24046205776319,9.589982928169801,0.0836707561834818
34.286546490362014,35.24346205776319,9.626659328716995,0.083798607441621
34.286546490362014,35.24646205776319,3.3956014450208807,0.05523485830682024
34.286546490362014,35.24946205776319,3.2247978138409703,0.05410626517380988
34.289546490362014,35.07246205776318,3.1326852526766347,0.053482692797447114
34.289546490362014,35.07546205776318,3.171576255425235,0.053747296430352386
34.289546490362014,35.07846205776318,3.171576255425235,0.053747296430352386
34.289546490362014,35.08146205776318,6.311415328499271,0.0707778334449566
34.289546490362014,35.08446205776318,9.472669431098925,0.08325982872202942
34.289546490362014,35.08746205776318,12.623218900871619,0.0933930601196601
34.289546490362014,35.09046205776318,18.816917529137413,0.10956351403767067
34.289546490362014,35.09346205776318,25.357143990303918,0.12344874951891215
34.289546490362014,35.09646205776318,35.216852142059146,0.140781884369264
34.289546490362014,35.09946205776318,47.365886873493864,0.15850130041939145
34.289546490362014,35.102462057763184,66.3451916479992,0.18137204156555806
34.289546490362014,35.105462057763184,88.74978651325321,0.20375744546522537
34.289546490362014,35.108462057763184,123.8502051075399,0.23281194141479294
34.289546490362014,35.111462057763184,143.27735619127142,0.24678433231323268
34.289546490362014,35.114462057763184,184.95913651835164,0.2733234387568249
34.289546490362014,35.117462057763184,204.57906527570168,0.2845712597034293
34.289546490362014,35.120462057763184,227.3385308594397,0.2968354596109198
34.289546490362014,35.123462057763184,256.6213749045746,0.31157578031979005
34.289546490362014,35.126462057763185,285.3248075287489,0.325074103534651
34.289546490362014,35.129462057763185,315.85880240947245,0.3385663208392504
34.289546490362014,35.132462057763185,352.02555115264863,0.3535706730273615
34.289546490362014,35.135462057763185,359.29630143129316,0.356473835539954
34.289546490362014,35.138462057763185,349.6207337297794,0.3526025366540635
34.289546490362014,35.141462057763185,353.4722726846039,0.35415118660170053
34.289546490362014,35.144462057763185,376.85196145268463,0.3633413892374027
34.289546490362014,35.147462057763185,451.8223244335452,0.3906912048216894
34.289546490362014,35.150462057763185,546.099686923679,0.42145899905174505
34.289546490362014,35.153462057763186,694.1907757013889,0.4639146589974209
34.289546490362014,35.156462057763186,803.0252201305107,0.49174305434245746
34.289546490362014,35.159462057763186,877.7045982875029,0.5095489486127107
34.289546490362014,35.162462057763186,985.4240169565629,0.5336982975913459
34.289546490362014,35.165462057763186,1141.7560099517632,0.5660774865190138
34.289546490362014,35.168462057763186,1183.3268920655976,0.5742334061846767
34.289546490362014,35.171462057763186,1259.5818841296036,0.5887584085222766
34.289546490362014,35.174462057763186,1264.5309896751614,0.589682651732644
34.289546490362014,35.17746205776319,1243.4244174163757,0.5857257497395105
34.289546490362014,35.18046205776319,1198.8800137383566,0.5772405721195459
34.289546490362014,35.18346205776319,1129.2701787193132,0.563593147705883
34.289546490362014,35.18646205776319,1020.9602341567594,0.5413150366846889
34.289546490362014,35.18946205776319,894.9152647924648,0.5135223223976281
34.289546490362014,35.19246205776319,772.8862297319101,0.484275823424086
34.289546490362014,35.19546205776319,656.9110140460249,0.4537839987062461
34.289546490362014,35.19846205776319,527.1943166322883,0.4155610627550481
34.289546490362014,35.20146205776319,404.5128590467442,0.37378295504670944
34.289546490362014,35.20446205776319,301.7575173983904,0.3324373407290182
34.289546490362014,35.20746205776319,220.2511423186886,0.2930986568009726
34.289546490362014,35.21046205776319,169.50721889689095,0.2639501053972003
34.289546490362014,35.21346205776319,117.37745573428953,0.22786647655000308
34.289546490362014,35.21646205776319,89.35280789614015,0.20431010276462377
34.289546490362014,35.21946205776319,69.52917724780218,0.18480486356648104
34.289546490362014,35.22246205776319,56.31527587263243,0.16986231816428823
34.289546490362014,35.22546205776319,31.332088582733977,0.13435143165427435
34.289546490362014,35.22846205776319,28.423157339499006,0.12921576051793754
34.289546490362014,35.23146205776319,22.141802581628234,0.11693156171207923
34.289546490362014,35.23446205776319,9.503512926584092,0.08336816228234391
34.289546490362014,35.23746205776319,9.503512926584092,0.08336816228234391
34.289546490362014,35.24046205776319,3.3956014450208807,0.05523485830682024
34.289546490362014,35.24346205776319,3.3956014450208807,0.05523485830682024
34.289546490362014,35.24646205776319,3.3956014450208807,0.05523485830682024
34.292546490362014,35.06646205776318,3.088243682539641,0.05317790024868418
34.292546490362014,35.06946205776318,3.088243682539641,0.05317790024868418
34.292546490362014,35.07246205776318,3.1326852526766347,0.053482692797447114
34.292546490362014,35.07546205776318,6.220619127248181,0.07036877729417772
34.292546490362014,35.07846205776318,9.301263907237214,0.08265389936783817
34.292546490362014,35.08146205776318,12.249637030295414,0.092277506047645
34.292546490362014,35.08446205776318,21.503899331221678,0.11557221788494636
34.292546490362014,35.08746205776318,24.604544890799286,0.12196990762294074
34.292546490362014,35.09046205776318,31.372129305032892,0.13442008290082458
34.292546490362014,35.09346205776318,49.43053393055935,0.16122956453378745
34.292546490362014,35.09646205776318,59.27008420641799,0.17337272610495552
34.292546490362014,35.09946205776318,97.03537357156034,0.21116337430453977
34.292546490362014,35.102462057763184,122.44448197678513,0.23175133664087524
34.292546490362014,35.105462057763184,132.1198999539381,0.2389097395421659
34.292546490362014,35.108462057763184,144.84726371466303,0.24786241596630645
34.292546490362014,35.111462057763184,181.3921348246903,0.27120265772465046
34.292546490362014,35.114462057763184,226.27380690990697,0.2962785931781471
34.292546490362014,35.117462057763184,246.10276239577803,0.30640310060264964
34.292546490362014,35.120462057763184,266.73820140872624,0.31643218328076334
34.292546490362014,35.123462057763184,299.0077177708831,0.33122226267272176
34.292546490362014,35.126462057763185,320.5890190503917,0.3405853925157127
34.292546490362014,35.129462057763185,350.1960904395877,0.35283452766148204
34.292546490362014,35.132462057763185,377.6978999263692,0.36366741404521097
34.292546490362014,35.135462057763185,394.58885963425445,0.3700875609747456
34.292546490362014,35.138462057763185,388.64376270273556,0.3678470192713827
34.292546490362014,35.141462057763185,343.7673470951601,0.35022924621606133
34.292546490362014,35.144462057763185,399.5648529499314,0.37194735275179985
34.292546490362014,35.147462057763185,537.0692480618306,0.4186573062256375
34.292546490362014,35.150462057763185,654.6204641762563,0.4531504248014413
34.292546490362014,35.153462057763186,777.1575720329365,0.4853445905108022
34.292546490362014,35.156462057763186,883.0560931420323,0.510789401009798
34.292546490362014,35.159462057763186,994.924736718662,0.5357505824872864
34.292546490362014,35.162462057763186,1097.3949834006883,0.5571751627321928
34.292546490362014,35.165462057763186,1152.6380398219956,0.5682294516065483
34.292546490362014,35.168462057763186,1213.8911688678322,0.5801208319636586
34.292546490362014,35.171462057763186,1264.0739919846071,0.5895973986751849
34.292546490362014,35.174462057763186,1256.193922384703,0.5881244512163176
34.292546490362014,35.17746205776319,1205.245657750319,0.5784646050009074
34.292546490362014,35.18046205776319,1149.6995163793972,0.5676495525218055
34.292546490362014,35.18346205776319,1064.7774475378428,0.5504908414337094
34.292546490362014,35.18646205776319,946.8588223310734,0.5252434585937831
34.292546490362014,35.18946205776319,804.8490931371089,0.4921894993554156
34.292546490362014,35.19246205776319,692.7711321318291,0.46353493746807906
34.292546490362014,35.19546205776319,593.6148293710563,0.4357610984849516
34.292546490362014,35.19846205776319,450.53549134063616,0.39024573361258275
34.292546490362014,35.20146205776319,343.3275975722994,0.3500499711453229
34.292546490362014,35.20446205776319,257.4429651228541,0.311974409879079
34.292546490362014,35.20746205776319,195.73219985739394,0.2795834574480465
34.292546490362014,35.21046205776319,153.78784456834558,0.2538723273549115
34.292546490362014,35.21346205776319,97.73096476633225,0.21176756101931804
34.292546490362014,35.21646205776319,66.80832500094412,0.18187742367456988
34.292546490362014,35.21946205776319,49.60362287519354,0.16145515621786152
34.292546490362014,35.22246205776319,29.77547420195016,0.1316406551618726
34.292546490362014,35.22546205776319,16.32845516370372,0.10352008015234575
34.292546490362014,35.22846205776319,9.941253703075605,0.08488345010896152
34.292546490362014,35.23146205776319,6.795224154351715,0.07290009181966059
34.292546490362014,35.23446205776319,9.503512926584092,0.08336816228234391
34.292546490362014,35.23746205776319,6.343705373934576,0.07092245528490872
34.292546490362014,35.24046205776319,3.3956014450208807,0.05523485830682024
34.292546490362014,35.24346205776319,3.3956014450208807,0.05523485830682024
34.292546490362014,35.24646205776319,3.3956014450208807,0.05523485830682024
34.295546490362014,35.05146205776318,2.9939519423741214,0.05252239122990046
34.295546490362014,35.05446205776318,2.9939519423741214,0.05252239122990046
34.295546490362014,35.05746205776318,3.044627171402627,0.05287619650734142
34.295546490362014,35.06046205776318,3.044627171402627,0.05287619650734142
34.295546490362014,35.06346205776318,3.088243682539641,0.05317790024868418
34.295546490362014,35.06646205776318,6.032361590227984,0.06950907462298518
34.295546490362014,35.06946205776318,9.137672193473264,0.08206931149021154
34.295546490362014,35.07246205776318,15.137385600619456,0.10043079718254072
34.295546490362014,35.07546205776318,15.174927095642316,0.10053035257204941
34.295546490362014,35.07846205776318,27.364097702498945,0.1272679396439174
34.295546490362014,35.08146205776318,27.399612122801777,0.12733398367788337
34.295546490362014,35.08446205776318,36.625861019504114,0.14300844935557785
34.295546490362014,35.08746205776318,49.17021080331128,0.16088938383484544
34.295546490362014,35.09046205776318,61.607569675512266,0.17607601116081736
34.295546490362014,35.09346205776318,89.61306009518987,0.20454792747537606
34.295546490362014,35.09646205776318,95.99653872151472,0.2102561898399841
34.295546490362014,35.09946205776318,121.987281348941,0.2314048096830895
34.295546490362014,35.102462057763184,163.11510128773867,0.25992271121255883
34.295546490362014,35.105462057763184,175.93288899903516,0.2679078098922914
34.295546490362014,35.108462057763184,207.70695138535837,0.28630370813834355
34.295546490362014,35.111462057763184,230.250197311689,0.29835035901395474
34.295546490362014,35.114462057763184,265.60980868684743,0.31589605618545114
34.295546490362014,35.117462057763184,291.39819659084947,0.3278244220567737
34.295546490362014,35.120462057763184,317.45869699530544,0.339251246548735
34.295546490362014,35.123462057763184,322.9566121752947,0.3415892797968869
34.295546490362014,35.126462057763185,356.86864045176156,0.3555084394156059
34.295546490362014,35.129462057763185,373.59314642394185,0.3620813205733971
34.295546490362014,35.132462057763185,361.25855876674996,0.3572513004460433
34.295546490362014,35.135462057763185,362.1107526209928,0.35758815854652853
34.295546490362014,35.138462057763185,378.79203284223286,0.364088443894139
34.295546490362014,35.141462057763185,406.01944258226865,0.3743391868413588
34.295546490362014,35.144462057763185,513.046780248128,0.41106390815348837
34.295546490362014,35.147462057763185,630.5233582113478,0.44640292577610363
34.295546490362014,35.150462057763185,738.1991683649585,0.47546218408096075
34.295546490362014,35.153462057763186,818.3296142866486,0.4954705748395734
34.295546490362014,35.156462057763186,909.6958548662756,0.516898231974519
34.295546490362014,35.159462057763186,1051.304643948829,0.5476940129276944
34.295546490362014,35.162462057763186,1166.8894416979917,0.5710293678868715
34.295546490362014,35.165462057763186,1174.2510448782723,0.5724676403127987
34.295546490362014,35.168462057763186,1214.3346061940524,0.58020559048264
34.295546490362014,35.171462057763186,1208.105803658542,0.5790133119891809
34.295546490362014,35.174462057763186,1182.1103796773355,0.5739971983807044
34.295546490362014,35.17746205776319,1138.31349443504,0.5653941545136202
34.295546490362014,35.18046205776319,1035.834347834596,0.5444558688342939
34.295546490362014,35.18346205776319,952.986166479644,0.5266004173409619
34.295546490362014,35.18646205776319,817.7027619909171,0.4953187248929198
34.295546490362014,35.18946205776319,694.5908286585795,0.4640215796662493
34.295546490362014,35.19246205776319,593.0883709097122,0.4356064721704078
34.295546490362014,35.19546205776319,493.1200174179236,0.40460161626470686
34.295546490362014,35.19846205776319,371.1804463354444,0.3611441598979474
34.295546490362014,35.20146205776319,291.9131039542592,0.3280560086807056
34.295546490362014,35.20446205776319,218.7864648106938,0.29231744948584265
34.295546490362014,35.20746205776319,162.62871929484947,0.2596124149959141
34.295546490362014,35.21046205776319,125.17870245876159,0.2338076617151449
34.295546490362014,35.21346205776319,86.74167259916598,0.2019006314630928
34.295546490362014,35.21646205776319,60.026253301266124,0.1742541199187532
34.295546490362014,35.21946205776319,36.394229686071874,0.142645991818768
34.295546490362014,35.22246205776319,29.77547420195016,0.1316406551618726
34.295546490362014,35.22546205776319,16.547844199563603,0.10407421161227726
34.295546490362014,35.22846205776319,9.941253703075605,0.08488345010896152
34.295546490362014,35.23146205776319,3.3996227093308344,0.05526101392087289
34.295546490362014,35.23446205776319,3.3956014450208807,0.05523485830682024
34.295546490362014,35.23746205776319,3.3956014450208807,0.05523485830682024
34.295546490362014,35.24046205776319,3.3956014450208807,0.05523485830682024
34.295546490362014,35.24346205776319,3.377784269148462,0.055118745422769094
34.298546490362014,35.04246205776318,2.975197240271314,0.0523905388583794
34.298546490362014,35.04546205776318,2.975197240271314,0.0523905388583794
34.298546490362014,35.04846205776318,2.975197240271314,0.0523905388583794
34.298546490362014,35.05146205776318,2.9939519423741214,0.05252239122990046
34.298546490362014,35.05446205776318,3.044627171402627,0.05287619650734142
34.298546490362014,35.05746205776318,8.957036463063025,0.08141647536754966
34.298546490362014,35.06046205776318,11.976142484533316,0.09144781688144042
34.298546490362014,35.06346205776318,14.993760382202417,0.10004854722985222
34.298546490362014,35.06646205776318,24.04502895423669,0.12085279032290472
34.298546490362014,35.06946205776318,27.12371262433513,0.12681955183754373
34.298546490362014,35.07246205776318,27.29405075746252,0.12713752663571687
34.298546490362014,35.07546205776318,30.32472908957851,0.1326066587032552
34.298546490362014,35.07846205776318,39.338431285110886,0.14715444169034161
34.298546490362014,35.08146205776318,51.474857198822406,0.16386440318103246
34.298546490362014,35.08446205776318,73.20751251937266,0.1886552174435653
34.298546490362014,35.08746205776318,83.0999435092236,0.19846633589852197
34.298546490362014,35.09046205776318,104.82824776459972,0.21778997796545263
34.298546490362014,35.09346205776318,132.86429599728655,0.23944726268814223
34.298546490362014,35.09646205776318,164.15314181943845,0.2605830962741209
34.298546490362014,35.09946205776318,179.90297783696252,0.2703098684563228
34.298546490362014,35.102462057763184,192.59150840047636,0.277780281839818
34.298546490362014,35.105462057763184,230.57007405438972,0.2985160841187546
34.298546490362014,35.108462057763184,268.3670718650001,0.31720370507877355
34.298546490362014,35.111462057763184,283.91209061879925,0.3244293343180907
34.298546490362014,35.114462057763184,306.587925623836,0.33455581215149316
34.298546490362014,35.117462057763184,332.5125455933006,0.3455968494326534
34.298546490362014,35.120462057763184,342.78139158353946,0.3498271044439905
34.298546490362014,35.123462057763184,378.36933174739573,0.3639258722206621
34.298546490362014,35.126462057763185,394.98125851241787,0.3702347305041232
34.298546490362014,35.129462057763185,389.4068999883178,0.3681357696502452
34.298546490362014,35.132462057763185,361.10481725274894,0.35719047822511796
34.298546490362014,35.135462057763185,326.5080099359569,0.34308686880557926
34.298546490362014,35.138462057763185,401.8192784166367,0.3727853769084024
34.298546490362014,35.141462057763185,512.7727090520468,0.4109760574220703
34.298546490362014,35.144462057763185,614.4168100075893,0.44180618969656543
34.298546490362014,35.147462057763185,769.3393083169751,0.48338562309847816
34.298546490362014,35.150462057763185,898.6855491422982,0.5143866203539526
34.298546490362014,35.153462057763186,934.3263272279225,0.5224515174953343
34.298546490362014,35.156462057763186,1029.9876500408277,0.5432245230906206
34.298546490362014,35.159462057763186,1081.4168908172246,0.5539158849261479
34.298546490362014,35.162462057763186,1168.0523509826057,0.5712569325209633
34.298546490362014,35.165462057763186,1185.3181748244833,0.5746197353883208
34.298546490362014,35.168462057763186,1209.1279399582643,0.5792092154843863
34.298546490362014,35.171462057763186,1158.6433676406198,0.569411812460214
34.298546490362014,35.174462057763186,1134.9577126882016,0.5647268444764826
34.298546490362014,35.17746205776319,1098.3587864494073,0.557370850047912
34.298546490362014,35.18046205776319,987.6648368731793,0.534183411368472
34.298546490362014,35.18346205776319,857.0245288443205,0.5047122679413909
34.298546490362014,35.18646205776319,751.16009180905,0.47878392743643383
34.298546490362014,35.18946205776319,637.8983076124023,0.44848419255574745
34.298546490362014,35.19246205776319,547.8255026098378,0.4219912623984793
34.298546490362014,35.19546205776319,403.3184376221159,0.373341089763255
34.298546490362014,35.19846205776319,323.6311420483096,0.3418744796698226
34.298546490362014,35.20146205776319,232.81853442926558,0.2996771161766194
34.298546490362014,35.20446205776319,193.99620503831161,0.2785889292149757
34.298546490362014,35.20746205776319,132.00129014937716,0.23882392454230664
34.298546490362014,35.21046205776319,106.58628186455803,0.21924368117774767
34.298546490362014,35.21346205776319,76.65357395234376,0.19215846629832195
34.298546490362014,35.21646205776319,46.66640711718975,0.15756084692264186
34.298546490362014,35.21946205776319,29.988943876398412,0.13201735549675706
34.298546490362014,35.22246205776319,16.490548865110373,0.1039299227970062
34.298546490362014,35.22546205776319,13.22951012130211,0.09516211056382859
34.298546490362014,35.22846205776319,3.3996227093308344,0.05526101392087289
34.298546490362014,35.23146205776319,3.377784269148462,0.055118745422769094
34.298546490362014,35.23446205776319,3.377784269148462,0.055118745422769094
34.298546490362014,35.23746205776319,3.377784269148462,0.055118745422769094
34.298546490362014,35.24046205776319,3.377784269148462,0.055118745422769094
34.298546490362014,35.24346205776319,3.377784269148462,0.055118745422769094
34.301546490362014,35.03946205776318,2.975197240271314,0.0523905388583794
34.301546490362014,35.04246205776318,2.975197240271314,0.0523905388583794
34.301546490362014,35.04546205776318,2.975197240271314,0.0523905388583794
34.301546490362014,35.04846205776318,8.924019895487609,0.08129629852083009
34.301546490362014,35.05146205776318,11.898514935117403,0.09121025384318748
34.301546490362014,35.05446205776318,17.896255014024547,0.10738692934951334
34.301546490362014,35.05746205776318,20.899903165204027,0.11426264417345344
34.301546490362014,35.06046205776318,23.924256668819666,0.12060961789902298
34.301546490362014,35.06346205776318,30.00002551220514,0.13203686676879361
34.301546490362014,35.06646205776318,36.00678030116974,0.14203660263704257
34.301546490362014,35.06946205776318,47.98280501166698,0.15932385770571203
34.301546490362014,35.07246205776318,54.06573027612534,0.16711498324823046
34.301546490362014,35.07546205776318,69.38665699407413,0.18465324577779196
34.301546490362014,35.07846205776318,75.60237506708823,0.19110002155412828
34.301546490362014,35.08146205776318,91.29276591529248,0.20607300610259202
34.301546490362014,35.08446205776318,131.1169701964228,0.23818264975589176
34.301546490362014,35.08746205776318,125.16393851454694,0.23379663093961073
34.301546490362014,35.09046205776318,146.81923356627712,0.24920671556453006
34.301546490362014,35.09346205776318,182.97330051304056,0.27214580808705263
34.301546490362014,35.09646205776318,216.6956444401486,0.29119682351558646
34.301546490362014,35.09946205776318,248.04185488127584,0.30736651182543195
34.301546490362014,35.102462057763184,265.25247861886794,0.3157259950720191
34.301546490362014,35.105462057763184,278.0521184453397,0.3217340631541809
34.301546490362014,35.108462057763184,311.9990253611278,0.3369053094642142
34.301546490362014,35.111462057763184,343.8448080831388,0.35026081090070377
34.301546490362014,35.114462057763184,372.7195298432732,0.3617424038325496
34.301546490362014,35.117462057763184,370.2249750239382,0.36077201774848566
34.301546490362014,35.120462057763184,383.51850021384405,0.365898886377854
34.301546490362014,35.123462057763184,378.37914361653804,0.3639296471199017
34.301546490362014,35.126462057763185,379.03317443453227,0.36418113866863583
34.301546490362014,35.129462057763185,360.55412239337585,0.3569724883038737
34.301546490362014,35.132462057763185,329.7108988238408,0.34442913555810656
34.301546490362014,35.135462057763185,396.8806596109248,0.37094586534907076
34.301546490362014,35.138462057763185,502.8821901213345,0.4077867049600514
34.301546490362014,35.141462057763185,606.7704990589864,0.4395986432023491
34.301546490362014,35.144462057763185,719.6887007993996,0.47065690442935393
34.301546490362014,35.147462057763185,782.8167801501781,0.48675521251511944
34.301546490362014,35.150462057763185,890.4597498674151,0.5124981213564567
34.301546490362014,35.153462057763186,982.3373075226932,0.5330289726369422
34.301546490362014,35.156462057763186,1089.1915815354264,0.5555053817550715
34.301546490362014,35.159462057763186,1121.1047172817268,0.5619595193186948
34.301546490362014,35.162462057763186,1180.6563756782189,0.5737146858825548
34.301546490362014,35.165462057763186,1178.3365701008252,0.573263515877181
34.301546490362014,35.168462057763186,1179.0337112458149,0.5733991561291991
34.301546490362014,35.171462057763186,1112.2386024241905,0.5601776095717933
34.301546490362014,35.174462057763186,1065.7511940630404,0.5506921573250665
34.301546490362014,35.17746205776319,989.3173077161962,0.534540730899078
34.301546490362014,35.18046205776319,881.8287007433324,0.5105052964557555
34.301546490362014,35.18346205776319,780.8111205813609,0.48625598118026475
34.301546490362014,35.18646205776319,652.8377580613716,0.45265640115138717
34.301546490362014,35.18946205776319,544.4454312366112,0.4209478575288639
34.301546490362014,35.19246205776319,445.98479709654106,0.3886642382495451
34.301546490362014,35.19546205776319,351.7896000180408,0.3534758592476449
34.301546490362014,35.19846205776319,270.66595468403955,0.31828781525838473
34.301546490362014,35.20146205776319,199.8304855136447,0.28191050385623523
34.301546490362014,35.20446205776319,168.30660584681294,0.2632006909948125
34.301546490362014,35.20746205776319,123.0296190129315,0.23219369997691908
34.301546490362014,35.21046205776319,82.80635455918667,0.19818556845426374
34.301546490362014,35.21346205776319,56.02733613425421,0.16951438173596245
34.301546490362014,35.21646205776319,36.664086898499264,0.14306813300914528
34.301546490362014,35.21946205776319,29.99479770081138,0.13202766277761402
34.301546490362014,35.22246205776319,13.3313037015704,0.09545432464019389
34.301546490362014,35.22546205776319,6.753877195221661,0.07272233655341931
34.301546490362014,35.22846205776319,3.377784269148462,0.055118745422769094
34.301546490362014,35.23146205776319,3.377784269148462,0.055118745422769094
34.301546490362014,35.23446205776319,3.377784269148462,0.055118745422769094
34.301546490362014,35.23746205776319,3.377784269148462,0.055118745422769094
34.301546490362014,35.24046205776319,3.377784269148462,0.055118745422769094
34.301546490362014,35.24346205776319,3.377784269148462,0.055118745422769094
34.304546490362014,35.03046205776318,2.971751893216368,0.05236626264122332
34.304546490362014,35.03346205776318,2.971751893216368,0.05236626264122332
34.304546490362014,35.03646205776318,2.971751893216368,0.05236626264122332
34.304546490362014,35.03946205776318,8.870110298512202,0.08109949846664369
34.304546490362014,35.04246205776318,11.895540537903877,0.09120113284364596
34.304546490362014,35.04546205776318,14.871996776353168,0.09972275622661055
34.304546490362014,35.04846205776318,14.871105011508668,0.09972036432593119
34.304546490362014,35.05146205776318,20.846314390301504,0.11414536302418637
34.304546490362014,35.05446205776318,26.81724716301581,0.12624443361697527
34.304546490362014,35.05746205776318,32.87272571928775,0.1369559317264374
34.304546490362014,35.06046205776318,38.89347053474957,0.14648637753875343
34.304546490362014,35.06346205776318,50.83882708862818,0.16305148904415062
34.304546490362014,35.06646205776318,71.8485557813688,0.18724652969257813
34.304546490362014,35.06946205776318,74.90463928953746,0.19039259233955189
34.304546490362014,35.07246205776318,111.31701044451299,0.22308541315981892
34.304546490362014,35.07546205776318,120.45732014929595,0.23023950303922844
34.304546490362014,35.07846205776318,123.69959885136177,0.23269865703389128
34.304546490362014,35.08146205776318,144.73755434829104,0.24778730509635233
34.304546490362014,35.08446205776318,178.9579159523291,0.26974097675536707
34.304546490362014,35.08746205776318,194.2495361096868,0.2787343910353529
34.304546490362014,35.09046205776318,240.2073391137195,0.3034457570485135
34.304546490362014,35.09346205776318,252.86534925268165,0.3097435622911814
34.304546490362014,35.09646205776318,286.8232814208525,0.3257559225911289
34.304546490362014,35.09946205776318,302.5866228595298,0.332802400406953
34.304546490362014,35.102462057763184,332.9074613784614,0.34576097322901034
34.304546490362014,35.105462057763184,352.08044898519967,0.3535927275123439
34.304546490362014,35.108462057763184,343.3843115588752,0.35007309977903006
34.304546490362014,35.111462057763184,356.5379396736207,0.35537662663719527
34.304546490362014,35.114462057763184,378.95032270966124,0.3641492944751455
34.304546490362014,35.117462057763184,376.4660195193209,0.36319250129257447
34.304546490362014,35.120462057763184,364.6251098252608,0.35857927891598107
34.304546490362014,35.123462057763184,364.13641894015893,0.35838696639711415
34.304546490362014,35.126462057763185,338.6951222825944,0.34815299634830804
34.304546490362014,35.129462057763185,330.73473069992747,0.3448565518975383
34.304546490362014,35.132462057763185,404.44400946803546,0.3737575060528647
34.304546490362014,35.135462057763185,531.0215384181945,0.41676516822594234
34.304546490362014,35.138462057763185,623.0202374668977,0.44427044409753363
34.304546490362014,35.141462057763185,725.9955591287649,0.472302393020765
34.304546490362014,35.144462057763185,851.5018941614273,0.5034088053511755
34.304546490362014,35.147462057763185,903.7427323851772,0.5155425169649676
34.304546490362014,35.150462057763185,1006.593944248512,0.5382552638597167
34.304546490362014,35.153462057763186,1047.5645577233772,0.5469137963755621
34.304546490362014,35.156462057763186,1129.245795129625,0.5635882799555982
34.304546490362014,35.159462057763186,1157.625770296273,0.5692117216627891
34.304546490362014,35.162462057763186,1133.4485637434586,0.5644263585196861
34.304546490362014,35.165462057763186,1112.4976044290893,0.5602297843440716
34.304546490362014,35.168462057763186,1090.643761006274,0.5558015173821595
34.304546490362014,35.171462057763186,1055.3628571379381,0.5485387120979638
34.304546490362014,35.174462057763186,970.6061979331043,0.5304736111787715
34.304546490362014,35.17746205776319,864.1768284177757,0.5063928992028194
34.304546490362014,35.18046205776319,762.2309391307651,0.48159413524110856
34.304546490362014,35.18346205776319,675.5311510040403,0.45888589904157406
34.304546490362014,35.18646205776319,568.3927797309991,0.4282584899695861
34.304546490362014,35.18946205776319,473.7581999274072,0.3981706612098598
34.304546490362014,35.19246205776319,377.2453398250034,0.36349305187865216
34.304546490362014,35.19546205776319,290.19075856026825,0.32728039561439326
34.304546490362014,35.19846205776319,236.1935792443244,0.3014073199525259
34.304546490362014,35.20146205776319,172.65567657329424,0.2659003475762529
34.304546490362014,35.20446205776319,119.33076892552953,0.22937576815021588
34.304546490362014,35.20746205776319,93.7129907725772,0.2082411146091381
34.304546490362014,35.21046205776319,63.62910711213496,0.17836469352785034
34.304546490362014,35.21346205776319,40.213553937452204,0.14845524391452045
34.304546490362014,35.21646205776319,23.464676092650933,0.11967746620504291
34.304546490362014,35.21946205776319,16.77849898265542,0.10465206510865897
34.304546490362014,35.22246205776319,10.049807372873289,0.08525299704032578
34.304546490362014,35.22546205776319,3.3834569765268214,0.05515575372142354
34.304546490362014,35.22846205776319,3.348507986665751,0.054927153871234057
34.304546490362014,35.23146205776319,3.377784269148462,0.055118745422769094
34.304546490362014,35.23446205776319,3.377784269148462,0.055118745422769094
34.304546490362014,35.23746205776319,3.377784269148462,0.055118745422769094
34.304546490362014,35.24046205776319,3.377784269148462,0.055118745422769094
34.307546490362014,35.02446205776318,2.9842581727801845,0.05245430258048124
34.307546490362014,35.02746205776318,2.9842581727801845,0.05245430258048124
34.307546490362014,35.03046205776318,11.812430745477663,0.09094572103930598
34.307546490362014,35.03346205776318,14.78324231686366,0.09948427483508887
34.307546490362014,35.03646205776318,14.930560627002814,0.09987964877668984
34.307546490362014,35.03946205776318,14.798373824170657,0.09952499350852928
34.307546490362014,35.04246205776318,26.68709888140662,0.12599900230868233
34.307546490362014,35.04546205776318,26.72615862630181,0.12607273575777592
34.307546490362014,35.04846205776318,32.664511374452395,0.13660828109695958
34.307546490362014,35.05146205776318,41.57248231910425,0.15044194627523957
34.307546490362014,35.05446205776318,47.67996112604739,0.15892086397080413
34.307546490362014,35.05746205776318,68.73117071280927,0.18395350065944646
34.307546490362014,35.06046205776318,74.54154022441125,0.190022884040306
34.307546490362014,35.06346205776318,98.58349383087085,0.21250455455993458
34.307546490362014,35.06646205776318,101.62895305664608,0.2151065035229434
34.307546490362014,35.06946205776318,126.15794089879267,0.23453755702141957
34.307546490362014,35.07246205776318,150.37844037929335,0.25160588265786127
34.307546490362014,35.07546205776318,177.45975252355638,0.2688354330139865
34.307546490362014,35.07846205776318,204.7650665687139,0.2846747232557381
34.307546490362014,35.08146205776318,235.1495866861754,0.3008737148618523
34.307546490362014,35.08446205776318,262.71573507661026,0.314514733188912
34.307546490362014,35.08746205776318,275.2108178884607,0.3204149422223418
34.307546490362014,35.09046205776318,294.806985114139,0.3293530337097063
34.307546490362014,35.09346205776318,325.7748132676842,0.3427784906870826
34.307546490362014,35.09646205776318,359.96307710521234,0.35673830348198776
34.307546490362014,35.09946205776318,351.2631802953014,0.353264186970399
34.307546490362014,35.102462057763184,351.34872772513603,0.353298598360165
34.307546490362014,35.105462057763184,398.33532628286287,0.37148911218965963
34.307546490362014,35.108462057763184,392.725523522495,0.36938751392806807
34.307546490362014,35.111462057763184,374.7063873325642,0.36251251046907274
34.307546490362014,35.114462057763184,353.7646583694743,0.354268336443989
34.307546490362014,35.117462057763184,356.4244602877616,0.3553313784117547
34.307546490362014,35.120462057763184,320.6739250933706,0.3406214704335124
34.307546490362014,35.123462057763184,308.9159597377803,0.3355696684508676
34.307546490362014,35.126462057763185,326.53854036651,0.3430997007064048
34.307546490362014,35.129462057763185,403.1494134811498,0.37327849744256403
34.307546490362014,35.132462057763185,514.0018976282638,0.4113698414458004
34.307546490362014,35.135462057763185,624.3436290868694,0.44464768355533263
34.307546490362014,35.138462057763185,719.8562405859545,0.4707007279607676
34.307546490362014,35.141462057763185,780.547315497824,0.48619025988066283
34.307546490362014,35.144462057763185,862.0599323075044,0.505896348064277
34.307546490362014,35.147462057763185,941.6968336273565,0.5240961922713917
34.307546490362014,35.150462057763185,988.413767132695,0.5343453995789098
34.307546490362014,35.153462057763186,1034.7350056061414,0.544224660433262
34.307546490362014,35.156462057763186,1100.8601942504265,0.557878247233372
34.307546490362014,35.159462057763186,1131.9450923708985,0.5641267642276053
34.307546490362014,35.162462057763186,1129.9311508828337,0.5637250750330769
34.307546490362014,35.165462057763186,1083.528133402625,0.5543481942765942
34.307546490362014,35.168462057763186,1071.8170548661444,0.5519437573259742
34.307546490362014,35.171462057763186,990.6338514249817,0.5348251555118646
34.307546490362014,35.174462057763186,919.3869290679562,0.5190938581589493
34.307546490362014,35.17746205776319,784.7146291540631,0.4872269023924113
34.307546490362014,35.18046205776319,685.7893989802658,0.4616606591859843
34.307546490362014,35.18346205776319,594.1258578163963,0.4359111141655024
34.307546490362014,35.18646205776319,487.10282025255424,0.40261951189115947
34.307546490362014,35.18946205776319,381.78582444885694,0.36523675875588035
34.307546490362014,35.19246205776319,299.46351964421035,0.33142413404039833
34.307546490362014,35.19546205776319,247.88303215926325,0.30728777323254897
34.307546490362014,35.19846205776319,207.99826484536877,0.28646425944715437
34.307546490362014,35.20146205776319,149.20293370961068,0.25081730978796457
34.307546490362014,35.20446205776319,99.64717521117302,0.2134187427336376
34.307546490362014,35.20746205776319,73.63513069753337,0.18909523497602207
34.307546490362014,35.21046205776319,53.57279527756283,0.16650385125966727
34.307546490362014,35.21346205776319,36.80876550194862,0.14329368828303818
34.307546490362014,35.21646205776319,23.42892347382689,0.11960449285136476
34.307546490362014,35.21946205776319,13.432872990526672,0.09574456354658573
34.307546490362014,35.22246205776319,6.698096417340187,0.07248149095917547
34.307546490362014,35.22546205776319,3.348507986665751,0.054927153871234057
34.307546490362014,35.22846205776319,3.347101789385484,0.05491792610200717
34.307546490362014,35.23146205776319,3.347101789385484,0.05491792610200717
34.307546490362014,35.23446205776319,3.347101789385484,0.05491792610200717
34.307546490362014,35.23746205776319,3.347101789385484,0.05491792610200717
34.310546490362015,35.02146205776318,2.9842581727801845,0.05245430258048124
34.310546490362015,35.02446205776318,8.888787392583566,0.0811677613029243
34.310546490362015,35.02746205776318,11.872219257383536,0.09112957058174194
34.310546490362015,35.03046205776318,11.872219257383536,0.09112957058174194
34.310546490362015,35.03346205776318,26.78298512955526,0.1261798923169029
34.310546490362015,35.03646205776318,23.849225228334696,0.12045817257539852
34.310546490362015,35.03946205776318,32.59336120156907,0.13648917860604245
34.310546490362015,35.04246205776318,35.53626967075513,0.14129125904133238
34.310546490362015,35.04546205776318,44.46023997124166,0.15453799784764702
34.310546490362015,35.04846205776318,47.43651488771612,0.15859579566962503
34.310546490362015,35.05146205776318,65.2637990015574,0.1801836999192466
34.310546490362015,35.05446205776318,83.39767433044699,0.19875045717166875
34.310546490362015,35.05746205776318,98.1547965592844,0.21213443480782868
34.310546490362015,35.06046205776318,101.5564614811293,0.21504511649901986
34.310546490362015,35.06346205776318,146.27280392824048,0.24883530297058376
34.310546490362015,35.06646205776318,161.38287292382563,0.25881505629269264
34.310546490362015,35.06946205776318,191.52482337634677,0.2771638520490929
34.310546490362015,35.07246205776318,213.03445573109252,0.28921878728258854
34.310546490362015,35.07546205776318,246.81106176924663,0.30675553553761764
34.310546490362015,35.07846205776318,279.7846906486816,0.32253447270300495
34.310546490362015,35.08146205776318,313.2969569079519,0.33746522852736105
34.310546490362015,35.08446205776318,316.8714798176198,0.33900009599701403
34.310546490362015,35.08746205776318,353.61662831270263,0.35420903267193155
34.310546490362015,35.09046205776318,332.8816046339901,0.34575023095075685
34.310546490362015,35.09346205776318,347.0348945768292,0.3515570557053003
34.310546490362015,35.09646205776318,375.0522039544758,0.36264629859103653
34.310546490362015,35.09946205776318,378.5911028659767,0.3640111794101503
34.310546490362015,35.102462057763184,367.03983051976445,0.35952727133193113
34.310546490362015,35.105462057763184,358.3788670364707,0.3561094652748539
34.310546490362015,35.108462057763184,361.69031001399486,0.35742202407166723
34.310546490362015,35.111462057763184,334.41595979512005,0.34638681989393205
34.310546490362015,35.114462057763184,333.2142999665697,0.34588841223240274
34.310546490362015,35.117462057763184,306.403898541649,0.334475471844599
34.310546490362015,35.120462057763184,315.22332201251095,0.3382936898305473
34.310546490362015,35.123462057763184,328.55208232080486,0.343944405694875
34.310546490362015,35.126462057763185,433.4991137537512,0.3842747475637422
34.310546490362015,35.129462057763185,522.8892314009279,0.4142003289994805
34.310546490362015,35.132462057763185,633.1810326298744,0.4471546167508198
34.310546490362015,35.135462057763185,726.0205639472133,0.4723088997898036
34.310546490362015,35.138462057763185,822.4264730052982,0.4964612917027248
34.310546490362015,35.141462057763185,864.2763891813887,0.5064162347608405
34.310546490362015,35.144462057763185,986.5836195206908,0.5339494218020151
34.310546490362015,35.147462057763185,1013.070165027873,0.5396378093204057
34.310546490362015,35.150462057763185,1058.6664653340076,0.5492249056765002
34.310546490362015,35.153462057763186,1099.0184929010984,0.5575047352285614
34.310546490362015,35.156462057763186,1129.9049255518858,0.563719841447089
34.310546490362015,35.159462057763186,1120.8103530226927,0.5619004940280287
34.310546490362015,35.162462057763186,1103.2304526752246,0.5583584035619756
34.310546490362015,35.165462057763186,1063.09669178847,0.550143095839738
34.310546490362015,35.168462057763186,1013.3630571772875,0.5397002105149695
34.310546490362015,35.171462057763186,915.4508528086985,0.5182037766715416
34.310546490362015,35.174462057763186,791.2392069928459,0.488843314376971
34.310546490362015,35.17746205776319,693.7789411816752,0.4638045508877112
34.310546490362015,35.18046205776319,597.2018741584794,0.4368124671475123
34.310546490362015,35.18346205776319,497.9963056056935,0.4061972779549768
34.310546490362015,35.18646205776319,419.3986037970648,0.37922534272643815
34.310546490362015,35.18946205776319,306.6825788893373,0.33459712345567716
34.310546490362015,35.19246205776319,241.11038424358844,0.30390155790426615
34.310546490362015,35.19546205776319,199.96151789866366,0.2819844307980246
34.310546490362015,35.19846205776319,155.46348809790857,0.2549751896142734
34.310546490362015,35.20146205776319,120.03390838020499,0.2299154410113342
34.310546490362015,35.20446205776319,82.744517612578,0.19812635591145256
34.310546490362015,35.20746205776319,55.95846140688703,0.16943099697276554
34.310546490362015,35.21046205776319,33.55797274887486,0.13809083229470326
34.310546490362015,35.21346205776319,30.136568439476353,0.13227692180440462
34.310546490362015,35.21646205776319,20.080763535311043,0.11244979011995651
34.310546490362015,35.21946205776319,6.698096417340187,0.07248149095917547
34.310546490362015,35.22246205776319,6.698096417340187,0.07248149095917547
34.310546490362015,35.22546205776319,3.347101789385484,0.05491792610200717
34.310546490362015,35.22846205776319,3.347101789385484,0.05491792610200717
34.310546490362015,35.23146205776319,3.347101789385484,0.05491792610200717
34.310546490362015,35.23446205776319,3.347101789385484,0.05491792610200717
34.310546490362015,35.23746205776319,3.347101789385484,0.05491792610200717
34.313546490362015,35.01246205776318,2.964974896376392,0.052318462004130456
34.313546490362015,35.01546205776318,3.266819779995634,0.05438719126233353
34.313546490362015,35.01846205776318,5.975314908999816,0.0692453922406278
34.313546490362015,35.02146205776318,11.975764041325498,0.09144666097891843
34.313546490362015,35.02446205776318,14.967014961523788,0.09997712355214175
34.313546490362015,35.02746205776318,21.058366470572018,0.11460839538379619
34.313546490362015,35.03046205776318,24.06914337048923,0.1209012563597566
34.313546490362015,35.03346205776318,35.68185826158606,0.14152251761881107
34.313546490362015,35.03646205776318,38.65977792173659,0.14613367371464178
34.313546490362015,35.03946205776318,44.71687776043093,0.15489419764745876
34.313546490362015,35.04246205776318,59.228259230901386,0.17332377833777093
34.313546490362015,35.04546205776318,65.16354064888063,0.1800729294557085
34.313546490362015,35.04846205776318,83.71507805097544,0.19905268263885476
34.313546490362015,35.05146205776318,101.75675763591295,0.21521466652413135
34.313546490362015,35.05446205776318,124.96556106556329,0.2336483388634865
34.313546490362015,35.05746205776318,160.9657565772933,0.2585472712111914
34.313546490362015,35.06046205776318,173.06661192732324,0.2661533133274017
34.313546490362015,35.06346205776318,182.32908118619173,0.27176212998538823
34.313546490362015,35.06646205776318,218.56937808253628,0.29220139635006825
34.313546490362015,35.06946205776318,263.9426016875017,0.3151014180686272
34.313546490362015,35.07246205776318,276.2210673057847,0.3208848993775719
34.313546490362015,35.07546205776318,309.76729896673896,0.3359392806593947
34.313546490362015,35.07846205776318,349.2410378916393,0.35244931306335786
34.313546490362015,35.08146205776318,337.48197593786153,0.34765365021373396
34.313546490362015,35.08446205776318,350.02570077086233,0.3527658482700035
34.313546490362015,35.08746205776318,380.6415598665943,0.36479849851878265
34.313546490362015,35.09046205776318,378.0159547722078,0.36378987909055005
34.313546490362015,35.09346205776318,378.5962731078204,0.36401316785425963
34.313546490362015,35.09646205776318,379.3555940902315,0.3643050214467364
34.313546490362015,35.09946205776318,367.7064978122776,0.35978833792416115
34.313546490362015,35.102462057763184,340.89726080248647,0.3490566891247598
34.313546490362015,35.105462057763184,336.5010614783981,0.3472491055723966
34.313546490362015,35.108462057763184,321.4655314141594,0.3409575609780193
34.313546490362015,35.111462057763184,280.6304437364404,0.3229241116726822
34.313546490362015,35.114462057763184,283.1957122984239,0.3241016408983022
34.313546490362015,35.117462057763184,280.60799165759386,0.3229137770966498
34.313546490362015,35.120462057763184,330.48163683115774,0.34475096743185935
34.313546490362015,35.123462057763184,429.2287202358712,0.382756055012134
34.313546490362015,35.126462057763185,541.8125152194802,0.42013239842812933
34.313546490362015,35.129462057763185,653.0159847045018,0.452705827719287
34.313546490362015,35.132462057763185,705.690999223921,0.4669736676445931
34.313546490362015,35.135462057763185,771.1841637360233,0.4838489483744858
34.313546490362015,35.138462057763185,881.3177460151089,0.5103869558070758
34.313546490362015,35.141462057763185,929.3434216036668,0.5213352035911085
34.313546490362015,35.144462057763185,981.924955896046,0.5329394624260578
34.313546490362015,35.147462057763185,1046.1869489511741,0.5466259933225548
34.313546490362015,35.150462057763185,1106.6680736121634,0.5590536828683096
34.313546490362015,35.153462057763186,1129.8864166617532,0.5637161477275024
34.313546490362015,35.156462057763186,1120.879967890698,0.5619144538918963
34.313546490362015,35.159462057763186,1121.504591787224,0.5620396864041968
34.313546490362015,35.162462057763186,1059.9473418261655,0.5494906113028006
34.313546490362015,35.165462057763186,1012.3195335505611,0.539477836510602
34.313546490362015,35.168462057763186,908.3180657185596,0.5165849401758584
34.313546490362015,35.171462057763186,814.060350303555,0.49443499476846503
34.313546490362015,35.174462057763186,722.696328228172,0.4714426829703815
34.313546490362015,35.17746205776319,639.8449963168301,0.44903115190612164
34.313546490362015,35.18046205776319,522.3570423654659,0.4140316506615801
34.313546490362015,35.18346205776319,418.89816630485745,0.3790442772143576
34.313546490362015,35.18646205776319,341.16291996847036,0.3491654708010904
34.313546490362015,35.18946205776319,254.64240744163843,0.3106124455694435
34.313546490362015,35.19246205776319,220.52701989627374,0.2932454510151192
34.313546490362015,35.19546205776319,158.3036948302776,0.25682836142047905
34.313546490362015,35.19846205776319,132.76599876780438,0.23937638667606784
34.313546490362015,35.20146205776319,87.05514105140662,0.2021921683612528
34.313546490362015,35.20446205776319,67.03667178237089,0.18212582754645948
34.313546490362015,35.20746205776319,56.9683128037649,0.17064748943734603
34.313546490362015,35.21046205776319,33.533545212632205,0.13805061585192166
34.313546490362015,35.21346205776319,20.121774545339175,0.11254159652963315
34.313546490362015,35.21646205776319,10.035606475548494,0.0852047898410757
34.313546490362015,35.21946205776319,3.3495884306744355,0.054934242397935
34.313546490362015,35.22246205776319,3.3495884306744355,0.054934242397935
34.313546490362015,35.22546205776319,3.347101789385484,0.05491792610200717
34.313546490362015,35.22846205776319,3.347101789385484,0.05491792610200717
34.313546490362015,35.23146205776319,3.347101789385484,0.05491792610200717
34.313546490362015,35.23446205776319,3.347101789385484,0.05491792610200717
34.316546490362015,34.97946205776318,3.21463323558247,0.054037983275299004
34.316546490362015,34.98246205776318,3.21463323558247,0.054037983275299004
34.316546490362015,34.98546205776318,3.21463323558247,0.054037983275299004
34.316546490362015,35.00646205776318,6.0286560083125735,0.06949199215548417
34.316546490362015,35.00946205776318,6.0286560083125735,0.06949199215548417
34.316546490362015,35.01246205776318,12.100050477241437,0.09182510490715459
34.316546490362015,35.01546205776318,12.115191293093332,0.0918710480359534
34.316546490362015,35.01846205776318,17.96571543375454,0.10755345522442444
34.316546490362015,35.02146205776318,18.273713582429227,0.10828724028694564
34.316546490362015,35.02446205776318,21.012737406893457,0.11450899779634977
34.316546490362015,35.02746205776318,39.012500881412365,0.14666553708812494
34.316546490362015,35.03046205776318,36.047525985035975,0.14210087292087126
34.316546490362015,35.03346205776318,44.585088651585664,0.15471143492931463
34.316546490362015,35.03646205776318,56.50327741662416,0.17008891708774293
34.316546490362015,35.03946205776318,71.52083235813976,0.18690442539041813
34.316546490362015,35.04246205776318,91.7331844585563,0.20647009061196425
34.316546490362015,35.04546205776318,92.47563222532,0.20713690557324363
34.316546490362015,35.04846205776318,119.56742828442172,0.22955762119525164
34.316546490362015,35.05146205776318,149.66583080537475,0.2511282814786619
34.316546490362015,35.05446205776318,181.4732313038041,0.2712511507456664
34.316546490362015,35.05746205776318,181.7132601557014,0.27139460393731973
34.316546490362015,35.06046205776318,216.46620795282206,0.29107345710405536
34.316546490362015,35.06346205776318,258.7855038164789,0.3126241604349726
34.316546490362015,35.06646205776318,283.2091406648912,0.32410778801636786
34.316546490362015,35.06946205776318,322.83035397303263,0.34153585651207335
34.316546490362015,35.07246205776318,341.18155983920053,0.3491731015161335
34.316546490362015,35.07546205776318,348.83596055985976,0.3522857367122547
34.316546490362015,35.07846205776318,394.1876060903713,0.3699369796610734
34.316546490362015,35.08146205776318,391.53340773510433,0.36893859546728613
34.316546490362015,35.08446205776318,361.8055779344396,0.35746758277644347
34.316546490362015,35.08746205776318,368.2209187151841,0.3599895908490304
34.316546490362015,35.09046205776318,359.89707514940216,0.35671213777496263
34.316546490362015,35.09346205776318,334.771496403478,0.34653407834189526
34.316546490362015,35.09646205776318,330.58942864338417,0.34479594142352576
34.316546490362015,35.09946205776318,321.9659495469586,0.34116976628742923
34.316546490362015,35.102462057763184,299.4197034396869,0.33140473617165506
34.316546490362015,35.105462057763184,291.496142788,0.3278684935968494
34.316546490362015,35.108462057763184,285.49921121223036,0.32515356907950993
34.316546490362015,35.111462057763184,272.51393274092925,0.31915528823577155
34.316546490362015,35.114462057763184,264.8737946427876,0.31554562108053597
34.316546490362015,35.117462057763184,349.8680932231913,0.35270230313910717
34.316546490362015,35.120462057763184,432.79463213754883,0.3840248309360028
34.316546490362015,35.123462057763184,529.4386643601647,0.4162678041191063
34.316546490362015,35.126462057763185,639.1157658850993,0.44882637780734536
34.316546490362015,35.129462057763185,737.4818812077173,0.4752773329464267
34.316546490362015,35.132462057763185,807.2263314644678,0.49277048608053986
34.316546490362015,35.135462057763185,876.7159981208954,0.5093192993686655
34.316546490362015,35.138462057763185,946.870206671014,0.5252459846423871
34.316546490362015,35.141462057763185,975.4934339709082,0.5315404265376673
34.316546490362015,35.144462057763185,1045.320099117187,0.5464447788697782
34.316546490362015,35.147462057763185,1068.4097226609683,0.5512412298289573
34.316546490362015,35.150462057763185,1103.405540552831,0.5583938475196376
34.316546490362015,35.153462057763186,1103.3860190813652,0.558389895852905
34.316546490362015,35.156462057763186,1061.4152541452368,0.5497948789339355
34.316546490362015,35.159462057763186,1089.1201422410168,0.5554908073885102
34.316546490362015,35.162462057763186,989.7386736565287,0.534631787017419
34.316546490362015,35.165462057763186,925.3988088855401,0.5204489477761455
34.316546490362015,35.168462057763186,816.1070813943697,0.4949318685923126
34.316546490362015,35.171462057763186,710.6078313634955,0.4682723945277882
34.316546490362015,35.174462057763186,604.3732796968576,0.4389031143081509
34.316546490362015,35.17746205776319,526.1433369767847,0.41522949036334356
34.316546490362015,35.18046205776319,465.9014439785893,0.39551611478547083
34.316546490362015,35.18346205776319,378.1583289838826,0.3638446793660428
34.316546490362015,35.18646205776319,271.7660096218434,0.318804626611483
34.316546490362015,35.18946205776319,232.06291146790971,0.299287690528606
34.316546490362015,35.19246205776319,194.62528739944054,0.27894993665313733
34.316546490362015,35.19546205776319,134.82910220286075,0.240857413030608
34.316546490362015,35.19846205776319,95.88972710989225,0.21016258103442467
34.316546490362015,35.20146205776319,72.52931237048605,0.1879541781636325
34.316546490362015,35.20446205776319,50.27433684884346,0.16232488379329574
34.316546490362015,35.20746205776319,40.19054864867587,0.1484212668919612
34.316546490362015,35.21046205776319,26.810271171815224,0.12623129656692963
34.316546490362015,35.21346205776319,16.77534478327439,0.10464419522476687
34.316546490362015,35.21646205776319,6.702727878366123,0.07250153400241438
34.316546490362015,35.21946205776319,3.3495884306744355,0.054934242397935
34.316546490362015,35.22246205776319,3.3493597467205856,0.05493274217337603
34.316546490362015,35.22546205776319,3.3067861722294363,0.05465237071117036
34.316546490362015,35.22846205776319,3.3067861722294363,0.05465237071117036
34.316546490362015,35.23146205776319,3.3067861722294363,0.05465237071117036
34.316546490362015,35.23446205776319,3.3067861722294363,0.05465237071117036
34.319546490362015,34.97046205776318,3.098010383757507,0.053245107475119687
34.319546490362015,34.97346205776318,6.3013780661956496,0.07073278777009925
34.319546490362015,34.97646205776318,3.21463323558247,0.054037983275299004
34.319546490362015,34.97946205776318,6.358801112036996,0.07098991513078433
34.319546490362015,34.98246205776318,6.358801112036996,0.07098991513078433
34.319546490362015,34.98546205776318,6.358801112036996,0.07098991513078433
34.319546490362015,34.98846205776318,3.21463323558247,0.054037983275299004
34.319546490362015,34.99146205776318,3.21463323558247,0.054037983275299004
34.319546490362015,34.99446205776318,6.1580878721759635,0.07008497343432078
34.319546490362015,34.99746205776318,6.1580878721759635,0.07008497343432078
34.319546490362015,35.00046205776318,9.160403297120462,0.08215091370186996
34.319546490362015,35.00346205776318,12.245913895738026,0.09226628635509976
34.319546490362015,35.00646205776318,12.95192019055234,0.09435832528468073
34.319546490362015,35.00946205776318,12.9605662447999,0.09438351580048474
34.319546490362015,35.01246205776318,19.692935053502882,0.11157598764728607
34.319546490362015,35.01546205776318,23.13961826456375,0.11901152943268951
34.319546490362015,35.01846205776318,30.3304463121924,0.1326166584484725
34.319546490362015,35.02146205776318,30.369174681645752,0.13268436679409226
34.319546490362015,35.02446205776318,39.0036751236408,0.1466522641900876
34.319546490362015,35.02746205776318,48.0110340008051,0.15936134411696973
34.319546490362015,35.03046205776318,57.04414762194522,0.17073831787394733
34.319546490362015,35.03346205776318,72.16656232128165,0.18757759684124806
34.319546490362015,35.03646205776318,83.26462774223494,0.19862356760632072
34.319546490362015,35.03946205776318,98.27499699189046,0.21223830864850365
34.319546490362015,35.04246205776318,122.19926852010309,0.23156557824897972
34.319546490362015,35.04546205776318,158.19997508916333,0.25676103915368587
34.319546490362015,35.04846205776318,173.44861621115083,0.2663881465141503
34.319546490362015,35.05146205776318,188.65641299182067,0.2754959314066502
34.319546490362015,35.05446205776318,212.84762744749958,0.2891173042201116
34.319546490362015,35.05746205776318,261.0782466259277,0.31372912288438476
34.319546490362015,35.06046205776318,273.4450109030135,0.31959101566612963
34.319546490362015,35.06346205776318,285.8464769560805,0.3253117110502263
34.319546490362015,35.06646205776318,322.3457426234513,0.34133068776411185
34.319546490362015,35.06946205776318,368.02971162389986,0.35991480608272
34.319546490362015,35.07246205776318,380.4367143489694,0.3647199580616711
34.319546490362015,35.07546205776318,392.73615094940806,0.36939151224923955
34.319546490362015,35.07846205776318,369.92294938629004,0.3606542633183086
34.319546490362015,35.08146205776318,373.297633417603,0.361966730525445
34.319546490362015,35.08446205776318,349.5174859615187,0.3525608816292968
34.319546490362015,35.08746205776318,328.99507465126896,0.34412982913976525
34.319546490362015,35.09046205776318,308.15227936568635,0.3352375933081217
34.319546490362015,35.09346205776318,314.75142486753396,0.33809102515699535
34.319546490362015,35.09646205776318,296.865041265607,0.330270803984677
34.319546490362015,35.09946205776318,269.7097522527897,0.31783756173474387
34.319546490362015,35.102462057763184,264.03823300758586,0.31514707995060454
34.319546490362015,35.105462057763184,285.43308165317904,0.32512344114129654
34.319546490362015,35.108462057763184,291.0190540643365,0.3276537405216075
34.319546490362015,35.111462057763184,316.02515020585963,0.3386376322799198
34.319546490362015,35.114462057763184,363.75384472930045,0.358236305443068
34.319546490362015,35.117462057763184,471.81292278270655,0.39751588965061746
34.319546490362015,35.120462057763184,568.4839261830498,0.42828595855513846
34.319546490362015,35.123462057763184,625.8232727943289,0.44506889581185727
34.319546490362015,35.126462057763185,721.9391881127056,0.4712450561640406
34.319546490362015,35.129462057763185,797.7711018002622,0.49045354794676416
34.319546490362015,35.132462057763185,864.7512216503536,0.506527506225703
34.319546490362015,35.135462057763185,928.8993718752489,0.5212355496021167
34.319546490362015,35.138462057763185,975.3588828352991,0.5315110988865858
34.319546490362015,35.141462057763185,1047.535398289892,0.5469077068875109
34.319546490362015,35.144462057763185,1075.5951852775047,0.5527211714994202
34.319546490362015,35.147462057763185,1094.2379699516437,0.5565334503310047
34.319546490362015,35.150462057763185,1102.996684597014,0.5583110754016961
34.319546490362015,35.153462057763186,1070.7134983277952,0.5517163717346325
34.319546490362015,35.156462057763186,1023.9536624336425,0.5419493276698668
34.319546490362015,35.159462057763186,979.8266772237399,0.5324836340248197
34.319546490362015,35.162462057763186,927.2486290512135,0.5208648377587802
34.319546490362015,35.165462057763186,822.1223579031239,0.49638785139719815
34.319546490362015,35.168462057763186,720.549022167115,0.47088187451535346
34.319546490362015,35.171462057763186,616.2313214432147,0.4423276293707848
34.319546490362015,35.174462057763186,559.1644133180707,0.4254635602884851
34.319546490362015,35.17746205776319,449.7680814394084,0.38997971096365835
34.319546490362015,35.18046205776319,381.63013493512824,0.3651771750963519
34.319546490362015,35.18346205776319,293.33305889888834,0.3286933856657681
34.319546490362015,35.18646205776319,216.46382407978365,0.29107217490030524
34.319546490362015,35.18946205776319,172.3028704979715,0.2656828769871782
34.319546490362015,35.19246205776319,136.46369268947674,0.24202119890838977
34.319546490362015,35.19546205776319,109.997641047879,0.22202399301663972
34.319546490362015,35.19846205776319,80.14084049024302,0.19560867779811345
34.319546490362015,35.20146205776319,56.815462672014064,0.17046419795317447
34.319546490362015,35.20446205776319,36.75565027262463,0.1432109430521716
34.319546490362015,35.20746205776319,30.165819116049313,0.13232826226691338
34.319546490362015,35.21046205776319,16.78266371369139,0.10466245495944755
34.319546490362015,35.21346205776319,6.7336160277417125,0.07263499308603091
34.319546490362015,35.21646205776319,3.352254565037918,0.05495172838057751
34.319546490362015,35.21946205776319,3.3067861722294363,0.05465237071117036
34.319546490362015,35.22246205776319,3.3067861722294363,0.05465237071117036
34.319546490362015,35.22546205776319,3.3067861722294363,0.05465237071117036
34.319546490362015,35.22846205776319,3.3067861722294363,0.05465237071117036
34.319546490362015,35.23146205776319,3.3067861722294363,0.05465237071117036
34.322546490362015,34.95546205776318,3.1323306747762105,0.05348027130618783
34.322546490362015,34.95846205776318,3.1323306747762105,0.05348027130618783
34.322546490362015,34.96146205776318,3.1323306747762105,0.05348027130618783
34.322546490362015,34.96446205776318,9.36833972187697,0.08289180807851321
34.322546490362015,34.96746205776318,6.246644376051615,0.07048639076294613
34.322546490362015,34.97046205776318,12.549764856658657,0.09317529915314508
34.322546490362015,34.97346205776318,15.665469030551938,0.1018178497978293
34.322546490362015,34.97646205776318,15.756474349976068,0.10205403467436257
34.322546490362015,34.97946205776318,12.65785504515211,0.09349547826527727
34.322546490362015,34.98246205776318,12.707062805166153,0.09364069555617782
34.322546490362015,34.98546205776318,12.707062805166153,0.09364069555617782
34.322546490362015,34.98846205776318,15.86885639576053,0.10234457158518231
34.322546490362015,34.99146205776318,12.813355445356748,0.09395322884094671
34.322546490362015,34.99446205776318,19.212162948967045,0.11047832088491302
34.322546490362015,34.99746205776318,19.23820958465049,0.11053820834375597
34.322546490362015,35.00046205776318,32.37498754879579,0.13612265286914996
34.322546490362015,35.00346205776318,29.14614139326362,0.13052057769115638
34.322546490362015,35.00646205776318,35.43508831663925,0.14113020363476858
34.322546490362015,35.00946205776318,35.45891467072758,0.141168154042746
34.322546490362015,35.01246205776318,32.516450383487694,0.1363602574433019
34.322546490362015,35.01546205776318,39.52642627728056,0.1474353348158939
34.322546490362015,35.01846205776318,36.44392364216054,0.14272386946149093
34.322546490362015,35.02146205776318,45.55323575532131,0.15604657929640842
34.322546490362015,35.02446205776318,59.9506607439659,0.1741663097115028
34.322546490362015,35.02746205776318,69.02667179186753,0.18426944758995156
34.322546490362015,35.03046205776318,78.15245699809243,0.1936527260033578
34.322546490362015,35.03346205776318,98.0842657971775,0.21207344856782293
34.322546490362015,35.03646205776318,116.01178124530901,0.2268022707276602
34.322546490362015,35.03946205776318,138.70451893015834,0.24360309656292187
34.322546490362015,35.04246205776318,172.13629304276992,0.2655801053504962
34.322546490362015,35.04546205776318,194.04341458450904,0.27861604540906487
34.322546490362015,35.04846205776318,212.24951533148732,0.2887920564145016
34.322546490362015,35.05146205776318,239.30578576982398,0.30298968240857044
34.322546490362015,35.05446205776318,260.9222501536044,0.3136541271118939
34.322546490362015,35.05746205776318,285.141914739395,0.3249907386889652
34.322546490362015,35.06046205776318,313.1718936883176,0.3374113377475749
34.322546490362015,35.06346205776318,340.8119526753735,0.34902174650523504
34.322546490362015,35.06646205776318,344.1578061000222,0.35038831146190424
34.322546490362015,35.06946205776318,355.74587091363185,0.3550606203847609
34.322546490362015,35.07246205776318,358.90356943813833,0.35631792565254256
34.322546490362015,35.07546205776318,362.2906279068115,0.35765919945209856
34.322546490362015,35.07846205776318,347.5312080371579,0.3517580818240243
34.322546490362015,35.08146205776318,326.8522356341946,0.3432315047495711
34.322546490362015,35.08446205776318,330.14689535468926,0.3446112470711115
34.322546490362015,35.08746205776318,306.2274012004785,0.33439839157706086
34.322546490362015,35.09046205776318,291.2175002882034,0.327743093228888
34.322546490362015,35.09346205776318,279.24008445315343,0.3222831981209265
34.322546490362015,35.09646205776318,265.61865219229077,0.31590026325988485
34.322546490362015,35.09946205776318,289.4013242901461,0.3269239714115465
34.322546490362015,35.102462057763184,321.1643702475822,0.3408297562332327
34.322546490362015,35.105462057763184,325.9503913288209,0.3428523756556339
34.322546490362015,35.108462057763184,384.7062042940739,0.36635172139425315
34.322546490362015,35.111462057763184,418.5351716942903,0.37891285929363083
34.322546490362015,35.114462057763184,491.1299028566398,0.40394767359258194
34.322546490362015,35.117462057763184,577.5073841440158,0.4309923652677793
34.322546490362015,35.120462057763184,668.2844800366893,0.45691047061262324
34.322546490362015,35.123462057763184,743.7680036975341,0.4768936689322769
34.322546490362015,35.126462057763185,824.7476080977145,0.4970212831636975
34.322546490362015,35.129462057763185,874.0053514241014,0.508688825030152
34.322546490362015,35.132462057763185,936.1300752694583,0.5228547280875093
34.322546490362015,35.135462057763185,989.5813142276259,0.5345977847628853
34.322546490362015,35.138462057763185,1044.4963576094135,0.5462724926177398
34.322546490362015,35.141462057763185,1077.2989511647606,0.5530712141036466
34.322546490362015,35.144462057763185,1075.9390143296953,0.5527918387457572
34.322546490362015,35.147462057763185,1094.2308898924343,0.556532009950562
34.322546490362015,35.150462057763185,1078.027689007312,0.5532208335424477
34.322546490362015,35.153462057763186,1039.3162709105118,0.5451872001030447
34.322546490362015,35.156462057763186,976.7732234092307,0.5318192566145402
34.322546490362015,35.159462057763186,873.169774635229,0.5084942401597379
34.322546490362015,35.162462057763186,799.2511062240757,0.49081729631103754
34.322546490362015,35.165462057763186,733.9416819952534,0.4743634090593375
34.322546490362015,35.168462057763186,649.232394158819,0.4516548028993956
34.322546490362015,35.171462057763186,551.952310351717,0.4232599561232526
34.322546490362015,35.174462057763186,468.80752858935375,0.39650109527581195
34.322546490362015,35.17746205776319,383.3876401081312,0.3658489420136486
34.322546490362015,35.18046205776319,292.0874081121607,0.3281343488247142
34.322546490362015,35.18346205776319,217.9255474483665,0.2918568014721232
34.322546490362015,35.18646205776319,187.26702164841214,0.27468255710478373
34.322546490362015,35.18946205776319,138.66586104679237,0.24357593676258177
34.322546490362015,35.19246205776319,106.571206713299,0.21923127706026238
34.322546490362015,35.19546205776319,78.60850677613678,0.1941039525383073
34.322546490362015,35.19846205776319,60.12569896740347,0.17436953749737163
34.322546490362015,35.20146205776319,50.10051245140189,0.1621001540548566
34.322546490362015,35.20446205776319,30.05635081645893,0.13213597111070344
34.322546490362015,35.20746205776319,16.745885782958176,0.1045706506509013
34.322546490362015,35.21046205776319,10.024751048198635,0.08516791176182704
34.322546490362015,35.21346205776319,3.352254565037918,0.05495172838057751
34.322546490362015,35.21646205776319,3.352254565037918,0.05495172838057751
34.322546490362015,35.21946205776319,3.3067861722294363,0.05465237071117036
34.322546490362015,35.22246205776319,3.3067861722294363,0.05465237071117036
34.322546490362015,35.22546205776319,3.3067861722294363,0.05465237071117036
34.322546490362015,35.22846205776319,3.3067861722294363,0.05465237071117036
34.325546490362015,34.94946205776318,3.112526651441711,0.05334476323459993
34.325546490362015,34.95246205776318,6.236941506744207,0.07044257592994574
34.325546490362015,34.95546205776318,6.236941506744207,0.07044257592994574
34.325546490362015,34.95846205776318,3.140075715048352,0.05353312651856627
34.325546490362015,34.96146205776318,6.2506697742640345,0.07050455609719695
34.325546490362015,34.96446205776318,15.628532263968264,0.10172175345428076
34.325546490362015,34.96746205776318,18.861071672440126,0.10966627862366575
34.325546490362015,34.97046205776318,18.932108680102058,0.10983130804987988
34.325546490362015,34.97346205776318,25.174026818315877,0.12309137883964524
34.325546490362015,34.97646205776318,34.57473439906163,0.13974944808483805
34.325546490362015,34.97946205776318,31.582312676899658,0.13477959031498155
34.325546490362015,34.98246205776318,25.365287675286975,0.12346460668142971
34.325546490362015,34.98546205776318,31.76721645463455,0.13509467325602992
34.325546490362015,34.98846205776318,44.60470548109649,0.15473865970268588
34.325546490362015,34.99146205776318,44.675939341383994,0.15483745964306883
34.325546490362015,34.99446205776318,35.36405843475869,0.14101697692243903
34.325546490362015,34.99746205776318,45.21180795172028,0.15557768684202844
34.325546490362015,35.00046205776318,45.01029399752997,0.15529994439580896
34.325546490362015,35.00346205776318,51.75929613837138,0.16422599624162396
34.325546490362015,35.00646205776318,61.25449017953247,0.1756716709384681
34.325546490362015,35.00946205776318,55.33952201835338,0.16867888510380286
34.325546490362015,35.01246205776318,58.88127500827781,0.172916900624002
34.325546490362015,35.01546205776318,62.139818413481464,0.17668291355427235
34.325546490362015,35.01846205776318,65.8391183527938,0.18081737620651175
34.325546490362015,35.02146205776318,66.8509006579774,0.18192377760348907
34.325546490362015,35.02446205776318,79.37144849590979,0.1948553268476714
34.325546490362015,35.02746205776318,89.99943769479556,0.20490024551376076
34.325546490362015,35.03046205776318,111.1805082829092,0.22297594974286175
34.325546490362015,35.03346205776318,128.35637070594052,0.23616391076074914
34.325546490362015,35.03646205776318,162.22064540872742,0.2593516470238889
34.325546490362015,35.03946205776318,180.8948231315851,0.2709049968656327
34.325546490362015,35.04246205776318,196.30035462148206,0.2799077956227296
34.325546490362015,35.04546205776318,215.10269235918224,0.2903386805886286
34.325546490362015,35.04846205776318,236.87724329684738,0.30175598767221223
34.325546490362015,35.05146205776318,284.68724937389436,0.3247833573556536
34.325546490362015,35.05446205776318,285.09080304254263,0.32496743559588787
34.325546490362015,35.05746205776318,317.50329770077946,0.33927031070717445
34.325546490362015,35.06046205776318,336.4780346313564,0.34723960044196783
34.325546490362015,35.06346205776318,359.01373472607315,0.3563616702749122
34.325546490362015,35.06646205776318,356.1010551090579,0.3552023779452511
34.325546490362015,35.06946205776318,354.675644738345,0.35463296828192836
34.325546490362015,35.07246205776318,344.5485134174826,0.3505473695199161
34.325546490362015,35.07546205776318,341.77881621893005,0.3494174716322362
34.325546490362015,35.07846205776318,329.75709630318295,0.34444843863742625
34.325546490362015,35.08146205776318,314.66242651092796,0.33805278279042417
34.325546490362015,35.08446205776318,284.0969006692989,0.3245137915835662
34.325546490362015,35.08746205776318,275.0132065625561,0.3203228945817922
34.325546490362015,35.09046205776318,269.85831855136917,0.31790758092957855
34.325546490362015,35.09346205776318,282.80409394627407,0.3239222923571098
34.325546490362015,35.09646205776318,303.78161618434024,0.3333275081606825
34.325546490362015,35.09946205776318,349.0081462759621,0.35235528182655856
34.325546490362015,35.102462057763184,397.3212704742226,0.3711105378980748
34.325546490362015,35.105462057763184,411.56489551851246,0.37637597204670936
34.325546490362015,35.108462057763184,490.9210325052981,0.4038789476125922
34.325546490362015,35.111462057763184,562.4956516081292,0.4264756385742021
34.325546490362015,35.114462057763184,637.7677805810163,0.4484474826893169
34.325546490362015,35.117462057763184,715.4317574765033,0.4695413519258822
34.325546490362015,35.120462057763184,758.0904344738269,0.4805460005360557
34.325546490362015,35.123462057763184,856.1905880831715,0.5045157633833497
34.325546490362015,35.126462057763185,928.5383798845351,0.5211545144303186
34.325546490362015,35.129462057763185,979.8841443445713,0.5324961259332971
34.325546490362015,35.132462057763185,1020.670986331209,0.5412536875736217
34.325546490362015,35.135462057763185,1082.230963381257,0.5540826387226298
34.325546490362015,35.138462057763185,1098.823366156159,0.5574651399424799
34.325546490362015,35.141462057763185,1095.319046653367,0.5567533210105731
34.325546490362015,35.144462057763185,1070.2219851020955,0.5516150511672662
34.325546490362015,35.147462057763185,1042.1527149516035,0.5457818713379685
34.325546490362015,35.150462057763185,971.2475353573523,0.5306137896215963
34.325546490362015,35.153462057763186,957.2871206569108,0.5275497805892533
34.325546490362015,35.156462057763186,896.4003424493123,0.513863021112266
34.325546490362015,35.159462057763186,809.7071668516248,0.493375697850867
34.325546490362015,35.162462057763186,710.4815242684218,0.46823909949363546
34.325546490362015,35.165462057763186,617.453070471126,0.44267820698180693
34.325546490362015,35.168462057763186,534.2728200069996,0.41778398949981926
34.325546490362015,35.171462057763186,457.4762790961334,0.3926395039800061
34.325546490362015,35.174462057763186,400.27446999911433,0.3722114397341121
34.325546490362015,35.17746205776319,280.12261866185344,0.3226902410054835
34.325546490362015,35.18046205776319,217.59121738539704,0.2916776183524187
34.325546490362015,35.18346205776319,177.9580072410936,0.26913710336589586
34.325546490362015,35.18646205776319,142.62885102895845,0.24633692385146413
34.325546490362015,35.18946205776319,119.6452036882114,0.2296173379729518
34.325546490362015,35.19246205776319,83.21858090124631,0.1985796233486028
34.325546490362015,35.19546205776319,63.00292756305617,0.17766048873477108
34.325546490362015,35.19846205776319,43.38067424347824,0.15302594828835686
34.325546490362015,35.20146205776319,33.38504448933268,0.1378057515966497
34.325546490362015,35.20446205776319,23.373576912445067,0.1194913951295536
34.325546490362015,35.20746205776319,16.694687290005234,0.10444264838350134
34.325546490362015,35.21046205776319,10.024751048198635,0.08516791176182704
34.325546490362015,35.21346205776319,6.679698208843029,0.0724017889073233
34.325546490362015,35.21646205776319,3.2601361738811,0.05434265548258967
34.325546490362015,35.21946205776319,3.2601361738811,0.05434265548258967
34.325546490362015,35.22246205776319,3.2601361738811,0.05434265548258967
34.328546490362015,34.94646205776318,3.118951962161238,0.05338878465911849
34.328546490362015,34.94946205776318,6.261131450823742,0.07055173349526328
34.328546490362015,34.95246205776318,6.261131450823742,0.07055173349526328
34.328546490362015,34.95546205776318,6.265888291273333,0.07057316903813747
34.328546490362015,34.95846205776318,6.265888291273333,0.07057316903813747
34.328546490362015,34.96146205776318,12.521517758924059,0.0930913545967547
34.328546490362015,34.96446205776318,28.130212610480772,0.12868139674420168
34.328546490362015,34.96746205776318,28.130212610480772,0.12868139674420168
34.328546490362015,34.97046205776318,31.383758573185567,0.13444001184309984
34.328546490362015,34.97346205776318,37.50367417518429,0.14436971101452103
34.328546490362015,34.97646205776318,41.007875638153926,0.14962131558746014
34.328546490362015,34.97946205776318,47.16671391812735,0.15823436496462354
34.328546490362015,34.98246205776318,57.077139332277696,0.1707778098976554
34.328546490362015,34.98546205776318,56.955519190247514,0.17063215919479732
34.328546490362015,34.98846205776318,66.51322562796148,0.18155564818292333
34.328546490362015,34.99146205776318,73.54462977654964,0.18900223802307023
34.328546490362015,34.99446205776318,76.88392003980371,0.1923892349840759
34.328546490362015,34.99746205776318,86.38490505890506,0.20156805467717856
34.328546490362015,35.00046205776318,77.74251378927943,0.1932457681227939
34.328546490362015,35.00346205776318,83.50675486538707,0.1988543991840456
34.328546490362015,35.00646205776318,115.98844930560426,0.22678402411111692
34.328546490362015,35.00946205776318,119.42574421912363,0.22944877474094894
34.328546490362015,35.01246205776318,100.22453412234944,0.21391250762450367
34.328546490362015,35.01546205776318,111.03989276244029,0.22286310340249502
34.328546490362015,35.01846205776318,124.35241531085919,0.2331891022147145
34.328546490362015,35.02146205776318,121.3606200618506,0.23092857467962305
34.328546490362015,35.02446205776318,118.29993725058245,0.22858112512391476
34.328546490362015,35.02746205776318,130.2901341401812,0.23758070834852202
34.328546490362015,35.03046205776318,161.7039348138935,0.25902089253293975
34.328546490362015,35.03346205776318,177.28018123010824,0.26872658627320206
34.328546490362015,35.03646205776318,183.71014429383843,0.27258365820432245
34.328546490362015,35.03946205776318,205.29359898478168,0.2849684129430081
34.328546490362015,35.04246205776318,251.56613321004258,0.30910599640085595
34.328546490362015,35.04546205776318,257.7548263398449,0.3121255227819038
34.328546490362015,35.04846205776318,269.4278192743692,0.3177046232609219
34.328546490362015,35.05146205776318,293.93337653014856,0.32896229421672674
34.328546490362015,35.05446205776318,315.41573193657285,0.3383762714711528
34.328546490362015,35.05746205776318,345.23100190086586,0.3508249530974689
34.328546490362015,35.06046205776318,355.708605147058,0.35504574232362496
34.328546490362015,35.06346205776318,342.7447671860901,0.3498121530867408
34.328546490362015,35.06646205776318,334.72921858502906,0.34651657235932465
34.328546490362015,35.06946205776318,315.399083494404,0.33836912721495616
34.328546490362015,35.07246205776318,306.24577868852435,0.3344064186729809
34.328546490362015,35.07546205776318,309.5197618114663,0.3358318743603269
34.328546490362015,35.07846205776318,300.206168297118,0.33175265326966125
34.328546490362015,35.08146205776318,282.87170107147233,0.3239532648713813
34.328546490362015,35.08446205776318,290.66110990169926,0.3274924795369392
34.328546490362015,35.08746205776318,303.90565602514516,0.3333819430905835
34.328546490362015,35.09046205776318,343.21967167033756,0.35000595135483376
34.328546490362015,35.09346205776318,381.2614731500325,0.3650360270132746
34.328546490362015,35.09646205776318,427.9900398726952,0.3823138446176415
34.328546490362015,35.09946205776318,478.9293359546774,0.39990343658899974
34.328546490362015,35.102462057763184,520.2095854474826,0.4133499605218543
34.328546490362015,35.105462057763184,569.8251711525573,0.42868986113543345
34.328546490362015,35.108462057763184,635.9435624642529,0.44793396093508936
34.328546490362015,35.111462057763184,712.720724749453,0.46882883561212946
34.328546490362015,35.114462057763184,793.0845398101148,0.489299029026335
34.328546490362015,35.117462057763184,852.279359494033,0.5035926103401203
34.328546490362015,35.120462057763184,906.9807857844715,0.5162805868617678
34.328546490362015,35.123462057763184,971.7523730663172,0.5307240939800062
34.328546490362015,35.126462057763185,1046.3383313259083,0.546657630478489
34.328546490362015,35.129462057763185,1062.1569149273362,0.5499485137544451
34.328546490362015,35.132462057763185,1065.7306954667868,0.5506879205082962
34.328546490362015,35.135462057763185,1092.2603196350647,0.5561308958883918
34.328546490362015,35.138462057763185,1098.5055227035316,0.5574006338431647
34.328546490362015,35.141462057763185,1087.905534576014,0.5552429268349061
34.328546490362015,35.144462057763185,1049.9302997620139,0.5474075058731412
34.328546490362015,35.147462057763185,962.3636500690608,0.5286670517922177
34.328546490362015,35.150462057763185,909.2998363332465,0.5168082115491248
34.328546490362015,35.153462057763186,839.5771274468718,0.5005768946485072
34.328546490362015,35.156462057763186,800.9460606750627,0.49123337795866967
34.328546490362015,35.159462057763186,718.1913901654065,0.47026497946172363
34.328546490362015,35.162462057763186,625.0285411676798,0.4448427328121368
34.328546490362015,35.165462057763186,529.0551746661754,0.4161471713618121
34.328546490362015,35.168462057763186,443.7324276176075,0.38787789270742723
34.328546490362015,35.171462057763186,391.4991277634779,0.36892567443777413
34.328546490362015,35.174462057763186,316.89260946120436,0.3390091379062709
34.328546490362015,35.17746205776319,217.84157350714446,0.29181181142863843
34.328546490362015,35.18046205776319,173.69014275005125,0.2665364623681449
34.328546490362015,35.18346205776319,152.43247819020428,0.25297497664119284
34.328546490362015,35.18646205776319,105.90064358510467,0.21867845664768226
34.328546490362015,35.18946205776319,79.74475600563727,0.19522139589728615
34.328546490362015,35.19246205776319,62.97521705398712,0.1776292285218334
34.328546490362015,35.19546205776319,39.80181453929083,0.1478453633849931
34.328546490362015,35.19846205776319,33.16855930541975,0.13744761350341222
34.328546490362015,35.20146205776319,20.036544892588104,0.11235067704071607
34.328546490362015,35.20446205776319,13.357655270148275,0.09552975255608398
34.328546490362015,35.20746205776319,9.953189328798352,0.0849242003981217
34.328546490362015,35.21046205776319,3.342666188986068,0.05488880348758136
34.328546490362015,35.21346205776319,3.2601361738811,0.05434265548258967
34.328546490362015,35.21646205776319,3.2601361738811,0.05434265548258967
34.328546490362015,35.21946205776319,3.2601361738811,0.05434265548258967
34.331546490362015,34.94346205776318,6.175177592711691,0.07016270775286444
34.331546490362015,34.94646205776318,6.175177592711691,0.07016270775286444
34.331546490362015,34.94946205776318,6.261131450823742,0.07055173349526328
34.331546490362015,34.95246205776318,9.299592448014186,0.08264795780667333
34.331546490362015,34.95546205776318,6.265888291273333,0.07057316903813747
34.331546490362015,34.95846205776318,12.453500151984683,0.0928887529702608
34.331546490362015,34.96146205776318,24.928447386890298,0.12260964993652586
34.331546490362015,34.96446205776318,37.50264151190731,0.14436812091399154
34.331546490362015,34.96746205776318,40.64397256667993,0.14908880035054775
34.331546490362015,34.97046205776318,46.8152517464538,0.1577616738981032
34.331546490362015,34.97346205776318,56.19193802729963,0.1697134119687697
34.331546490362015,34.97646205776318,69.08490001313167,0.18433160888364258
34.331546490362015,34.97946205776318,88.13455049079138,0.203191266776019
34.331546490362015,34.98246205776318,85.18016940755393,0.20043887667720736
34.331546490362015,34.98546205776318,82.27669238592367,0.19767752280457865
34.331546490362015,34.98846205776318,102.00831787445303,0.21542732798994113
34.331546490362015,34.99146205776318,118.35483807352273,0.2286235513345561
34.331546490362015,34.99446205776318,115.54876580099454,0.22643975941460712
34.331546490362015,34.99746205776318,122.26578202749963,0.2316159868141686
34.331546490362015,35.00046205776318,138.6465598710795,0.243562374669507
34.331546490362015,35.00346205776318,157.4623021234496,0.2562814656448067
34.331546490362015,35.00646205776318,177.15248636568427,0.26864914406225765
34.331546490362015,35.00946205776318,177.32139058904718,0.26875157108111297
34.331546490362015,35.01246205776318,190.63894316993753,0.27665034050005244
34.331546490362015,35.01546205776318,183.24564669766477,0.2723077657111678
34.331546490362015,35.01846205776318,200.22951091512982,0.28213553886433956
34.331546490362015,35.02146205776318,190.86703392743277,0.27678269278808737
34.331546490362015,35.02446205776318,203.29636075889687,0.2838562114731853
34.331546490362015,35.02746205776318,198.49456974891362,0.28115513020722555
34.331546490362015,35.03046205776318,202.22740172909675,0.28325824572569136
34.331546490362015,35.03346205776318,210.90572195248922,0.2880593028924984
34.331546490362015,35.03646205776318,251.51686023317836,0.30908177777102885
34.331546490362015,35.03946205776318,244.5323307527541,0.3056195101544344
34.331546490362015,35.04246205776318,276.44424497456816,0.32098858009004605
34.331546490362015,35.04546205776318,292.7041733272411,0.328411325903903
34.331546490362015,35.04846205776318,301.1943615381833,0.3321890367805001
34.331546490362015,35.05146205776318,328.8397581360811,0.34406483531858373
34.331546490362015,35.05446205776318,326.59315261080394,0.3431226523673101
34.331546490362015,35.05746205776318,336.0969948637731,0.34708225635328444
34.331546490362015,35.06046205776318,342.28719818841705,0.34962527659642034
34.331546490362015,35.06346205776318,320.9472871620901,0.34073758737446885
34.331546490362015,35.06646205776318,311.9932238016636,0.3369028035755013
34.331546490362015,35.06946205776318,312.09659796113453,0.3369474501643067
34.331546490362015,35.07246205776318,296.7371509195814,0.3302138839682102
34.331546490362015,35.07546205776318,287.6761497283684,0.3261430312776829
34.331546490362015,35.07846205776318,311.71486614972355,0.33678253867370217
34.331546490362015,35.08146205776318,366.7209074211107,0.35940228058730045
34.331546490362015,35.08446205776318,389.41147313177396,0.3681374989793913
34.331546490362015,35.08746205776318,419.3743949355048,0.37921658659542284
34.331546490362015,35.09046205776318,452.9808910788079,0.3910916224629253
34.331546490362015,35.09346205776318,551.586741880699,0.4231478006002144
34.331546490362015,35.09646205776318,590.4013563894832,0.4348159824530548
34.331546490362015,35.09946205776318,635.5164729467353,0.44781360657148983
34.331546490362015,35.102462057763184,691.1155698339059,0.46309152300509204
34.331546490362015,35.105462057763184,758.5117667636694,0.4806528140711999
34.331546490362015,35.108462057763184,801.2965456407779,0.4913193499487816
34.331546490362015,35.111462057763184,883.30597225185,0.5108472115014799
34.331546490362015,35.114462057763184,944.8693008702758,0.52480172744779
34.331546490362015,35.117462057763184,1009.7065847524655,0.5389204152769415
34.331546490362015,35.120462057763184,1037.171680989181,0.5447369319462587
34.331546490362015,35.123462057763184,1054.7801403577473,0.5484175421429629
34.331546490362015,35.126462057763185,1077.4144860724455,0.5530949389855313
34.331546490362015,35.129462057763185,1097.7276876363826,0.5572427255265704
34.331546490362015,35.132462057763185,1084.000944146618,0.5544449402569435
34.331546490362015,35.135462057763185,1066.3914546423441,0.5508244669883492
34.331546490362015,35.138462057763185,1037.9465867809558,0.5448996919733643
34.331546490362015,35.141462057763185,1018.4040258880814,0.5407725063685546
34.331546490362015,35.144462057763185,986.866599399059,0.5340106772049155
34.331546490362015,35.147462057763185,958.7404126110525,0.5278699917101841
34.331546490362015,35.150462057763185,872.8717849037371,0.5084248188018912
34.331546490362015,35.153462057763186,789.3714314486448,0.48838140754020015
34.331546490362015,35.156462057763186,692.7595235606672,0.46353183052259095
34.331546490362015,35.159462057763186,618.97621996199,0.4431146882528748
34.331546490362015,35.162462057763186,513.5977730914323,0.4112404381296667
34.331546490362015,35.165462057763186,448.1620086688415,0.3894220830886729
34.331546490362015,35.168462057763186,383.115331880908,0.3657449794417504
34.331546490362015,35.171462057763186,283.8938766355076,0.3244210088336866
34.331546490362015,35.174462057763186,218.34694304789855,0.29208241228620196
34.331546490362015,35.17746205776319,176.71144189510397,0.26838140899228996
34.331546490362015,35.18046205776319,137.35876573494198,0.24265492608428654
34.331546490362015,35.18346205776319,112.22314369880576,0.22381002334154382
34.331546490362015,35.18646205776319,82.00308582865975,0.19741431377825905
34.331546490362015,35.18946205776319,52.942661055461784,0.16571768849902746
34.331546490362015,35.19246205776319,36.43085013949805,0.1427033875644247
34.331546490362015,35.19546205776319,23.198974246370565,0.11913354730652038
34.331546490362015,35.19846205776319,19.861901904127627,0.11195793857319851
34.331546490362015,35.20146205776319,16.576681468183303,0.10414672011277445
34.331546490362015,35.20446205776319,9.953189328798352,0.0849242003981217
34.331546490362015,35.20746205776319,6.688507451486854,0.07243996744419556
34.331546490362015,35.21046205776319,3.342666188986068,0.05488880348758136
34.334546490362015,34.94046205776318,3.068460881256836,0.05304137780080243
34.334546490362015,34.94346205776318,6.187412843418074,0.0702182817713093
34.334546490362015,34.94646205776318,6.187412843418074,0.0702182817713093
34.334546490362015,34.94946205776318,9.333952371458174,0.08276996900245723
34.334546490362015,34.95246205776318,9.333952371458174,0.08276996900245723
34.334546490362015,34.95546205776318,15.516151093254662,0.1014285367865317
34.334546490362015,34.95846205776318,18.666001738034318,0.10921117536359276
34.334546490362015,34.96146205776318,31.237384800294254,0.13418884887873053
34.334546490362015,34.96446205776318,46.69132151130055,0.15759448914817978
34.334546490362015,34.96746205776318,56.02332682461031,0.169509529460032
34.334546490362015,34.97046205776318,68.79291180291219,0.18401958089805032
34.334546490362015,34.97346205776318,78.01978771456788,0.19352116333555647
34.334546490362015,34.97646205776318,87.95589799984761,0.2030264155365604
34.334546490362015,34.97946205776318,107.06493843390909,0.21963698276132212
34.334546490362015,34.98246205776318,112.97240196788232,0.22440653781473027
34.334546490362015,34.98546205776318,129.11515653889856,0.23672136194299284
34.334546490362015,34.98846205776318,133.96317623785848,0.24023746403698823
34.334546490362015,34.99146205776318,159.02966954217516,0.25729883686810623
34.334546490362015,34.99446205776318,175.33230301319531,0.26754160943984917
34.334546490362015,34.99746205776318,201.6887861961099,0.28295623053256547
34.334546490362015,35.00046205776318,205.31538559277377,0.28498050936975194
34.334546490362015,35.00346205776318,215.23158923208337,0.2904082604196814
34.334546490362015,35.00646205776318,231.86396428681905,0.2991850325679894
34.334546490362015,35.00946205776318,246.66899720793745,0.30668489588665987
34.334546490362015,35.01246205776318,255.0473451565232,0.31080992837091015
34.334546490362015,35.01546205776318,278.2174901356672,0.32181059012463253
34.334546490362015,35.01846205776318,248.35476722048372,0.307521554044402
34.334546490362015,35.02146205776318,235.62062267578125,0.30111464621837375
34.334546490362015,35.02446205776318,255.50416189594324,0.3110324862002464
34.334546490362015,35.02746205776318,255.90470208620474,0.31122743014091364
34.334546490362015,35.03046205776318,257.1744457359615,0.31184421031516085
34.334546490362015,35.03346205776318,270.87566841787265,0.31838643692258994
34.334546490362015,35.03646205776318,286.53733721094454,0.3256259807077098
34.334546490362015,35.03946205776318,283.9135949767943,0.32443002193528375
34.334546490362015,35.04246205776318,308.2351295747892,0.33527364336082494
34.334546490362015,35.04546205776318,327.7072774641584,0.34359037920443714
34.334546490362015,35.04846205776318,319.16260804992885,0.339978428793311
34.334546490362015,35.05146205776318,334.96807493598425,0.34661545822615103
34.334546490362015,35.05446205776318,313.33901697258295,0.33748334965799526
34.334546490362015,35.05746205776318,317.48986959728836,0.33926457115778313
34.334546490362015,35.06046205776318,316.87142794077783,0.3390000737971552
34.334546490362015,35.06346205776318,295.07649332597913,0.32947343657622985
34.334546490362015,35.06646205776318,285.86903576613173,0.32532198015892305
34.334546490362015,35.06946205776318,283.7578240715544,0.3243588100176833
34.334546490362015,35.07246205776318,326.50195432631097,0.343084323555051
34.334546490362015,35.07546205776318,351.6225095712887,0.3534086931264398
34.334546490362015,35.07846205776318,415.5319837118543,0.37782295752916406
34.334546490362015,35.08146205776318,464.7503612774926,0.39512495081282983
34.334546490362015,35.08446205776318,534.1712443126545,0.4177522161301928
34.334546490362015,35.08746205776318,573.5645867215969,0.4298129456669053
34.334546490362015,35.09046205776318,631.1392159935078,0.446577282647301
34.334546490362015,35.09346205776318,717.7552545455367,0.47015072764061117
34.334546490362015,35.09646205776318,756.9004567246548,0.48024413229807583
34.334546490362015,35.09946205776318,818.0535918102642,0.4954037192087924
34.334546490362015,35.102462057763184,891.6114819253985,0.5127631671999391
34.334546490362015,35.105462057763184,942.2727405935127,0.5242243758985652
34.334546490362015,35.108462057763184,963.6566387673844,0.5289510547052366
34.334546490362015,35.111462057763184,1035.4367799241538,0.5443722712545951
34.334546490362015,35.114462057763184,1051.7609004876958,0.5477890782158803
34.334546490362015,35.117462057763184,1101.9706242464658,0.5581032703136513
34.334546490362015,35.120462057763184,1071.1445713552328,0.5518052101878037
34.334546490362015,35.123462057763184,1068.7029992811886,0.551301750750924
34.334546490362015,35.126462057763185,1097.7959645162366,0.5572565891049925
34.334546490362015,35.129462057763185,1052.794984887304,0.5480044477529634
34.334546490362015,35.132462057763185,1083.311654154146,0.5543038900927597
34.334546490362015,35.135462057763185,1030.3428796284777,0.5432994558186766
34.334546490362015,35.138462057763185,992.808300235522,0.5352944247627139
34.334546490362015,35.141462057763185,975.0223940931158,0.5314377449579603
34.334546490362015,35.144462057763185,917.9166491402073,0.5187616455824835
34.334546490362015,35.147462057763185,857.2014995510673,0.5047539534480184
34.334546490362015,35.150462057763185,795.9572073987813,0.4900071850706627
34.334546490362015,35.153462057763186,675.2655742197109,0.458813728384326
34.334546490362015,35.156462057763186,576.6935586593543,0.4307493200868736
34.334546490362015,35.159462057763186,501.1327799239342,0.40721867361598335
34.334546490362015,35.162462057763186,413.6364959737357,0.37713262200734665
34.334546490362015,35.165462057763186,379.8269138483605,0.3644860022477911
34.334546490362015,35.168462057763186,293.79141896782085,0.32889873497927685
34.334546490362015,35.171462057763186,228.7125739557422,0.29755179668218507
34.334546490362015,35.174462057763186,178.7939336833582,0.26964208221363645
34.334546490362015,35.17746205776319,143.68580368487457,0.2470654998898496
34.334546490362015,35.18046205776319,104.7862563574042,0.21775507742256336
34.334546490362015,35.18346205776319,82.53163296966345,0.1979223029584035
34.334546490362015,35.18646205776319,59.45751880082565,0.1735918266475569
34.334546490362015,35.18946205776319,42.64624542995467,0.1519843537423672
34.334546490362015,35.19246205776319,26.490317706900512,0.12562654825278682
34.334546490362015,35.19546205776319,16.54949619679777,0.1040783674445104
34.334546490362015,35.19846205776319,13.264275760853447,0.09526206187108284
34.334546490362015,35.20146205776319,13.264275760853447,0.09526206187108284
34.334546490362015,35.20446205776319,3.342666188986068,0.05488880348758136
34.334546490362015,35.20746205776319,3.342666188986068,0.05488880348758136
34.337546490362016,34.93746205776318,3.0626509412699794,0.05300118273762153
34.337546490362016,34.94046205776318,6.105118715497506,0.06984321230404798
34.337546490362016,34.94346205776318,9.235887709453696,0.08242102629655881
34.337546490362016,34.94646205776318,9.235887709453696,0.08242102629655881
34.337546490362016,34.94946205776318,9.235887709453696,0.08242102629655881
34.337546490362016,34.95246205776318,9.333952371458174,0.08276996900245723
34.337546490362016,34.95546205776318,18.625223342594424,0.109115678133575
34.337546490362016,34.95846205776318,31.048255220338497,0.1338632732492267
34.337546490362016,34.96146205776318,43.42734892919947,0.15309178529117243
34.337546490362016,34.96446205776318,55.92230180505946,0.16938719487161558
34.337546490362016,34.96746205776318,78.10450965005653,0.19360519406629015
34.337546490362016,34.97046205776318,91.01284727095043,0.20582003173749058
34.337546490362016,34.97346205776318,96.63161286484501,0.21081147731931993
34.337546490362016,34.97646205776318,109.74318273812776,0.2218184064038084
34.337546490362016,34.97946205776318,119.631695356626,0.22960696780479128
34.337546490362016,34.98246205776318,144.39800712461107,0.24755462248840998
34.337546490362016,34.98546205776318,162.34321458389715,0.25943001267145377
34.337546490362016,34.98846205776318,168.93958377553616,0.2635961897581553
34.337546490362016,34.99146205776318,189.77989404621707,0.2761510127594717
34.337546490362016,34.99446205776318,216.76959070655357,0.2912365672103814
34.337546490362016,34.99746205776318,250.96007474374198,0.30880790877854575
34.337546490362016,35.00046205776318,251.30754513927502,0.3089788635718965
34.337546490362016,35.00346205776318,276.38033818759186,0.3209588963154617
34.337546490362016,35.00646205776318,268.25105522241995,0.31714884636232055
34.337546490362016,35.00946205776318,296.5471862707707,0.3301293094338315
34.337546490362016,35.01246205776318,316.3750060001942,0.33878753808817436
34.337546490362016,35.01546205776318,310.3789083818869,0.3362044371874871
34.337546490362016,35.01846205776318,298.1357530616033,0.33083556069549863
34.337546490362016,35.02146205776318,295.340352486789,0.32959125182256543
34.337546490362016,35.02446205776318,301.1755243026951,0.33218072634534934
34.337546490362016,35.02746205776318,292.96450600113417,0.32852813106758494
34.337546490362016,35.03046205776318,309.0159481947854,0.33561311047421266
34.337546490362016,35.03346205776318,296.49187216299316,0.3301046768208906
34.337546490362016,35.03646205776318,318.7300861815111,0.33979406141737306
34.337546490362016,35.03946205776318,309.5338331280168,0.3358379812817533
34.337546490362016,35.04246205776318,327.2647797670745,0.3434047262211972
34.337546490362016,35.04546205776318,330.82910707810254,0.34489591096521155
34.337546490362016,35.04846205776318,319.11516898564514,0.3399582146737858
34.337546490362016,35.05146205776318,324.626009750137,0.3422944722853319
34.337546490362016,35.05446205776318,300.6889686814085,0.3319659641398939
34.337546490362016,35.05746205776318,291.3981287490219,0.32782439152781406
34.337546490362016,35.06046205776318,293.64855041569365,0.3288347492533939
34.337546490362016,35.06346205776318,294.32294130886663,0.32913662107528635
34.337546490362016,35.06646205776318,316.4336285505309,0.3388126468802345
34.337546490362016,35.06946205776318,369.0087764774041,0.36029749160457897
34.337546490362016,35.07246205776318,431.89205133522864,0.3837042811772885
34.337546490362016,35.07546205776318,510.1084774005919,0.41012059312388016
34.337546490362016,35.07846205776318,553.8332675304322,0.42383632577583363
34.337546490362016,35.08146205776318,665.6619636658875,0.45619241184487963
34.337546490362016,35.08446205776318,737.3189240514912,0.4752353224351075
34.337546490362016,35.08746205776318,778.9271258054694,0.48578633227786033
34.337546490362016,35.09046205776318,845.3543663340597,0.5019518745282112
34.337546490362016,35.09346205776318,893.6687935477091,0.5132361015697369
34.337546490362016,35.09646205776318,952.522135253715,0.526497836736819
34.337546490362016,35.09946205776318,1024.3224313956794,0.5420273907735987
34.337546490362016,35.102462057763184,1046.0349786008878,0.5465942305237014
34.337546490362016,35.105462057763184,1078.1663637905028,0.5532492984212254
34.337546490362016,35.108462057763184,1076.4545788923335,0.5528977774354714
34.337546490362016,35.111462057763184,1084.3083453836243,0.5545078267567479
34.337546490362016,35.114462057763184,1085.557158961573,0.5547631924162453
34.337546490362016,35.117462057763184,1136.1151132609643,0.5649571315832765
34.337546490362016,35.120462057763184,1104.5357033560042,0.5586225511557351
34.337546490362016,35.123462057763184,1079.6860002101514,0.5535610805659501
34.337546490362016,35.126462057763185,1075.800216994753,0.5527633133358589
34.337546490362016,35.129462057763185,1027.75371792869,0.5427529379319445
34.337546490362016,35.132462057763185,991.073878532047,0.5349201678972612
34.337546490362016,35.135462057763185,983.5273477410349,0.5332871713330929
34.337546490362016,35.138462057763185,964.1363414976086,0.5290563624972296
34.337546490362016,35.141462057763185,905.0877048505516,0.5158492773446139
34.337546490362016,35.144462057763185,815.0185883961085,0.49466771424264805
34.337546490362016,35.147462057763185,737.2982638372911,0.4752299958141438
34.337546490362016,35.150462057763185,676.3250578439031,0.45910154226580785
34.337546490362016,35.153462057763186,581.7274873346116,0.4322493953714077
34.337546490362016,35.156462057763186,489.7122056342722,0.4034808543803734
34.337546490362016,35.159462057763186,445.89302297052814,0.38863224476165353
34.337546490362016,35.162462057763186,333.21162681965785,0.3458873023007265
34.337546490362016,35.165462057763186,284.344726496957,0.32462699501806475
34.337546490362016,35.168462057763186,204.03776054756966,0.2842698364562707
34.337546490362016,35.171462057763186,152.12349685322823,0.2527697391987402
34.337546490362016,35.174462057763186,114.24897020927406,0.22541742169504728
34.337546490362016,35.17746205776319,92.0380832028525,0.20674431988315398
34.337546490362016,35.18046205776319,78.57160042223369,0.19406749501630907
34.337546490362016,35.18346205776319,45.93085805819429,0.15656272939553428
34.337546490362016,35.18646205776319,32.771293796048475,0.13678673877141312
34.337546490362016,35.18946205776319,19.66515503611021,0.1115130027119634
34.337546490362016,35.19246205776319,16.406532820444696,0.10371779733059958
34.337546490362016,35.19546205776319,9.943547614678186,0.08489128419748126
34.337546490362016,35.19846205776319,9.943547614678186,0.08489128419748126
34.337546490362016,35.20146205776319,6.64301036713809,0.07224246104742185
34.337546490362016,35.20446205776319,3.3200554752932367,0.05473998783348508
34.337546490362016,35.20746205776319,3.3200554752932367,0.05473998783348508
34.340546490362016,34.93446205776318,3.0812264320789096,0.05312953394506703
34.340546490362016,34.93746205776318,9.192660823467097,0.08226650647299216
34.340546490362016,34.94046205776318,9.192660823467097,0.08226650647299216
34.340546490362016,34.94346205776318,12.32961467687283,0.09251802688713989
34.340546490362016,34.94646205776318,12.32961467687283,0.09251802688713989
34.340546490362016,34.94946205776318,12.347405003960361,0.09257140127333718
34.340546490362016,34.95246205776318,12.357514094344246,0.09260170992236462
34.340546490362016,34.95546205776318,30.963391445131613,0.13371679839697606
34.340546490362016,34.95846205776318,43.53010006134785,0.15323657149702286
34.340546490362016,34.96146205776318,61.95429295157067,0.17647172152563237
34.340546490362016,34.96446205776318,74.45240688521832,0.18993196317184058
34.340546490362016,34.96746205776318,93.14561869840706,0.20773588909059088
34.340546490362016,34.97046205776318,115.51276992874301,0.22641154047699966
34.340546490362016,34.97346205776318,125.07098373938948,0.23372716250508835
34.340546490362016,34.97646205776318,130.98409310216593,0.23808606837295762
34.340546490362016,34.97946205776318,157.39688791440756,0.2562388737636277
34.340546490362016,34.98246205776318,188.3471603585349,0.27531520120955
34.340546490362016,34.98546205776318,205.62616653806526,0.2851529783271549
34.340546490362016,34.98846205776318,218.9726910856037,0.29241694978233085
34.340546490362016,34.99146205776318,224.51586249630844,0.2953557107619307
34.340546490362016,34.99446205776318,239.09228699145504,0.30288152748258795
34.340546490362016,34.99746205776318,273.0558053011705,0.31940898306377763
34.340546490362016,35.00046205776318,285.2106516843929,0.3250220736194903
34.340546490362016,35.00346205776318,321.1567126728985,0.34082650562610006
34.340546490362016,35.00646205776318,328.3650565849747,0.34386607723791557
34.340546490362016,35.00946205776318,324.55485325397876,0.3422644585755178
34.340546490362016,35.01246205776318,334.60538831110455,0.3464652903046891
34.340546490362016,35.01546205776318,336.251497936793,0.3471460687436382
34.340546490362016,35.01846205776318,330.4715940987707,0.3447467768531595
34.340546490362016,35.02146205776318,336.3686084842536,0.34719442566626857
34.340546490362016,35.02446205776318,336.8139661080583,0.3473782291553633
34.340546490362016,35.02746205776318,329.6575734535032,0.3444068521546632
34.340546490362016,35.03046205776318,316.23265309775627,0.33872655488788705
34.340546490362016,35.03346205776318,312.63814460966773,0.3371811955674094
34.340546490362016,35.03646205776318,315.39468771831,0.3383672408415109
34.340546490362016,35.03946205776318,302.9956638172297,0.3329822823123669
34.340546490362016,35.04246205776318,317.7187399804595,0.3393623768946292
34.340546490362016,35.04546205776318,301.9588067448923,0.3325260247947673
34.340546490362016,35.04846205776318,284.88821683686217,0.3248750468427076
34.340546490362016,35.05146205776318,277.7164832482764,0.3215786614891712
34.340546490362016,35.05446205776318,288.2456299955369,0.3264011296083245
34.340546490362016,35.05746205776318,299.3015771004191,0.33135243198171205
34.340546490362016,35.06046205776318,354.6460719056252,0.3546211402763133
34.340546490362016,35.06346205776318,402.13659305150264,0.37290310370743146
34.340546490362016,35.06646205776318,466.83969304310205,0.3958345243324467
34.340546490362016,35.06946205776318,520.7328611598123,0.41351622486209066
34.340546490362016,35.07246205776318,603.800290739189,0.43873662236629696
34.340546490362016,35.07546205776318,675.1260434830817,0.4587758039949621
34.340546490362016,35.07846205776318,778.9761594868698,0.48579856420130013
34.340546490362016,35.08146205776318,849.8825487446254,0.503025643172466
34.340546490362016,35.08446205776318,921.1427050238311,0.5194901617622605
34.340546490362016,35.08746205776318,989.204736252442,0.5345164005507557
34.340546490362016,35.09046205776318,1014.6069699610791,0.5399651078488031
34.340546490362016,35.09346205776318,1042.6086209136722,0.5458773631243214
34.340546490362016,35.09646205776318,1092.2857712460398,0.5561360793883371
34.340546490362016,35.09946205776318,1090.801417807415,0.5558336532977449
34.340546490362016,35.102462057763184,1107.4929051422687,0.5592203171282729
34.340546490362016,35.105462057763184,1107.118390225805,0.559144666042689
34.340546490362016,35.108462057763184,1128.2370854217277,0.5633868536978454
34.340546490362016,35.111462057763184,1104.3257014699861,0.5585800650755214
34.340546490362016,35.114462057763184,1128.0425717276141,0.5633479994080722
34.340546490362016,35.117462057763184,1079.2697086202015,0.5534756966735352
34.340546490362016,35.120462057763184,1051.9254262862232,0.5478233526242036
34.340546490362016,35.123462057763184,1028.8491870826833,0.5429842692621522
34.340546490362016,35.126462057763185,1051.501719102988,0.5477350784031216
34.340546490362016,35.129462057763185,987.0867839899978,0.5340583322996608
34.340546490362016,35.132462057763185,940.9867207366166,0.523938072725612
34.340546490362016,35.135462057763185,903.1824548472034,0.5154146484373673
34.340546490362016,35.138462057763185,861.0645335188598,0.5056626087902205
34.340546490362016,35.141462057763185,777.1770371412817,0.4853494529553789
34.340546490362016,35.144462057763185,667.5747012631851,0.4567162965719489
34.340546490362016,35.147462057763185,631.8308887605472,0.4467729820067884
34.340546490362016,35.150462057763185,552.9598918768427,0.4235688491759733
34.340546490362016,35.153462057763186,463.79415256984487,0.39479956719770964
34.340546490362016,35.156462057763186,382.7707760215789,0.3656133704119525
34.340546490362016,35.159462057763186,321.07139063586516,0.3407902836464485
34.340546490362016,35.162462057763186,255.29065065834342,0.31092849480328966
34.340546490362016,35.165462057763186,191.36604450875592,0.27707191887470417
34.340546490362016,35.168462057763186,148.6463873448466,0.25044265768610086
34.340546490362016,35.171462057763186,111.31902671580062,0.22308702943847142
34.340546490362016,35.174462057763186,88.11521664849718,0.20317343619108244
34.340546490362016,35.17746205776319,68.67066679391431,0.18388870997864984
34.340546490362016,35.18046205776319,62.171762938508046,0.17671923925780184
34.340546490362016,35.18346205776319,29.491516044903907,0.1311370469893235
34.340546490362016,35.18646205776319,26.192939209916663,0.12506052697696884
34.340546490362016,35.18946205776319,13.129188647146329,0.09487279947438355
34.340546490362016,35.19246205776319,13.129188647146329,0.09487279947438355
34.340546490362016,35.19546205776319,6.64301036713809,0.07224246104742185
34.340546490362016,35.19846205776319,6.64301036713809,0.07224246104742185
34.340546490362016,35.20146205776319,3.3200554752932367,0.05473998783348508
34.340546490362016,35.20446205776319,3.3200554752932367,0.05473998783348508
34.343546490362016,34.93446205776318,6.117509705794621,0.06989987951942833
34.343546490362016,34.93746205776318,9.173871028404525,0.08219920410089392
34.343546490362016,34.94046205776318,12.281271950061647,0.09237275566010239
34.343546490362016,34.94346205776318,12.281271950061647,0.09237275566010239
34.343546490362016,34.94646205776318,18.47126486611023,0.10875399382157364
34.343546490362016,34.94946205776318,18.504890816906084,0.10883314294796495
34.343546490362016,34.95246205776318,27.83615230057079,0.128141629385279
34.343546490362016,34.95546205776318,34.037225491114874,0.13887632678136508
34.343546490362016,34.95846205776318,55.711878377570734,0.16913195966850092
34.343546490362016,34.96146205776318,74.64150354167782,0.19012477450940451
34.343546490362016,34.96446205776318,87.16132616945683,0.2022907814830345
34.343546490362016,34.96746205776318,115.00113435065396,0.22600987236744627
34.343546490362016,34.97046205776318,146.4218438727226,0.2489366890615159
34.343546490362016,34.97346205776318,162.12801439229113,0.25929239902048373
34.343546490362016,34.97646205776318,165.58859249427056,0.2614921923623697
34.343546490362016,34.97946205776318,184.79805727768442,0.2732281999037655
34.343546490362016,34.98246205776318,199.56269546771443,0.28175932932776937
34.343546490362016,34.98546205776318,214.16949026833765,0.28983418086494933
34.343546490362016,34.98846205776318,233.59870990904034,0.30007840058047586
34.343546490362016,34.99146205776318,246.66481714787176,0.306682817039593
34.343546490362016,34.99446205776318,269.45073875735625,0.3177154334881767
34.343546490362016,34.99746205776318,304.81306224937634,0.3337797537935024
34.343546490362016,35.00046205776318,305.3414884580583,0.33401109076075464
34.343546490362016,35.00346205776318,315.38192990519264,0.3383617659510602
34.343546490362016,35.00646205776318,341.0776861543926,0.34913057493880384
34.343546490362016,35.00946205776318,350.55725296528436,0.3529800360871645
34.343546490362016,35.01246205776318,340.9417819509956,0.3490749231179903
34.343546490362016,35.01546205776318,345.90389403332955,0.35109831146525267
34.343546490362016,35.01846205776318,332.9356622609163,0.3457726888171628
34.343546490362016,35.02146205776318,336.234812516313,0.34713917822937745
34.343546490362016,35.02446205776318,325.13358720543175,0.3425084533253228
34.343546490362016,35.02746205776318,304.9542614807065,0.33384159221522347
34.343546490362016,35.03046205776318,302.1647142789316,0.3326167068485828
34.343546490362016,35.03346205776318,290.0997495259133,0.32723933534664035
34.343546490362016,35.03646205776318,299.2458926137812,0.3313277716104642
34.343546490362016,35.03946205776318,279.86788939285606,0.32257283372911233
34.343546490362016,35.04246205776318,303.09205645645704,0.33302465120675157
34.343546490362016,35.04546205776318,293.4709036660042,0.3287551615562284
34.343546490362016,35.04846205776318,270.5217989342224,0.3182199968259646
34.343546490362016,35.05146205776318,271.7303597632258,0.3187878978275134
34.343546490362016,35.05446205776318,331.39719065319156,0.34513268440261985
34.343546490362016,35.05746205776318,394.225744336679,0.3699512960301718
34.343546490362016,35.06046205776318,487.39256076089237,0.4027152899215869
34.343546490362016,35.06346205776318,522.0669173499132,0.413939651549577
34.343546490362016,35.06646205776318,652.2937543273097,0.4525054856411491
34.343546490362016,35.06946205776318,715.2462287271105,0.4694926427669595
34.343546490362016,35.07246205776318,791.764833433167,0.48897318548502905
34.343546490362016,35.07546205776318,880.9858693570716,0.5103100688239675
34.343546490362016,35.07846205776318,933.37002321299,0.5222375554285573
34.343546490362016,35.08146205776318,1022.9414715795934,0.5417349746438902
34.343546490362016,35.08446205776318,1086.2420338476566,0.5549031653279267
34.343546490362016,35.08746205776318,1095.2708046944613,0.5567435122792037
34.343546490362016,35.09046205776318,1110.781408967113,0.5598839286273143
34.343546490362016,35.09346205776318,1108.510004875617,0.5594256913394514
34.343546490362016,35.09646205776318,1131.2969333433448,0.5639975329821755
34.343546490362016,35.09946205776318,1128.932762860186,0.5635257830243965
34.343546490362016,35.102462057763184,1126.1568855563019,0.5629711232974067
34.343546490362016,35.105462057763184,1110.242285734164,0.5597752158262473
34.343546490362016,35.108462057763184,1093.2895525917654,0.5563404527163589
34.343546490362016,35.111462057763184,1085.9684429495508,0.5548472558994421
34.343546490362016,35.114462057763184,1091.8463029882037,0.5560465666741259
34.343546490362016,35.117462057763184,1060.2442932717124,0.5495521835386374
34.343546490362016,35.120462057763184,992.6597443613506,0.5352623844579956
34.343546490362016,35.123462057763184,987.9606612078452,0.5342474048404399
34.343546490362016,35.126462057763185,959.5804833176883,0.5280549558976474
34.343546490362016,35.129462057763185,911.3095964808637,0.5172648145808979
34.343546490362016,35.132462057763185,868.1135208332206,0.507314375099884
34.343546490362016,35.135462057763185,820.2941611672923,0.4959460189750342
34.343546490362016,35.138462057763185,755.7553097275065,0.4799533675426177
34.343546490362016,35.141462057763185,649.4994064642215,0.4517290952575405
34.343546490362016,35.144462057763185,600.7656203362923,0.43785326145464315
34.343546490362016,35.147462057763185,521.0015090951149,0.4136015454550288
34.343546490362016,35.150462057763185,427.9345876985635,0.3822940301771174
34.343546490362016,35.153462057763186,368.4718197534367,0.3600876877261952
34.343546490362016,35.156462057763186,289.1258493267829,0.32679945905831326
34.343546490362016,35.159462057763186,214.50233108853448,0.29001426946117576
34.343546490362016,35.162462057763186,155.2078112590974,0.2548073728651322
34.343546490362016,35.165462057763186,119.58626421500736,0.22957208576021762
34.343546490362016,35.168462057763186,97.50574231633735,0.21157221730756043
34.343546490362016,35.171462057763186,78.02899355332192,0.19353029671886213
34.343546490362016,35.174462057763186,61.953330114906095,0.1764706244960136
34.343546490362016,35.17746205776319,42.49790068328004,0.15177266193313585
34.343546490362016,35.18046205776319,32.713572967701786,0.136690317558762
34.343546490362016,35.18346205776319,26.192939209916663,0.12506052697696884
34.343546490362016,35.18646205776319,16.414196873362293,0.10373717466830688
34.343546490362016,35.18946205776319,13.129188647146329,0.09487279947438355
34.343546490362016,35.19246205776319,6.576239273964467,0.07195112734643219
34.343546490362016,35.19546205776319,3.3176524599529653,0.05472413633885383
34.343546490362016,35.19846205776319,3.3176524599529653,0.05472413633885383
34.346546490362016,34.93146205776318,3.0812264320789096,0.05312953394506703
34.346546490362016,34.93446205776318,6.152028059843634,0.07005737868489798
34.346546490362016,34.93746205776318,15.33011337620587,0.10094032694320763
34.346546490362016,34.94046205776318,21.500426525575214,0.11556475171721914
34.346546490362016,34.94346205776318,21.566474331445903,0.11570662379687892
34.346546490362016,34.94646205776318,24.694249006046995,0.12214758632362464
34.346546490362016,34.94946205776318,30.919602475534397,0.1336411244267705
34.346546490362016,34.95246205776318,40.08113638054598,0.14825951354657027
34.346546490362016,34.95546205776318,46.438908184257244,0.1572531524867834
34.346546490362016,34.95846205776318,52.7776867449967,0.16551093832193908
34.346546490362016,34.96146205776318,71.29490859693018,0.18666803980716123
34.346546490362016,34.96446205776318,96.2844502123254,0.21050820223106528
34.346546490362016,34.96746205776318,146.24013185134825,0.24881306914233625
34.346546490362016,34.97046205776318,156.4790702634933,0.25564014969389925
34.346546490362016,34.97346205776318,165.3182068055687,0.26132131486219207
34.346546490362016,34.97646205776318,181.2860217887388,0.27113918597716447
34.346546490362016,34.97946205776318,194.31140130748406,0.27876989652233947
34.346546490362016,34.98246205776318,216.61945525405136,0.2911558658126706
34.346546490362016,34.98546205776318,232.98105955442094,0.299760777668213
34.346546490362016,34.98846205776318,249.47319984798483,0.30807476039037524
34.346546490362016,34.99146205776318,262.53601108361113,0.31442865163200345
34.346546490362016,34.99446205776318,291.4767613659442,0.32785977350285395
34.346546490362016,34.99746205776318,295.38457578427364,0.32961099170186864
34.346546490362016,35.00046205776318,318.11787759757476,0.3395328437366073
34.346546490362016,35.00346205776318,318.57104708352574,0.33972623144458125
34.346546490362016,35.00646205776318,315.7907622518387,0.3385371462909787
34.346546490362016,35.00946205776318,310.00531333730976,0.3360425064719128
34.346546490362016,35.01246205776318,307.22820047233,0.33483511032162816
34.346546490362016,35.01546205776318,300.264196606203,0.33177830221537014
34.346546490362016,35.01846205776318,300.61985771851215,0.3319354421428024
34.346546490362016,35.02146205776318,313.7663838036689,0.33766739340613267
34.346546490362016,35.02446205776318,296.74662831488934,0.3302181025670868
34.346546490362016,35.02746205776318,281.3831033041521,0.32327027032385086
34.346546490362016,35.03046205776318,275.025288970397,0.320328523723595
34.346546490362016,35.03346205776318,259.3296976391885,0.3128869586630431
34.346546490362016,35.03646205776318,269.43243553343535,0.3177068006148611
34.346546490362016,35.03946205776318,259.85331514314475,0.3131395081504117
34.346546490362016,35.04246205776318,266.52196992715585,0.3163295519415846
34.346546490362016,35.04546205776318,277.8487393554717,0.32163991052514324
34.346546490362016,35.04846205776318,313.25567838483556,0.3374474426962815
34.346546490362016,35.05146205776318,373.7358409630847,0.3621366332669826
34.346546490362016,35.05446205776318,438.838459923191,0.3861610202827985
34.346546490362016,35.05746205776318,517.9172687013163,0.41262042026843593
34.346546490362016,35.06046205776318,598.0470330552846,0.4370596326973128
34.346546490362016,35.06346205776318,673.518380783662,0.458338502354431
34.346546490362016,35.06646205776318,762.4398202516635,0.48164692116131486
34.346546490362016,35.06946205776318,848.5027823788658,0.5026988233340901
34.346546490362016,35.07246205776318,956.2117334209913,0.5273126473004599
34.346546490362016,35.07546205776318,1049.8657197228865,0.5473940374550915
34.346546490362016,35.07846205776318,1111.2479185598456,0.5599779735293986
34.346546490362016,35.08146205776318,1135.0779662485888,0.5647507777929185
34.346546490362016,35.08446205776318,1137.846928857884,0.5653014468737444
34.346546490362016,35.08746205776318,1155.8801865109492,0.5688682405078441
34.346546490362016,35.09046205776318,1140.0245468711455,0.5657339495341199
34.346546490362016,35.09346205776318,1159.2961501785676,0.5695401139866242
34.346546490362016,35.09646205776318,1157.4849237033022,0.5691840185966593
34.346546490362016,35.09946205776318,1127.9865559731777,0.5633368094639679
34.346546490362016,35.102462057763184,1121.906046288237,0.5621201529980112
34.346546490362016,35.105462057763184,1114.0118052317196,0.5605346674305468
34.346546490362016,35.108462057763184,1081.4288950984997,0.5539183444179492
34.346546490362016,35.111462057763184,1053.3477575465986,0.5481195220755528
34.346546490362016,35.114462057763184,1030.8676633211044,0.5434101262166278
34.346546490362016,35.117462057763184,982.2955962777902,0.5330199192964775
34.346546490362016,35.120462057763184,949.3451884404404,0.5257947214228165
34.346546490362016,35.123462057763184,907.460419030102,0.5163897781758156
34.346546490362016,35.126462057763185,869.4468404286147,0.507625901539432
34.346546490362016,35.129462057763185,795.2591220559951,0.48983523769737974
34.346546490362016,35.132462057763185,736.5754765344436,0.4750435902328073
34.346546490362016,35.135462057763185,645.7226984483092,0.4506765712726387
34.346546490362016,35.138462057763185,595.6902360381166,0.43636986675334516
34.346546490362016,35.141462057763185,540.9729328920929,0.41987186561251966
34.346546490362016,35.144462057763185,443.52129932187484,0.38780406110478055
34.346546490362016,35.147462057763185,412.9648789811485,0.3768875641699211
34.346546490362016,35.150462057763185,310.46225901424026,0.33624054865561726
34.346546490362016,35.153462057763186,262.14371509132684,0.31424063256668494
34.346546490362016,35.156462057763186,181.01600000797305,0.2709775712511844
34.346546490362016,35.159462057763186,145.4986872580879,0.24830770180651382
34.346546490362016,35.162462057763186,106.77896542161926,0.2194021322019648
34.346546490362016,35.165462057763186,90.20682450754623,0.2050889767788456
34.346546490362016,35.168462057763186,67.78106800739478,0.1829321014521263
34.346546490362016,35.171462057763186,38.97327294683766,0.1466065291041018
34.346546490362016,35.174462057763186,25.872043825984196,0.12444540220104455
34.346546490362016,35.17746205776319,19.405141679356998,0.11092087517422536
34.346546490362016,35.18046205776319,16.193880383230407,0.10317795864001196
34.346546490362016,35.18346205776319,12.968301611035276,0.09440604445749395
34.346546490362016,35.18646205776319,6.576239273964467,0.07195112734643219
34.346546490362016,35.18946205776319,6.576239273964467,0.07195112734643219
34.346546490362016,35.19246205776319,3.3176524599529653,0.05472413633885383
34.346546490362016,35.19546205776319,3.3176524599529653,0.05472413633885383
34.349546490362016,34.93146205776318,6.1342291985654605,0.0699762330522842
34.349546490362016,34.93446205776318,9.234479193249822,0.08241599822924117
34.349546490362016,34.93746205776318,18.44406520296531,0.10868990768974704
34.349546490362016,34.94046205776318,21.586274523582112,0.11574910422538112
34.349546490362016,34.94346205776318,24.665083663132556,0.12208986050602955
34.349546490362016,34.94646205776318,30.86559325931742,0.13354769970332925
34.349546490362016,34.94946205776318,37.09094672880482,0.14373208574505442
34.349546490362016,34.95246205776318,46.385719335739694,0.15718108369667264
34.349546490362016,34.95546205776318,55.72878534376686,0.16915248849011977
34.349546490362016,34.95846205776318,65.21691910669077,0.18013191737508835
34.349546490362016,34.96146205776318,93.09899772558143,0.20769429269993456
34.349546490362016,34.96446205776318,120.20499304046602,0.23004646465000753
34.349546490362016,34.96746205776318,151.53545918938437,0.25237844960647493
34.349546490362016,34.97046205776318,152.32557657432557,0.25290399668748126
34.349546490362016,34.97346205776318,171.67857092566913,0.2652974014625673
34.349546490362016,34.97646205776318,193.8586077758182,0.2785098735783081
34.349546490362016,34.97946205776318,190.03245270130694,0.276297954570778
34.349546490362016,34.98246205776318,185.28799826429977,0.2735177253971055
34.349546490362016,34.98546205776318,222.59603958910452,0.29434287911923296
34.349546490362016,34.98846205776318,251.421456734632,0.3090348769961392
34.349546490362016,34.99146205776318,267.8347325144433,0.31695186999922026
34.349546490362016,34.99446205776318,292.79263748789606,0.3284510246867547
34.349546490362016,34.99746205776318,289.0511823710764,0.326765697965649
34.349546490362016,35.00046205776318,298.8454759862779,0.3311503624001441
34.349546490362016,35.00346205776318,289.8024084386968,0.327105130976692
34.349546490362016,35.00646205776318,280.5553543219916,0.32288954645749474
34.349546490362016,35.00946205776318,259.5741827239061,0.3130049159520837
34.349546490362016,35.01246205776318,275.10498865369266,0.3203656517459935
34.349546490362016,35.01546205776318,251.93063674584653,0.309285068662092
34.349546490362016,35.01846205776318,270.6575580788973,0.3182838656490117
34.349546490362016,35.02146205776318,270.7187345169526,0.31831264024249184
34.349546490362016,35.02446205776318,262.2596329779275,0.31429620708837214
34.349546490362016,35.02746205776318,259.2245293138571,0.31283619733180756
34.349546490362016,35.03046205776318,250.91575462553928,0.3087860931519506
34.349546490362016,35.03346205776318,244.4587746815826,0.3055827343230705
34.349546490362016,35.03646205776318,229.59331911837734,0.2980096030269691
34.349546490362016,35.03946205776318,247.61773238712647,0.30715617960813685
34.349546490362016,35.04246205776318,304.2204668120041,0.3335200380977375
34.349546490362016,35.04546205776318,360.37228081858154,0.3569004633185436
34.349546490362016,35.04846205776318,414.2981780517624,0.3773738214624955
34.349546490362016,35.05146205776318,502.4465920515162,0.407645377797719
34.349546490362016,35.05446205776318,554.2807683124412,0.4239732775571627
34.349546490362016,35.05746205776318,650.7763936032904,0.45208414553110227
34.349546490362016,35.06046205776318,752.3499361438777,0.47908714261820695
34.349546490362016,35.06346205776318,846.0654434833694,0.5021207203959697
34.349546490362016,35.06646205776318,914.8074295989343,0.5180580584533877
34.349546490362016,35.06946205776318,948.2746064637441,0.525557464453914
34.349546490362016,35.07246205776318,1036.7540620330112,0.5446491856419392
34.349546490362016,35.07546205776318,1109.7491599667017,0.5596757505556709
34.349546490362016,35.07846205776318,1160.6965487371524,0.5698152099758345
34.349546490362016,35.08146205776318,1201.5931414068532,0.5777627479379283
34.349546490362016,35.08446205776318,1185.3618693990645,0.5746282082145229
34.349546490362016,35.08746205776318,1187.6285591751462,0.5750674858634781
34.349546490362016,35.09046205776318,1173.462724674437,0.5723138814614794
34.349546490362016,35.09346205776318,1120.0331570617786,0.5617446076468501
34.349546490362016,35.09646205776318,1087.7663747628794,0.5552145161081292
34.349546490362016,35.09946205776318,1109.7533969725832,0.5596766052881875
34.349546490362016,35.102462057763184,1066.2867170689442,0.5508028262605368
34.349546490362016,35.105462057763184,1068.887642690036,0.5513398488788107
34.349546490362016,35.108462057763184,1011.4585826034781,0.5392942650207926
34.349546490362016,35.111462057763184,960.8187066529035,0.5283274070529715
34.349546490362016,35.114462057763184,905.668230791017,0.5159815987900872
34.349546490362016,35.117462057763184,897.100208924599,0.5140234633983931
34.349546490362016,35.120462057763184,844.3490003676645,0.5017130040541385
34.349546490362016,35.123462057763184,809.5223804176422,0.49333065668925635
34.349546490362016,35.126462057763185,746.2927027694384,0.4775405314571233
34.349546490362016,35.129462057763185,702.1679597250152,0.46603975338341375
34.349546490362016,35.132462057763185,632.2748776596716,0.4468985348702283
34.349546490362016,35.135462057763185,532.5323701837058,0.4172390664616995
34.349546490362016,35.138462057763185,483.16010340472855,0.4013127765903917
34.349546490362016,35.141462057763185,404.7326481839176,0.37386417871510946
34.349546490362016,35.144462057763185,336.9766869199284,0.34744534926640996
34.349546490362016,35.147462057763185,292.2882333249288,0.3282245739575446
34.349546490362016,35.150462057763185,203.46845489032467,0.2839523028893891
34.349546490362016,35.153462057763186,153.491867103734,0.25367677505540565
34.349546490362016,35.156462057763186,111.25895535527897,0.22303886763935973
34.349546490362016,35.159462057763186,86.00465424283627,0.20121267837316437
34.349546490362016,35.162462057763186,61.06770882700261,0.17545720661388578
34.349546490362016,35.165462057763186,45.313673669693614,0.15571780363263313
34.349546490362016,35.168462057763186,38.78923580467219,0.1463292173607854
34.349546490362016,35.171462057763186,22.619065700374847,0.11793329296328088
34.349546490362016,35.174462057763186,19.438308922606097,0.11099667065183806
34.349546490362016,35.17746205776319,16.193880383230407,0.10317795864001196
34.349546490362016,35.18046205776319,12.968301611035276,0.09440604445749395
34.349546490362016,35.18346205776319,9.741342131592855,0.08419650786256186
34.349546490362016,35.18646205776319,3.2976102189502488,0.05459165850732484
34.349546490362016,35.18946205776319,3.2468799758470475,0.05425416130651903
34.352546490362016,34.92246205776318,3.0149698184690568,0.05266956699327135
34.352546490362016,34.92546205776318,3.026597582527084,0.052750724975758716
34.352546490362016,34.92846205776318,3.020051341785249,0.052705057421753874
34.352546490362016,34.93146205776318,6.146937085280231,0.07003418315247188
34.352546490362016,34.93446205776318,9.215455630644371,0.08234804351772003
34.352546490362016,34.93746205776318,18.44406520296531,0.10868990768974704
34.352546490362016,34.94046205776318,30.730221256775433,0.13331310239946
34.352546490362016,34.94346205776318,36.86125709359954,0.1433753916293417
34.352546490362016,34.94646205776318,46.17251011864471,0.15689169479588005
34.352546490362016,34.94946205776318,58.60867489113882,0.17259623638447005
34.352546490362016,34.95246205776318,64.90476851340087,0.17978655159721357
34.352546490362016,34.95546205776318,65.00835190868077,0.17990126731502487
34.352546490362016,34.95846205776318,87.88469773288627,0.20296065964135976
34.352546490362016,34.96146205776318,98.28064166955579,0.21224318474612563
34.352546490362016,34.96446205776318,120.3018346649871,0.23012058034416308
34.352546490362016,34.96746205776318,148.55448755148296,0.2503807122891223
34.352546490362016,34.97046205776318,168.406666361472,0.2632632703590052
34.352546490362016,34.97346205776318,186.41045931694964,0.27417930484929115
34.352546490362016,34.97646205776318,202.46693063791486,0.28339240053186204
34.352546490362016,34.97946205776318,205.8081079187857,0.2852538747497883
34.352546490362016,34.98246205776318,202.0719261597001,0.28317111628949987
34.352546490362016,34.98546205776318,227.8359744578019,0.29709509370463116
34.352546490362016,34.98846205776318,228.28254692046556,0.29732788671174215
34.352546490362016,34.99146205776318,265.8116581889694,0.315992060065433
34.352546490362016,34.99446205776318,272.5907513952721,0.3191912717269728
34.352546490362016,34.99746205776318,281.6306255460628,0.3233839878495058
34.352546490362016,35.00046205776318,303.1528118566903,0.3330513517803159
34.352546490362016,35.00346205776318,292.80316479996526,0.3284557483972555
34.352546490362016,35.00646205776318,254.97574445055722,0.3107750233460097
34.352546490362016,35.00946205776318,261.5756554260771,0.31396807427278933
34.352546490362016,35.01246205776318,233.78813829418738,0.30017571198141685
34.352546490362016,35.01546205776318,217.9666564189223,0.29187882230242657
34.352546490362016,35.01846205776318,231.87571017205653,0.29919109498422114
34.352546490362016,35.02146205776318,254.47423071354206,0.31053037261232114
34.352546490362016,35.02446205776318,244.97029321046978,0.30583834096773865
34.352546490362016,35.02746205776318,263.2702782539883,0.3147801176408575
34.352546490362016,35.03046205776318,237.8712090084282,0.30226183344155305
34.352546490362016,35.03346205776318,234.71917421532712,0.3006533088124061
34.352546490362016,35.03646205776318,282.8085494888565,0.32392433368929197
34.352546490362016,35.03946205776318,341.4049486884778,0.34926453208617386
34.352546490362016,35.04246205776318,413.20392582044246,0.3769748143405993
34.352546490362016,35.04546205776318,464.9067250567576,0.3951781208592251
34.352546490362016,35.04846205776318,517.3773961268488,0.41244832162450545
34.352546490362016,35.05146205776318,604.6693979797533,0.43898911952534175
34.352546490362016,35.05446205776318,685.6732751426455,0.4616293886349652
34.352546490362016,35.05746205776318,760.8026928549306,0.48123297327022846
34.352546490362016,35.06046205776318,853.9203647669685,0.5039802397048511
34.352546490362016,35.06346205776318,954.8197778211254,0.5270054699008927
34.352546490362016,35.06646205776318,1000.0387041989572,0.5368504034748007
34.352546490362016,35.06946205776318,1097.2171406746654,0.5571390428777252
34.352546490362016,35.07246205776318,1172.8392183134827,0.5721922250218577
34.352546490362016,35.07546205776318,1171.908003442596,0.5720104572662165
34.352546490362016,35.07846205776318,1201.7739701202145,0.5777975255591742
34.352546490362016,35.08146205776318,1188.4293452206484,0.5752225555258826
34.352546490362016,35.08446205776318,1140.5884563965046,0.5658458683292872
34.352546490362016,35.08746205776318,1149.3263828788736,0.5675758533724665
34.352546490362016,35.09046205776318,1114.1900843898534,0.5605705474278081
34.352546490362016,35.09346205776318,1096.759942567145,0.5570461698243538
34.352546490362016,35.09646205776318,1046.3258397162258,0.5466550199812904
34.352546490362016,35.09946205776318,1000.6117309252045,0.5369734294185359
34.352546490362016,35.102462057763184,980.117963763536,0.532546947869182
34.352546490362016,35.105462057763184,971.5774555699461,0.5306858793294945
34.352546490362016,35.108462057763184,917.989675366856,0.5187781535307485
34.352546490362016,35.111462057763184,892.7779126290859,0.5130313863251404
34.352546490362016,35.114462057763184,846.760448894172,0.5022856677565931
34.352546490362016,35.117462057763184,798.8971134346486,0.49073033046322534
34.352546490362016,35.120462057763184,757.352969663038,0.48035895728839334
34.352546490362016,35.123462057763184,684.287181371993,0.46125588708102555
34.352546490362016,35.126462057763185,615.6870008064662,0.442171303731303
34.352546490362016,35.129462057763185,573.3676265131926,0.42975390103821365
34.352546490362016,35.132462057763185,504.59879826084523,0.4083429341838015
34.352546490362016,35.135462057763185,436.40992716708615,0.38530479064174195
34.352546490362016,35.138462057763185,364.32676985622874,0.3584618928130219
34.352546490362016,35.141462057763185,282.4669852614098,0.32376778809818246
34.352546490362016,35.144462057763185,229.593167563914,0.2980095243405429
34.352546490362016,35.147462057763185,152.72671258581437,0.25317018669482194
34.352546490362016,35.150462057763185,124.24188815608707,0.23310617466187727
34.352546490362016,35.153462057763186,95.19874774611131,0.20955549556459746
34.352546490362016,35.156462057763186,79.50785929696472,0.19498921216620396
34.352546490362016,35.159462057763186,48.37842314132091,0.1598480136433332
34.352546490362016,35.162462057763186,41.79844900884285,0.1507685045487533
34.352546490362016,35.165462057763186,22.62426801941345,0.11794414193990596
34.352546490362016,35.168462057763186,19.18027087343406,0.1104049269800772
34.352546490362016,35.171462057763186,12.79615138533424,0.09390274936932749
34.352546490362016,35.174462057763186,12.79615138533424,0.09390274936932749
34.352546490362016,35.17746205776319,9.741342131592855,0.08419650786256186
34.352546490362016,35.18046205776319,6.496095161385839,0.07159909149428197
34.352546490362016,35.18346205776319,6.496095161385839,0.07159909149428197
34.352546490362016,35.18646205776319,3.2468799758470475,0.05425416130651903
34.355546490362016,34.91646205776318,3.0149698184690568,0.05266956699327135
34.355546490362016,34.91946205776318,3.026597582527084,0.052750724975758716
34.355546490362016,34.92246205776318,3.0318088658663642,0.05278703731636674
34.355546490362016,34.92546205776318,3.035510242084866,0.05281280584984578
34.355546490362016,34.92846205776318,6.090802351140275,0.06977765386193602
34.355546490362016,34.93146205776318,9.16698842706548,0.08217453090744783
34.355546490362016,34.93446205776318,9.196574249595864,0.08228051342026686
34.355546490362016,34.93746205776318,21.49494621284704,0.11555296814790017
34.355546490362016,34.94046205776318,36.86307155550682,0.14337821459703715
34.355546490362016,34.94346205776318,46.124453533429374,0.15682635691765037
34.355546490362016,34.94646205776318,52.42491029572593,0.16506752469204922
34.355546490362016,34.94946205776318,58.58620179343366,0.17256976099754878
34.355546490362016,34.95246205776318,67.98231880114285,0.18314916790309135
34.355546490362016,34.95546205776318,86.64392223310247,0.2018095908537152
34.355546490362016,34.95846205776318,99.22581718205123,0.2130573073639719
34.355546490362016,34.96146205776318,107.64294387984995,0.22011051351524832
34.355546490362016,34.96446205776318,151.33008690053845,0.25224157701129896
34.355546490362016,34.96746205776318,173.59731201018596,0.26647947181021775
34.355546490362016,34.97046205776318,184.3863964837508,0.2729845770086087
34.355546490362016,34.97346205776318,189.75800598559488,0.2761382724862429
34.355546490362016,34.97646205776318,218.22121549754849,0.2920151264313118
34.355546490362016,34.97946205776318,221.7398376630049,0.2938894867788191
34.355546490362016,34.98246205776318,241.2056423838079,0.3039495785100274
34.355546490362016,34.98546205776318,243.7263983849159,0.30521620541390293
34.355546490362016,34.98846205776318,251.50888613152802,0.3090778580768117
34.355546490362016,34.99146205776318,278.3858462472007,0.32188847012748134
34.355546490362016,34.99446205776318,290.5564754432331,0.32744531712201425
34.355546490362016,34.99746205776318,294.073184388159,0.3290248729592181
34.355546490362016,35.00046205776318,315.7523698930869,0.3385206825875413
34.355546490362016,35.00346205776318,311.86604602322643,0.3368478641888233
34.355546490362016,35.00646205776318,287.8392834310217,0.326216997606464
34.355546490362016,35.00946205776318,269.07185891338554,0.31753665974804657
34.355546490362016,35.01246205776318,244.6907130139,0.3056986740126075
34.355546490362016,35.01546205776318,242.82867895053477,0.30476602540288655
34.355546490362016,35.01846205776318,222.9553343167138,0.29453282801195824
34.355546490362016,35.02146205776318,224.29309828295357,0.295238455301022
34.355546490362016,35.02446205776318,234.1864642403275,0.3003801820889372
34.355546490362016,35.02746205776318,252.74496455101107,0.3096845685009998
34.355546490362016,35.03046205776318,274.7698163830962,0.3202094685290725
34.355546490362016,35.03346205776318,312.66197081173675,0.3371914739851514
34.355546490362016,35.03646205776318,412.8391240148642,0.3768416524560055
34.355546490362016,35.03946205776318,439.1493304218426,0.386270418685681
34.355546490362016,35.04246205776318,505.9069039663991,0.4087660353713752
34.355546490362016,35.04546205776318,587.914997565555,0.4340825983021936
34.355546490362016,35.04846205776318,659.5060694818408,0.45450020041537675
34.355546490362016,35.05146205776318,717.2375201347935,0.4700150457893747
34.355546490362016,35.05446205776318,813.7412867630358,0.4943574699347662
34.355546490362016,35.05746205776318,901.3895331112584,0.5150051413495444
34.355546490362016,35.06046205776318,992.9425028842174,0.5353233669126234
34.355546490362016,35.06346205776318,1027.5763368930013,0.54271546628408
34.355546490362016,35.06646205776318,1091.7015254632656,0.5560170730547174
34.355546490362016,35.06946205776318,1136.8892971960931,0.565111091811166
34.355546490362016,35.07246205776318,1189.91897940532,0.5755108517340429
34.355546490362016,35.07546205776318,1178.0474716161862,0.5732072528984026
34.355546490362016,35.07846205776318,1158.1137682350945,0.5693076901642451
34.355546490362016,35.08146205776318,1118.829215374757,0.5615029983824504
34.355546490362016,35.08446205776318,1117.0046874750838,0.5611365512042757
34.355546490362016,35.08746205776318,1042.8699554734662,0.5459320896599391
34.355546490362016,35.09046205776318,1017.4700704341652,0.5405740796381571
34.355546490362016,35.09346205776318,1006.2010703323552,0.5381712215423973
34.355546490362016,35.09646205776318,957.642073480801,0.5276280160338571
34.355546490362016,35.09946205776318,931.3248730932473,0.5217795346766945
34.355546490362016,35.102462057763184,920.3323480512857,0.5193073090393273
34.355546490362016,35.105462057763184,857.5424321013427,0.5048342456658612
34.355546490362016,35.108462057763184,834.78425632428,0.49943187918950893
34.355546490362016,35.111462057763184,781.271751046429,0.48637070530968995
34.355546490362016,35.114462057763184,694.9985408420946,0.4641305093780866
34.355546490362016,35.117462057763184,671.9456889175028,0.45791010673433064
34.355546490362016,35.120462057763184,612.7940494834564,0.44133907063349753
34.355546490362016,35.123462057763184,540.784286548288,0.419813292937021
34.355546490362016,35.126462057763185,475.3663198809413,0.39871073023958237
34.355546490362016,35.129462057763185,440.169294329231,0.38662902809735966
34.355546490362016,35.132462057763185,373.15366747323753,0.3619108856361257
34.355546490362016,35.135462057763185,308.39443129269836,0.33534294290987504
34.355546490362016,35.138462057763185,234.91676722517414,0.3007545225219569
34.355546490362016,35.141462057763185,157.7536756615284,0.2564710531807719
34.355546490362016,35.144462057763185,120.4184603623287,0.23020978986254664
34.355546490362016,35.147462057763185,107.87345345355487,0.2202989328234867
34.355546490362016,35.150462057763185,76.93233196256277,0.19243768295053165
34.355546490362016,35.153462057763186,48.18638829616032,0.15959390845920135
34.355546490362016,35.156462057763186,38.78010231927245,0.1463154342566472
34.355546490362016,35.159462057763186,28.672317695530857,0.1296676620365688
34.355546490362016,35.162462057763186,19.15624281073411,0.11034958231501159
34.355546490362016,35.165462057763186,15.979015568338978,0.10262816607901629
34.355546490362016,35.168462057763186,12.79615138533424,0.09390274936932749
34.355546490362016,35.171462057763186,12.79615138533424,0.09390274936932749
34.355546490362016,35.174462057763186,6.553702977132071,0.0718523972369802
34.355546490362016,35.17746205776319,3.2976102189502488,0.05459165850732484
34.355546490362016,35.18046205776319,3.2976102189502488,0.05459165850732484
34.358546490362016,34.91346205776318,3.0149698184690568,0.05266956699327135
34.358546490362016,34.91646205776318,3.026597582527084,0.052750724975758716
34.358546490362016,34.91946205776318,3.0318088658663642,0.05278703731636674
34.358546490362016,34.92246205776318,3.035510242084866,0.05281280584984578
34.358546490362016,34.92546205776318,3.035510242084866,0.05281280584984578
34.358546490362016,34.92846205776318,3.035510242084866,0.05281280584984578
34.358546490362016,34.93146205776318,12.21154406806492,0.0921626158411669
34.358546490362016,34.93446205776318,15.299447563232935,0.10085951144799171
34.358546490362016,34.93746205776318,24.502362849568414,0.12176703947165687
34.358546490362016,34.94046205776318,42.9397279147531,0.15240186289171395
34.358546490362016,34.94346205776318,58.42421560488611,0.17237874578681414
34.358546490362016,34.94646205776318,67.71661368777387,0.1828625001324138
34.358546490362016,34.94946205776318,73.98247876493184,0.18945152767239704
34.358546490362016,34.95246205776318,83.3891061916801,0.19874228920295656
34.358546490362016,34.95546205776318,95.88464763254674,0.21015812786486646
34.358546490362016,34.95846205776318,114.59252922686402,0.22568831931352873
34.358546490362016,34.96146205776318,130.50204512466556,0.2377351986874676
34.358546490362016,34.96446205776318,148.42576467986487,0.2502939074895301
34.358546490362016,34.96746205776318,169.29254803541585,0.26381634368650697
34.358546490362016,34.97046205776318,201.005436806679,0.28257236216987325
34.358546490362016,34.97346205776318,235.65860400913078,0.30113406078846006
34.358546490362016,34.97646205776318,222.45182890337458,0.29426658730139976
34.358546490362016,34.97946205776318,217.62000142550204,0.2916930515619075
34.358546490362016,34.98246205776318,220.20948767193346,0.29307648281603405
34.358546490362016,34.98546205776318,233.3401644800595,0.29994550656774865
34.358546490362016,34.98846205776318,275.8326288483033,0.32070432421639944
34.358546490362016,34.99146205776318,307.1934367601882,0.334819954803314
34.358546490362016,34.99446205776318,323.3211594267457,0.3417434593803616
34.358546490362016,34.99746205776318,357.5168426979265,0.3557665914580596
34.358546490362016,35.00046205776318,348.45642767234125,0.3521323721463626
34.358546490362016,35.00346205776318,343.93282266849417,0.3502966709076623
34.358546490362016,35.00646205776318,336.8762101092924,0.34740390625247636
34.358546490362016,35.00946205776318,330.40183080974,0.34471766428459755
34.358546490362016,35.01246205776318,309.01108855558886,0.33561099929991145
34.358546490362016,35.01546205776318,292.26468445154563,0.3282139960349611
34.358546490362016,35.01846205776318,284.7874981766637,0.3248290997678928
34.358546490362016,35.02146205776318,269.9044962468076,0.31792933973394677
34.358546490362016,35.02446205776318,263.36721706046103,0.3148264746228221
34.358546490362016,35.02746205776318,313.4242907196528,0.3375200844647107
34.358546490362016,35.03046205776318,345.1311131964833,0.3507843466720496
34.358546490362016,35.03346205776318,394.192948003101,0.3699389849631136
34.358546490362016,35.03646205776318,445.1703765617831,0.3883801839790512
34.358546490362016,35.03946205776318,513.309698865661,0.4111481575806661
34.358546490362016,35.04246205776318,589.7034328964171,0.43461030814391494
34.358546490362016,35.04546205776318,676.0280528551285,0.4590208867200809
34.358546490362016,35.04846205776318,733.5545362910855,0.47426330474296846
34.358546490362016,35.05146205776318,821.76679709772,0.49630196687272154
34.358546490362016,35.05446205776318,911.348050764122,0.5172735452234725
34.358546490362016,35.05746205776318,986.0556067613518,0.533835097022509
34.358546490362016,35.06046205776318,1063.2314641928012,0.5501709921877053
34.358546490362016,35.06346205776318,1118.4120415030588,0.561419242762072
34.358546490362016,35.06646205776318,1160.7469825761232,0.5698251135441605
34.358546490362016,35.06946205776318,1177.3364581704118,0.5730688435753787
34.358546490362016,35.07246205776318,1154.2440835893653,0.5685460193911507
34.358546490362016,35.07546205776318,1121.1674136704846,0.5619720898630367
34.358546490362016,35.07846205776318,1109.1733115213897,0.5595595662477367
34.358546490362016,35.08146205776318,1053.5246781770466,0.5481563451531477
34.358546490362016,35.08446205776318,1001.7419444610005,0.5372159567017882
34.358546490362016,35.08746205776318,957.0208091928994,0.5274910712309558
34.358546490362016,35.09046205776318,917.6004053402016,0.5186901479737976
34.358546490362016,35.09346205776318,904.393085216517,0.5156908831616458
34.358546490362016,35.09646205776318,829.8915271645371,0.4982589318134233
34.358546490362016,35.09946205776318,802.2721782094618,0.4915585483750846
34.358546490362016,35.102462057763184,783.8600446681162,0.487014589456957
34.358546490362016,35.105462057763184,738.5140294353573,0.47554329247941285
34.358546490362016,35.108462057763184,672.9336818378628,0.45817930262128126
34.358546490362016,35.111462057763184,641.8932394209223,0.44960556803243407
34.358546490362016,35.114462057763184,574.7469428834916,0.4301671363284727
34.358546490362016,35.117462057763184,515.7027683593892,0.4119138032907005
34.358546490362016,35.120462057763184,476.7273813787752,0.3991669715695574
34.358546490362016,35.123462057763184,408.12270796849793,0.3751136467550871
34.358546490362016,35.126462057763185,366.86636628685574,0.35945929618420824
34.358546490362016,35.129462057763185,276.7257755206865,0.32111929794385785
34.358546490362016,35.132462057763185,242.23756490081917,0.30446905354054493
34.358546490362016,35.135462057763185,191.95940304871237,0.2774152406282859
34.358546490362016,35.138462057763185,141.63094883924816,0.24564607329222643
34.358546490362016,35.141462057763185,94.68038323777512,0.20909832950125792
34.358546490362016,35.144462057763185,78.84170433437328,0.194334076982114
34.358546490362016,35.147462057763185,66.26461637600498,0.18128389995798108
34.358546490362016,35.150462057763185,60.85624463835447,0.17521392562827887
34.358546490362016,35.153462057763186,25.877890403203818,0.12445665033186544
34.358546490362016,35.156462057763186,22.650995832627462,0.1179998568465226
34.358546490362016,35.159462057763186,16.111718034654487,0.10296824283138042
34.358546490362016,35.162462057763186,12.894804152446103,0.09419166210761122
34.358546490362016,35.165462057763186,6.492411675450992,0.07158284917534313
34.358546490362016,35.168462057763186,6.492411675450992,0.07158284917534313
34.358546490362016,35.171462057763186,6.492411675450992,0.07158284917534313
34.36154649036202,34.91346205776318,3.0149698184690568,0.05266956699327135
34.36154649036202,34.91646205776318,3.026597582527084,0.052750724975758716
34.36154649036202,34.91946205776318,3.0318088658663642,0.05278703731636674
34.36154649036202,34.92246205776318,3.035510242084866,0.05281280584984578
34.36154649036202,34.92546205776318,3.035510242084866,0.05281280584984578
34.36154649036202,34.92846205776318,9.081689434700891,0.08186781865505126
34.36154649036202,34.93146205776318,15.18456274833796,0.10055588129043015
34.36154649036202,34.93446205776318,21.382382977510737,0.11531053893026005
34.36154649036202,34.93746205776318,33.62162621446001,0.13819554616722016
34.36154649036202,34.94046205776318,36.75988706550149,0.1432175459458019
34.36154649036202,34.94346205776318,55.230642566189275,0.16854605767379086
34.36154649036202,34.94646205776318,70.67108071557483,0.18601298131062163
34.36154649036202,34.94946205776318,104.74712143141308,0.217722543446717
34.36154649036202,34.95246205776318,107.92680239848869,0.22034250599936597
34.36154649036202,34.95546205776318,131.94163773513293,0.2387807481292616
34.36154649036202,34.95846205776318,141.74209784838428,0.2457231663073774
34.36154649036202,34.96146205776318,159.40412421870343,0.25754100244715605
34.36154649036202,34.96446205776318,200.11142314729503,0.2820689699506935
34.36154649036202,34.96746205776318,219.2667901059598,0.29257398290170844
34.36154649036202,34.97046205776318,246.72333715253896,0.30671191855945606
34.36154649036202,34.97346205776318,245.7961739371853,0.30625035987754756
34.36154649036202,34.97646205776318,240.79909872347318,0.30374455625522145
34.36154649036202,34.97946205776318,247.96248818933898,0.3073271684567782
34.36154649036202,34.98246205776318,280.20268589584293,0.3227271315643539
34.36154649036202,34.98546205776318,290.32397110999193,0.3273404827840326
34.36154649036202,34.98846205776318,298.95844795535265,0.3312004303712825
34.36154649036202,34.99146205776318,357.8193738363403,0.35588698093155047
34.36154649036202,34.99446205776318,403.87058530071226,0.3735454491938111
34.36154649036202,34.99746205776318,401.96701647234306,0.3728401960931448
34.36154649036202,35.00046205776318,442.9804394764307,0.3876148260633479
34.36154649036202,35.00346205776318,439.5148487102384,0.3863989887672663
34.36154649036202,35.00646205776318,420.1244934297583,0.37948774984075817
34.36154649036202,35.00946205776318,421.75176822783067,0.3800750183977337
34.36154649036202,35.01246205776318,422.44396312597195,0.38032441302815734
34.36154649036202,35.01546205776318,410.1012502284997,0.37583999847826755
34.36154649036202,35.01846205776318,386.8439643504011,0.36716467458194746
34.36154649036202,35.02146205776318,391.91858880885263,0.3690837337801494
34.36154649036202,35.02446205776318,382.92577728798057,0.36567258460062263
34.36154649036202,35.02746205776318,410.3858865356124,0.37594431948935186
34.36154649036202,35.03046205776318,417.49297581983683,0.37853516409237437
34.36154649036202,35.03346205776318,472.4693528288208,0.39773702182241366
34.36154649036202,35.03646205776318,557.4782322171361,0.42494989478692363
34.36154649036202,35.03946205776318,641.5719183562712,0.44951552848557047
34.36154649036202,35.04246205776318,702.109173081892,0.46602414594907904
34.36154649036202,35.04546205776318,771.7248745832521,0.4839846188808153
34.36154649036202,35.04846205776318,822.2123311288998,0.4964095805958021
34.36154649036202,35.05146205776318,919.278516812653,0.5190693730917753
34.36154649036202,35.05446205776318,993.4048330997416,0.5354230551036268
34.36154649036202,35.05746205776318,1034.8798275257363,0.5442551271133351
34.36154649036202,35.06046205776318,1091.4768163453778,0.5559712913756986
34.36154649036202,35.06346205776318,1103.9877260141807,0.5585116781176087
34.36154649036202,35.06646205776318,1153.2750583758616,0.5683550461797633
34.36154649036202,35.06946205776318,1139.1720213186072,0.5655646861988276
34.36154649036202,35.07246205776318,1123.8375944864792,0.5625070666403869
34.36154649036202,35.07546205776318,1042.3580168567185,0.5458248759513856
34.36154649036202,35.07846205776318,1010.220672677867,0.5390301541558912
34.36154649036202,35.08146205776318,976.3179340274015,0.5317200870134009
34.36154649036202,35.08446205776318,901.9431603838457,0.5151316430950009
34.36154649036202,35.08746205776318,849.3363020320203,0.5028962939560441
34.36154649036202,35.09046205776318,836.9737699640554,0.4999554413764652
34.36154649036202,35.09346205776318,793.2262781391728,0.4893340057307356
34.36154649036202,35.09646205776318,723.6922139807915,0.4717024374928744
34.36154649036202,35.09946205776318,700.455806196693,0.4655848673090037
34.36154649036202,35.102462057763184,634.0161044958375,0.44739041573060273
34.36154649036202,35.105462057763184,575.2760086760485,0.4303254835114629
34.36154649036202,35.108462057763184,547.2594264532544,0.42181678838597364
34.36154649036202,35.111462057763184,505.9390605630195,0.40877642801379077
34.36154649036202,35.114462057763184,419.12594207803573,0.37912670586227654
34.36154649036202,35.117462057763184,384.6887284932675,0.3663450644941162
34.36154649036202,35.120462057763184,355.1666697020925,0.35482927312933255
34.36154649036202,35.123462057763184,287.8825880315148,0.32623662808781007
34.36154649036202,35.126462057763185,229.09425367233678,0.2977503212774334
34.36154649036202,35.129462057763185,174.32483507023636,0.2669256233247718
34.36154649036202,35.132462057763185,132.52542308977348,0.23920278960228517
34.36154649036202,35.135462057763185,102.2265802709191,0.21561158566030572
34.36154649036202,35.138462057763185,81.26720981430928,0.19670377742836964
34.36154649036202,35.141462057763185,63.331310789152184,0.17803031124649502
34.36154649036202,35.144462057763185,56.53043792610272,0.1701216163281029
34.36154649036202,35.147462057763185,44.778327611595074,0.15497930470110943
34.36154649036202,35.150462057763185,31.960483256226755,0.1354228331495387
34.36154649036202,35.153462057763186,12.778631651213454,0.09385130179326807
34.36154649036202,35.156462057763186,9.599170283143689,0.08370281013497777
34.36154649036202,35.159462057763186,6.419068636048877,0.07125828538057434
34.36154649036202,35.162462057763186,6.419068636048877,0.07125828538057434
34.36154649036202,35.165462057763186,6.492411675450992,0.07158284917534313
34.36154649036202,35.168462057763186,3.229508053833784,0.05413786305021874
34.36454649036202,34.91346205776318,3.0149698184690568,0.05266956699327135
34.36454649036202,34.91646205776318,3.026597582527084,0.052750724975758716
34.36454649036202,34.91946205776318,3.0318088658663642,0.05278703731636674
34.36454649036202,34.92246205776318,3.035510242084866,0.05281280584984578
34.36454649036202,34.92546205776318,6.0455162770248165,0.06956966599178954
34.36454649036202,34.92846205776318,9.081689434700891,0.08186781865505126
34.36454649036202,34.93146205776318,15.184562748337962,0.10055588129043015
34.36454649036202,34.93446205776318,18.306901153178515,0.10836586326155809
34.36454649036202,34.93746205776318,21.363042578635447,0.11526880817902202
34.36454649036202,34.94046205776318,33.65483306262158,0.1382501262696476
34.36454649036202,34.94346205776318,55.09210460842111,0.16837682103186147
34.36454649036202,34.94646205776318,79.83888220877208,0.19531353460070547
34.36454649036202,34.94946205776318,110.80190608996217,0.22267191953669943
34.36454649036202,34.95246205776318,132.69457588233433,0.2393248683281571
34.36454649036202,34.95546205776318,178.28610271636825,0.2693354734756518
34.36454649036202,34.95846205776318,203.3584350475674,0.2838908772361565
34.36454649036202,34.96146205776318,224.28014168039323,0.29523163323890933
34.36454649036202,34.96446205776318,253.82623572537415,0.3102138359607243
34.36454649036202,34.96746205776318,269.8663737283672,0.317911376667899
34.36454649036202,34.97046205776318,299.4580505355152,0.3314217129047
34.36454649036202,34.97346205776318,335.4566372656554,0.34681758998514806
34.36454649036202,34.97646205776318,333.1022955274609,0.3458419016895393
34.36454649036202,34.97946205776318,341.15841406917485,0.34916362615668073
34.36454649036202,34.98246205776318,382.8504452874616,0.36564380777241884
34.36454649036202,34.98546205776318,387.7550610858549,0.36751032968107233
34.36454649036202,34.98846205776318,417.8913315453915,0.3786795962306345
34.36454649036202,34.99146205776318,452.6537370146924,0.390978615535762
34.36454649036202,34.99446205776318,491.0733622889783,0.40392907141055856
34.36454649036202,34.99746205776318,510.00528662532076,0.41008740549226963
34.36454649036202,35.00046205776318,537.674636103658,0.4188460077549185
34.36454649036202,35.00346205776318,544.7943261697599,0.4210557385696774
34.36454649036202,35.00646205776318,532.3670509826313,0.4171872506036826
34.36454649036202,35.00946205776318,543.0922262115547,0.42052904306071937
34.36454649036202,35.01246205776318,547.4788633909463,0.42188443531735687
34.36454649036202,35.01546205776318,538.5359957912488,0.4191142769271781
34.36454649036202,35.01846205776318,529.3362014900642,0.41623557793434557
34.36454649036202,35.02146205776318,533.8444976385148,0.4176499835930642
34.36454649036202,35.02446205776318,524.5986095965616,0.41474142397322444
34.36454649036202,35.02746205776318,539.6995568955504,0.41947625781136916
34.36454649036202,35.03046205776318,548.3299176454912,0.4221466403194104
34.36454649036202,35.03346205776318,630.1164020866528,0.44628765544384014
34.36454649036202,35.03646205776318,661.7066208534791,0.45510620039777316
34.36454649036202,35.03946205776318,722.2806184777776,0.47133419084561295
34.36454649036202,35.04246205776318,800.99218872256,0.49124469419890676
34.36454649036202,35.04546205776318,865.0635064131111,0.5066006665448588
34.36454649036202,35.04846205776318,934.6478762350969,0.5225234308816902
34.36454649036202,35.05146205776318,1010.7489383890904,0.5391428845710152
34.36454649036202,35.05446205776318,1037.1564251160078,0.5447337268937603
34.36454649036202,35.05746205776318,1108.6114422648611,0.5594461675186836
34.36454649036202,35.06046205776318,1118.683865250105,0.5614738186968522
34.36454649036202,35.06346205776318,1159.4605158159793,0.5695724124954773
34.36454649036202,35.06646205776318,1134.134963263841,0.5645630569572877
34.36454649036202,35.06946205776318,1071.6378911319084,0.551906850555864
34.36454649036202,35.07246205776318,1044.4118671719766,0.5462548167602315
34.36454649036202,35.07546205776318,1002.2391730708133,0.5373226026813552
34.36454649036202,35.07846205776318,923.4398439036596,0.5200079748844793
34.36454649036202,35.08146205776318,862.431976980839,0.5059836699180061
34.36454649036202,35.08446205776318,792.8967541446393,0.4892526834645168
34.36454649036202,35.08746205776318,746.9726340170388,0.47771451468086834
34.36454649036202,35.09046205776318,695.5777619056469,0.4642851957357345
34.36454649036202,35.09346205776318,618.4940301081554,0.44297657932074147
34.36454649036202,35.09646205776318,563.4717170565962,0.42677149980399814
34.36454649036202,35.09946205776318,520.4526188830857,0.41342719384292076
34.36454649036202,35.102462057763184,470.02781614790024,0.39691360405055465
34.36454649036202,35.105462057763184,430.5331513036474,0.3832209115401752
34.36454649036202,35.108462057763184,392.4293635303074,0.36927606452518136
34.36454649036202,35.111462057763184,351.82287506621503,0.35348923268733756
34.36454649036202,35.114462057763184,281.15020996911016,0.3231632188445175
34.36454649036202,35.117462057763184,248.64620906206346,0.3076658526486639
34.36454649036202,35.120462057763184,199.29563540519808,0.28160844562752824
34.36454649036202,35.123462057763184,168.44723138261458,0.26328863398324953
34.36454649036202,35.126462057763185,135.22919410316518,0.2411430470602636
34.36454649036202,35.129462057763185,88.67090991706266,0.20368499016572247
34.36454649036202,35.132462057763185,77.83745007322776,0.19334012739956194
34.36454649036202,35.135462057763185,68.44822178672956,0.1836502096270042
34.36454649036202,35.138462057763185,52.76268934524656,0.1654921239668813
34.36454649036202,35.141462057763185,38.30191816049603,0.1455910807713195
34.36454649036202,35.144462057763185,28.72277374774434,0.12975888685736692
34.36454649036202,35.147462057763185,22.367121281864954,0.11740608257419412
34.36454649036202,35.150462057763185,12.778631651213454,0.09385130179326807
34.36454649036202,35.153462057763186,6.419068636048877,0.07125828538057434
34.36454649036202,35.156462057763186,6.419068636048877,0.07125828538057434
34.36454649036202,35.159462057763186,6.419068636048877,0.07125828538057434
34.36454649036202,35.162462057763186,6.419068636048877,0.07125828538057434
34.36454649036202,35.165462057763186,3.229508053833784,0.05413786305021874
34.36454649036202,35.168462057763186,3.229508053833784,0.05413786305021874
34.36754649036202,34.91646205776318,3.0149698184690568,0.05266956699327135
34.36754649036202,34.91946205776318,3.026597582527084,0.052750724975758716
34.36754649036202,34.92246205776318,3.0318088658663642,0.05278703731636674
34.36754649036202,34.92546205776318,6.0455162770248165,0.06956966599178954
34.36754649036202,34.92846205776318,6.0637695434025085,0.06965361086559743
34.36754649036202,34.93146205776318,12.149783121184859,0.09197588400204226
34.36754649036202,34.93446205776318,18.260112067335584,0.10825499288317886
34.36754649036202,34.93746205776318,27.406502489238434,0.12734679132815635
34.36754649036202,34.94046205776318,42.70013610726348,0.15206114771788437
34.36754649036202,34.94346205776318,57.97881019812156,0.17185187697714752
34.36754649036202,34.94646205776318,88.86849678010465,0.20386641880481046
34.36754649036202,34.94946205776318,116.92260111410457,0.2275128588582095
34.36754649036202,34.95246205776318,141.78589655621667,0.24575353515281392
34.36754649036202,34.95546205776318,183.38284240870237,0.2723892979500414
34.36754649036202,34.95846205776318,237.47827691572695,0.3020620155920484
34.36754649036202,34.96146205776318,284.4355660367099,0.32466847444539737
34.36754649036202,34.96446205776318,324.1035146758672,0.34207399259179644
34.36754649036202,34.96746205776318,334.0060572192849,0.34621692717189556
34.36754649036202,34.97046205776318,347.14872983956514,0.3516031786202221
34.36754649036202,34.97346205776318,394.74699865326124,0.37014688170555343
34.36754649036202,34.97646205776318,433.2298440374936,0.38417925224460353
34.36754649036202,34.97946205776318,432.78537059344893,0.3840215437549923
34.36754649036202,34.98246205776318,444.7957486167131,0.38824941623074666
34.36754649036202,34.98546205776318,484.7363927368477,0.4018359712702239
34.36754649036202,34.98846205776318,523.8076684283103,0.41449118727450873
34.36754649036202,34.99146205776318,554.0258273185225,0.42389526432406127
34.36754649036202,34.99446205776318,602.4959850766614,0.43835727976513383
34.36754649036202,34.99746205776318,611.9365627764516,0.44109193940080466
34.36754649036202,35.00046205776318,681.403949645558,0.4604775048494337
34.36754649036202,35.00346205776318,684.1648461303236,0.46122290041773356
34.36754649036202,35.00646205776318,706.8090621323945,0.4672694673570509
34.36754649036202,35.00946205776318,695.3590053689269,0.464226783859323
34.36754649036202,35.01246205776318,712.9857924261554,0.46889857260915896
34.36754649036202,35.01546205776318,698.8212587674352,0.46514997678843684
34.36754649036202,35.01846205776318,693.7000872686497,0.4637834640263698
34.36754649036202,35.02146205776318,673.4554950837427,0.4583213840421573
34.36754649036202,35.02446205776318,720.491114352092,0.47086673694824943
34.36754649036202,35.02746205776318,701.6638755874891,0.46590589716940767
34.36754649036202,35.03046205776318,768.2604369923461,0.4831143615388682
34.36754649036202,35.03346205776318,774.5959668561565,0.48470405489337515
34.36754649036202,35.03646205776318,835.8777329513126,0.499693457016904
34.36754649036202,35.03946205776318,872.2308984894855,0.5082754661177704
34.36754649036202,35.04246205776318,917.7794423607634,0.5187306271640595
34.36754649036202,35.04546205776318,973.8877563709931,0.5311902839941238
34.36754649036202,35.04846205776318,1013.9827993983429,0.5398322120353983
34.36754649036202,35.05146205776318,1105.969603793305,0.5589125181977972
34.36754649036202,35.05446205776318,1102.6761573030062,0.5582461723809844
34.36754649036202,35.05746205776318,1113.3266919833236,0.5603967512607696
34.36754649036202,35.06046205776318,1099.2242557467814,0.5575464842324332
34.36754649036202,35.06346205776318,1093.1939212726631,0.5563209867048394
34.36754649036202,35.06646205776318,1043.5658464306043,0.5460777773086088
34.36754649036202,35.06946205776318,1008.9320388135874,0.5387550148625221
34.36754649036202,35.07246205776318,960.0159006134978,0.5281507865125941
34.36754649036202,35.07546205776318,913.7164427276207,0.5178108383877148
34.36754649036202,35.07846205776318,836.9027967286734,0.4999384829678711
34.36754649036202,35.08146205776318,776.8982564913231,0.4852798057100629
34.36754649036202,35.08446205776318,710.2577174969952,0.4681800944484327
34.36754649036202,35.08746205776318,619.3037282145206,0.44320845643523366
34.36754649036202,35.09046205776318,547.5443363506258,0.4219046158456208
34.36754649036202,35.09346205776318,469.3092958115509,0.3966707917042238
34.36754649036202,35.09646205776318,417.3640576645523,0.378488404429966
34.36754649036202,35.09946205776318,373.21653581012686,0.36193527407184556
34.36754649036202,35.102462057763184,355.2661515077419,0.3548690247097298
34.36754649036202,35.105462057763184,294.3959848789978,0.3291692920238151
34.36754649036202,35.108462057763184,275.45161466755064,0.3205270521226804
34.36754649036202,35.111462057763184,226.58303996036798,0.2964404883596793
34.36754649036202,35.114462057763184,168.57129973304677,0.26336618603598694
34.36754649036202,35.117462057763184,153.2943606383253,0.2535461566495162
34.36754649036202,35.120462057763184,113.02422521403363,0.22444770849010692
34.36754649036202,35.123462057763184,98.58379783726531,0.21250481668366814
34.36754649036202,35.126462057763185,70.8152874198614,0.18616471475399693
34.36754649036202,35.129462057763185,61.513462349419086,0.17596837736033832
34.36754649036202,35.132462057763185,46.374534717027345,0.15716592267125368
34.36754649036202,35.135462057763185,49.5234756067851,0.1613507568465894
34.36754649036202,35.138462057763185,28.42834176636377,0.1292251876621212
34.36754649036202,35.141462057763185,15.973043339947608,0.10261282126424622
34.36754649036202,35.144462057763185,9.612535657139462,0.08374940801300522
34.36754649036202,35.147462057763185,6.4268124939125855,0.0712926588689092
34.36754649036202,35.150462057763185,6.338141567115988,0.0708975674509614
34.36754649036202,35.153462057763186,6.338141567115988,0.0708975674509614
34.36754649036202,35.156462057763186,6.419068636048877,0.07125828538057434
34.36754649036202,35.159462057763186,6.419068636048877,0.07125828538057434
34.36754649036202,35.162462057763186,3.229508053833784,0.05413786305021874
34.37054649036202,34.92546205776318,3.0318088658663642,0.05278703731636674
34.37054649036202,34.92846205776318,6.0637695434025085,0.06965361086559743
34.37054649036202,34.93146205776318,6.0637695434025085,0.06965361086559743
34.37054649036202,34.93446205776318,21.28901746499092,0.1151088745344589
34.37054649036202,34.93746205776318,33.44878494565208,0.13791093372948257
34.37054649036202,34.94046205776318,42.663604452144675,0.1520090966254881
34.37054649036202,34.94346205776318,67.22463919893825,0.18232992459654604
34.37054649036202,34.94646205776318,91.95128113314615,0.20666630472130992
34.37054649036202,34.94946205776318,122.86933975599837,0.23207265468974972
34.37054649036202,34.95246205776318,163.35565047484906,0.2600759687746633
34.37054649036202,34.95546205776318,203.80868424631254,0.2841421318022834
34.37054649036202,34.95846205776318,260.01109105673254,0.31321554624211967
34.37054649036202,34.96146205776318,350.18741134705834,0.3528310298425568
34.37054649036202,34.96446205776318,361.97403819882146,0.35753414965952324
34.37054649036202,34.96746205776318,401.04399234195535,0.37249750343816734
34.37054649036202,34.97046205776318,410.1142027452595,0.37584474660108047
34.37054649036202,34.97346205776318,438.0611989399041,0.38588729082908796
34.37054649036202,34.97646205776318,479.9943766274439,0.40025892086315973
34.37054649036202,34.97946205776318,506.0885237469502,0.40882472759555855
34.37054649036202,34.98246205776318,526.1807450242687,0.41524129900338713
34.37054649036202,34.98546205776318,585.3728874576118,0.4333308430327371
34.37054649036202,34.98846205776318,588.6857186743892,0.4343101312889157
34.37054649036202,34.99146205776318,656.2230462779648,0.45359384393803787
34.37054649036202,34.99446205776318,689.9929170868611,0.46279047665789735
34.37054649036202,34.99746205776318,739.7424110008246,0.47585952608479964
34.37054649036202,35.00046205776318,763.8526442451075,0.4820037254077034
34.37054649036202,35.00346205776318,784.6341636441099,0.487206917462446
34.37054649036202,35.00646205776318,831.9564641216739,0.49875446948471713
34.37054649036202,35.00946205776318,849.2965833857693,0.5028868867800239
34.37054649036202,35.01246205776318,838.5779349048468,0.5003385120743798
34.37054649036202,35.01546205776318,847.7308296076559,0.5025158347927667
34.37054649036202,35.01846205776318,856.0333873030424,0.5044787087174146
34.37054649036202,35.02146205776318,848.7684977926797,0.5027617870776292
34.37054649036202,35.02446205776318,851.1186263228707,0.5033181577716345
34.37054649036202,35.02746205776318,890.4970039260836,0.5125066977779988
34.37054649036202,35.03046205776318,894.0758337987597,0.5133295944676168
34.37054649036202,35.03346205776318,918.4916920457208,0.5188916156222049
34.37054649036202,35.03646205776318,941.6991058707248,0.5240966981128441
34.37054649036202,35.03946205776318,998.1268027369534,0.536439621627741
34.37054649036202,35.04246205776318,1047.958142219751,0.5469959803448053
34.37054649036202,35.04546205776318,1054.7134473490798,0.5484036714571923
34.37054649036202,35.04846205776318,1063.9219995258134,0.5503138918385768
34.37054649036202,35.05146205776318,1078.350666615674,0.5532871256744596
34.37054649036202,35.05446205776318,1111.6105075268802,0.5600510524382187
34.37054649036202,35.05746205776318,1096.9383909473643,0.5570824217446572
34.37054649036202,35.06046205776318,1056.6763145643758,0.5488116849109205
34.37054649036202,35.06346205776318,1009.1954965293862,0.5388112834881601
34.37054649036202,35.06646205776318,981.2532244864508,0.5327935996811103
34.37054649036202,35.06946205776318,930.5998975083303,0.5216170282043536
34.37054649036202,35.07246205776318,871.4139787581944,0.5080849950013965
34.37054649036202,35.07546205776318,851.6616038705205,0.5034465714446619
34.37054649036202,35.07846205776318,781.7537737085039,0.4864907139099803
34.37054649036202,35.08146205776318,681.3104045407377,0.460452217534521
34.37054649036202,35.08446205776318,587.56231479006,0.4339784192853872
34.37054649036202,35.08746205776318,514.5214192267142,0.411536106006547
34.37054649036202,35.09046205776318,458.3045630383537,0.3929237071484834
34.37054649036202,35.09346205776318,373.4311345093463,0.3620185045158417
34.37054649036202,35.09646205776318,325.38528504725974,0.34261448804948824
34.37054649036202,35.09946205776318,262.07243780032474,0.31420645276832077
34.37054649036202,35.102462057763184,205.98711406503335,0.2853530912087948
34.37054649036202,35.105462057763184,185.08778888830165,0.2733994693306605
34.37054649036202,35.108462057763184,154.66281699266327,0.25444910451002367
34.37054649036202,35.111462057763184,121.08859782289137,0.23072139050719406
34.37054649036202,35.114462057763184,105.79316633778717,0.2185896559850753
34.37054649036202,35.117462057763184,69.89285062219032,0.1851909083523321
34.37054649036202,35.120462057763184,51.9567082039561,0.16447625600361376
34.37054649036202,35.123462057763184,45.74806232680234,0.1563131957099809
34.37054649036202,35.126462057763185,42.66443203976788,0.15201027608621598
34.37054649036202,35.129462057763185,33.29257778051039,0.13765295206605732
34.37054649036202,35.132462057763185,15.784534200136616,0.10212669286956369
34.37054649036202,35.135462057763185,15.784534200136616,0.10212669286956369
34.37054649036202,35.138462057763185,6.288444710681647,0.07067468135689936
34.37054649036202,35.141462057763185,3.1591341530935964,0.05366285664554691
34.37054649036202,35.144462057763185,6.338141567115988,0.0708975674509614
34.37054649036202,35.147462057763185,6.338141567115988,0.0708975674509614
34.37054649036202,35.150462057763185,6.338141567115988,0.0708975674509614
34.37054649036202,35.153462057763186,3.1885054156647965,0.05386186957722769
34.37354649036202,34.92846205776318,3.0282593013176426,0.05276230794107122
34.37354649036202,34.93146205776318,12.147327991454189,0.09196844925474963
34.37354649036202,34.93446205776318,12.147327991454189,0.09196844925474963
34.37354649036202,34.93746205776318,27.345184992622727,0.12723274782571503
34.37354649036202,34.94046205776318,48.8088355024136,0.16041535579064695
34.37354649036202,34.94346205776318,70.21687978968372,0.18553385617291038
34.37354649036202,34.94646205776318,103.99084058636386,0.2170923879938366
34.37354649036202,34.94946205776318,159.6058984021113,0.25767135140957653
34.37354649036202,34.95246205776318,200.21989150635068,0.2821301170537714
34.37354649036202,34.95546205776318,242.6783119815704,0.3046905231851228
34.37354649036202,34.95846205776318,300.00016636003136,0.331661574843661
34.37354649036202,34.96146205776318,362.4061371429892,0.35770480812854233
34.37354649036202,34.96446205776318,379.1706951381841,0.364233985753914
34.37354649036202,34.96746205776318,426.78452120709176,0.3818827350381154
34.37354649036202,34.97046205776318,470.79802993449937,0.3971736381722969
34.37354649036202,34.97346205776318,485.9838269241355,0.4022492907370695
34.37354649036202,34.97646205776318,522.9069737489332,0.41420595069611044
34.37354649036202,34.97946205776318,539.1026521255775,0.41929062081897883
34.37354649036202,34.98246205776318,588.7740732824457,0.4343362039946298
34.37354649036202,34.98546205776318,696.4000109554877,0.46450465229877796
34.37354649036202,34.98846205776318,731.0225533973315,0.47360782664883816
34.37354649036202,34.99146205776318,768.6528342122239,0.48321304874609394
34.37354649036202,34.99446205776318,810.030429992058,0.49345447748177307
34.37354649036202,34.99746205776318,842.8000060021416,0.5013446356425679
34.37354649036202,35.00046205776318,880.1582123998535,0.5101182470063398
34.37354649036202,35.00346205776318,910.8527192012377,0.5171610684573679
34.37354649036202,35.00646205776318,903.0920387852385,0.5153940089033806
34.37354649036202,35.00946205776318,912.4437339214062,0.5175222158032369
34.37354649036202,35.01246205776318,933.4127395179896,0.5222471155180693
34.37354649036202,35.01546205776318,954.2518198835879,0.5268800555026141
34.37354649036202,35.01846205776318,966.159906597976,0.5295002443869044
34.37354649036202,35.02146205776318,960.8507003344919,0.5283344439559242
34.37354649036202,35.02446205776318,974.7724091213287,0.5313832388582539
34.37354649036202,35.02746205776318,986.5500530470688,0.5339421551165494
34.37354649036202,35.03046205776318,967.5679493365849,0.5298087785158396
34.37354649036202,35.03346205776318,1018.4159782827056,0.540775045048087
34.37354649036202,35.03646205776318,1014.1773161253816,0.5398736329954248
34.37354649036202,35.03946205776318,1049.6738797950875,0.5473540255610732
34.37354649036202,35.04246205776318,1057.9903355461765,0.5490845712066919
34.37354649036202,35.04546205776318,1067.5568878090587,0.5510651811281766
34.37354649036202,35.04846205776318,1110.2424267338406,0.5597752442626067
34.37354649036202,35.05146205776318,1102.560210839778,0.5582226917930392
34.37354649036202,35.05446205776318,1055.8382552249311,0.5486375365053652
34.37354649036202,35.05746205776318,1016.9863764373728,0.5404712718034977
34.37354649036202,35.06046205776318,966.8466014159519,0.5296507484893888
34.37354649036202,35.06346205776318,923.0272567124356,0.5199150278903717
34.37354649036202,35.06646205776318,912.7944837499108,0.5176017823091444
34.37354649036202,35.06946205776318,866.7685596120504,0.5069998376388853
34.37354649036202,35.07246205776318,786.7046478776779,0.4877207654913842
34.37354649036202,35.07546205776318,718.5560639402128,0.47036047890159743
34.37354649036202,35.07846205776318,659.5242601643723,0.4545052148350023
34.37354649036202,35.08146205776318,560.9095616243508,0.4259942113459288
34.37354649036202,35.08446205776318,495.95777174030155,0.40553135654168376
34.37354649036202,35.08746205776318,423.02838612263827,0.3805347871101348
34.37354649036202,35.09046205776318,368.1621275048074,0.35996659895854094
34.37354649036202,35.09346205776318,291.6640357638629,0.3279440174893917
34.37354649036202,35.09646205776318,230.4933016823885,0.29847632166888177
34.37354649036202,35.09946205776318,183.9595759470127,0.27273163766065434
34.37354649036202,35.102462057763184,171.38074763823053,0.2651132132971189
34.37354649036202,35.105462057763184,130.44171062657662,0.23769122811582283
34.37354649036202,35.108462057763184,97.43968126482497,0.21151486878780756
34.37354649036202,35.111462057763184,71.28771178561928,0.18666050235254128
34.37354649036202,35.114462057763184,64.52514254435083,0.17936518484112968
34.37354649036202,35.117462057763184,49.14135563174388,0.16085161048974644
34.37354649036202,35.120462057763184,33.803286516581686,0.13849373601261208
34.37354649036202,35.123462057763184,30.158446546876753,0.1323153248319447
34.37354649036202,35.126462057763185,21.840973268412814,0.11629347695366406
34.37354649036202,35.129462057763185,12.63620074374116,0.09343146681096631
34.37354649036202,35.132462057763185,6.285566121026729,0.0706617388020265
34.37354649036202,35.135462057763185,6.25706317761864,0.070533393059633
34.37354649036202,35.138462057763185,3.1471638919983684,0.05358143052807922
34.37354649036202,35.141462057763185,3.1471638919983684,0.05358143052807922
34.37354649036202,35.144462057763185,3.1496361514511912,0.05359826295216547
34.37354649036202,35.147462057763185,3.1471638919983684,0.05358143052807922
34.37354649036202,35.150462057763185,3.046416934393913,0.052888627477732486
34.37654649036202,34.92846205776318,3.0797535995761214,0.05311937407784968
34.37654649036202,34.93146205776318,14.217508920709141,0.09794357774011309
34.37654649036202,34.93446205776318,26.438332302700594,0.12552787679355323
34.37654649036202,34.93746205776318,29.45824297953235,0.131077846109102
34.37654649036202,34.94046205776318,45.76049733354741,0.15633018962897613
34.37654649036202,34.94346205776318,70.24965100547814,0.18556848783958274
34.37654649036202,34.94646205776318,119.27952519094669,0.22933636310594546
34.37654649036202,34.94946205776318,148.04040901075382,0.250033770967218
34.37654649036202,34.95246205776318,210.27553818159183,0.28771470668338167
34.37654649036202,34.95546205776318,271.09874156617127,0.31849129082264965
34.37654649036202,34.95846205776318,308.55517946443695,0.335412849928245
34.37654649036202,34.96146205776318,376.1549401507134,0.3630724270144168
34.37654649036202,34.96446205776318,390.41449171013176,0.3685164953286704
34.37654649036202,34.96746205776318,437.6204593332719,0.3857319452513936
34.37654649036202,34.97046205776318,485.0097706862985,0.4019266056973818
34.37654649036202,34.97346205776318,514.2052671405556,0.4114349386030257
34.37654649036202,34.97646205776318,554.281715868575,0.4239735674739678
34.37654649036202,34.97946205776318,600.4800749746767,0.4377700044932918
34.37654649036202,34.98246205776318,684.9091571540916,0.4614235428881855
34.37654649036202,34.98546205776318,767.3182571491898,0.4828772814194155
34.37654649036202,34.98846205776318,783.4759910767659,0.48691912996634634
34.37654649036202,34.99146205776318,811.2772689547597,0.4937581571304754
34.37654649036202,34.99446205776318,840.5671759897552,0.5008129278580343
34.37654649036202,34.99746205776318,872.9196531285006,0.5084359714103435
34.37654649036202,35.00046205776318,930.2109086869183,0.5215298033322338
34.37654649036202,35.00346205776318,937.4090140172491,0.5231403402330086
34.37654649036202,35.00646205776318,971.8518988772723,0.5307458357835547
34.37654649036202,35.00946205776318,967.9396924640954,0.529890190917357
34.37654649036202,35.01246205776318,966.5827916949611,0.5295929364413388
34.37654649036202,35.01546205776318,955.9050639778999,0.5272449944023821
34.37654649036202,35.01846205776318,982.826529141479,0.5331351399767607
34.37654649036202,35.02146205776318,995.9197927565815,0.5359648467289343
34.37654649036202,35.02446205776318,1022.746330269628,0.5416936346743358
34.37654649036202,35.02746205776318,994.6129446210143,0.5356834182088717
34.37654649036202,35.03046205776318,1012.5978425462151,0.5395371573667267
34.37654649036202,35.03346205776318,1074.1755402966828,0.5524292480084142
34.37654649036202,35.03646205776318,1028.124694611161,0.5428312940133402
34.37654649036202,35.03946205776318,1021.4395161334041,0.5414166688553617
34.37654649036202,35.04246205776318,1036.6176926543287,0.5446205283528719
34.37654649036202,35.04546205776318,1073.1381212602078,0.552215775729709
34.37654649036202,35.04846205776318,1085.8404976896786,0.5548211068575948
34.37654649036202,35.05146205776318,1017.2488199056907,0.5405270570838845
34.37654649036202,35.05446205776318,967.6621221463365,0.5298294043022064
34.37654649036202,35.05746205776318,945.3854925533741,0.5249163904604719
34.37654649036202,35.06046205776318,887.4600237142506,0.5118068332891245
34.37654649036202,35.06346205776318,863.7080596985993,0.5062830051237266
34.37654649036202,35.06646205776318,817.1391488011232,0.49518213447063303
34.37654649036202,35.06946205776318,741.2565359546372,0.4762488880174063
34.37654649036202,35.07246205776318,689.601042191012,0.4626853237645679
34.37654649036202,35.07546205776318,610.6891399120691,0.44073205567448615
34.37654649036202,35.07846205776318,555.8005706064349,0.42443789861990083
34.37654649036202,35.08146205776318,486.06897379284067,0.4022774797142074
34.37654649036202,35.08446205776318,408.7548766704408,0.37534595434210527
34.37654649036202,35.08746205776318,352.96560771008456,0.3539480439672278
34.37654649036202,35.09046205776318,284.4947126651841,0.32469547788675895
34.37654649036202,35.09346205776318,246.24238304357806,0.30647262102586825
34.37654649036202,35.09646205776318,190.45931183544693,0.2765460404577159
34.37654649036202,35.09946205776318,156.9278267796494,0.2559331515217054
34.37654649036202,35.102462057763184,139.11704828869736,0.24389264417635625
34.37654649036202,35.105462057763184,117.0814427563466,0.22763644077645473
34.37654649036202,35.108462057763184,80.65371924383248,0.19610845582019598
34.37654649036202,35.111462057763184,55.3120490729831,0.1686453843001759
34.37654649036202,35.114462057763184,43.002213693267706,0.15249053410976318
34.37654649036202,35.117462057763184,43.002213693267706,0.15249053410976318
34.37654649036202,35.120462057763184,27.65692543064067,0.12781096676199624
34.37654649036202,35.123462057763184,18.44559623290325,0.10869351651148917
34.37654649036202,35.126462057763185,12.225872943028708,0.09220585761351152
34.37654649036202,35.129462057763185,6.111992510778164,0.06987465646770748
34.37654649036202,35.132462057763185,6.111992510778164,0.06987465646770748
34.37654649036202,35.135462057763185,3.1471638919983684,0.05358143052807922
34.37654649036202,35.138462057763185,3.1471638919983684,0.05358143052807922
34.37654649036202,35.141462057763185,3.1471638919983684,0.05358143052807922
34.37654649036202,35.144462057763185,3.069022613125263,0.0530452616236346
34.37654649036202,35.147462057763185,3.046416934393913,0.052888627477732486
34.37954649036202,34.92846205776318,6.172270669462071,0.07014949443784023
34.37954649036202,34.93146205776318,15.301286249124193,0.10086435978710175
34.37954649036202,34.93446205776318,24.42601146786496,0.12161512290129557
34.37954649036202,34.93746205776318,33.52264223090315,0.13803265997909844
34.37954649036202,34.94046205776318,61.01044457355538,0.17539137638019914
34.37954649036202,34.94346205776318,91.59706782539332,0.2063474892473686
34.37954649036202,34.94646205776318,116.112246028688,0.22688081352343695
34.37954649036202,34.94946205776318,138.77810595820722,0.24365478392178083
34.37954649036202,34.95246205776318,201.67788907123287,0.2829501152508646
34.37954649036202,34.95546205776318,261.54682722868597,0.3139542328732454
34.37954649036202,34.95846205776318,297.71499465330675,0.3306487185291561
34.37954649036202,34.96146205776318,339.5711317748857,0.3485129058821826
34.37954649036202,34.96446205776318,384.566159780254,0.3662983703931522
34.37954649036202,34.96746205776318,415.460231551634,0.3777968598818832
34.37954649036202,34.97046205776318,467.35868719835906,0.39601048822945006
34.37954649036202,34.97346205776318,542.9782246169705,0.42049373119395445
34.37954649036202,34.97646205776318,591.6516157889196,0.43518406276768495
34.37954649036202,34.97946205776318,639.8962896824241,0.4490455502465174
34.37954649036202,34.98246205776318,731.7292736085387,0.47379091878323015
34.37954649036202,34.98546205776318,778.451320268906,0.48566761401014436
34.37954649036202,34.98846205776318,797.7443184708568,0.49044696154060907
34.37954649036202,34.99146205776318,832.190423463879,0.4988105678166532
34.37954649036202,34.99446205776318,836.130835923697,0.4997539741989124
34.37954649036202,34.99746205776318,896.6622035091668,0.5139230607700949
34.37954649036202,35.00046205776318,920.5425093205665,0.5193547400821317
34.37954649036202,35.00346205776318,935.7618926988362,0.5227724622906313
34.37954649036202,35.00646205776318,941.606959531194,0.5240761841249941
34.37954649036202,35.00946205776318,958.9646677634632,0.5279193770320734
34.37954649036202,35.01246205776318,966.3831039328013,0.5295491699748636
34.37954649036202,35.01546205776318,972.5418723339749,0.5308965264691838
34.37954649036202,35.01846205776318,981.3421092947585,0.5328129039621777
34.37954649036202,35.02146205776318,972.242693724394,0.5308311935308889
34.37954649036202,35.02446205776318,987.5485920890987,0.5341582618539077
34.37954649036202,35.02746205776318,1008.5429377477448,0.5386718955240548
34.37954649036202,35.03046205776318,999.4144081050091,0.5367163221047415
34.37954649036202,35.03346205776318,975.7937492850098,0.5316058764869698
34.37954649036202,35.03646205776318,1025.2478329423102,0.542223210796627
34.37954649036202,35.03946205776318,1001.4031277231738,0.5371432688279005
34.37954649036202,35.04246205776318,1004.8252869835158,0.537876763125485
34.37954649036202,35.04546205776318,982.5849478401153,0.5330827177126792
34.37954649036202,35.04846205776318,961.5911681143975,0.5284972680968063
34.37954649036202,35.05146205776318,922.0082510852292,0.5196853610395459
34.37954649036202,35.05446205776318,880.5388384776347,0.5102064761999642
34.37954649036202,35.05746205776318,860.48476220896,0.5055263923271064
34.37954649036202,35.06046205776318,820.2262390768321,0.4959295924155048
34.37954649036202,35.06346205776318,748.8612149793653,0.47819727354125663
34.37954649036202,35.06646205776318,706.8837873143891,0.4672892269727553
34.37954649036202,35.06946205776318,638.446914252182,0.448638435294268
34.37954649036202,35.07246205776318,585.2722556885096,0.43330104384017143
34.37954649036202,35.07546205776318,497.72651103219226,0.406109239038464
34.37954649036202,35.07846205776318,458.60997232304226,0.39302842228859747
34.37954649036202,35.08146205776318,386.2157784140635,0.3669260665989646
34.37954649036202,35.08446205776318,320.9384319769031,0.34073382685735926
34.37954649036202,35.08746205776318,255.66335481922516,0.31110998774608134
34.37954649036202,35.09046205776318,219.08283428430852,0.29247577516225093
34.37954649036202,35.09346205776318,192.80375828004208,0.27790269502454495
34.37954649036202,35.09646205776318,140.4878717934341,0.24485111936751733
34.37954649036202,35.09946205776318,125.72149792850328,0.2342126668073524
34.37954649036202,35.102462057763184,103.76550563081567,0.2169041008709268
34.37954649036202,35.105462057763184,90.14367647142222,0.2050315368366055
34.37954649036202,35.108462057763184,58.921118438402296,0.17296369447720153
34.37954649036202,35.111462057763184,46.52602462203424,0.15737108491017018
34.37954649036202,35.114462057763184,37.2359952848544,0.14395665508594543
34.37954649036202,35.117462057763184,31.027888433543744,0.1338281421097788
34.37954649036202,35.120462057763184,18.60252132540812,0.10906245885450785
34.37954649036202,35.123462057763184,12.300481776295653,0.09243052272606236
34.37954649036202,35.126462057763185,6.134147933452673,0.06997586223802943
34.37954649036202,35.129462057763185,3.1264797797988835,0.05344029047369541
34.37954649036202,35.132462057763185,3.1264797797988835,0.05344029047369541
34.37954649036202,35.135462057763185,3.1109375931363576,0.0533338677872374
34.37954649036202,35.138462057763185,3.0965982354744854,0.05323539798259882
34.37954649036202,35.141462057763185,3.069022613125263,0.0530452616236346
34.37954649036202,35.144462057763185,3.069022613125263,0.0530452616236346
34.38254649036202,34.92846205776318,15.212759402675138,0.10063052977464432
34.38254649036202,34.93146205776318,18.298444074734245,0.1083458361550496
34.38254649036202,34.93446205776318,33.45323843848499,0.13791827822137034
34.38254649036202,34.93746205776318,45.52083849909956,0.15600217797151397
34.38254649036202,34.94046205776318,76.11985243737007,0.19162216182942746
34.38254649036202,34.94346205776318,105.71331430918262,0.21852364498607643
34.38254649036202,34.94646205776318,128.16117283421926,0.23602018671823682
34.38254649036202,34.94946205776318,151.7947225691804,0.25255107965909346
34.38254649036202,34.95246205776318,203.15510715938746,0.2837773038679391
34.38254649036202,34.95546205776318,240.16704170948586,0.3034253934878447
34.38254649036202,34.95846205776318,304.5503416135842,0.33366464912794075
34.38254649036202,34.96146205776318,352.3409617053168,0.3536973569674284
34.38254649036202,34.96446205776318,367.7688843674248,0.35981275393284307
34.38254649036202,34.96746205776318,412.5725446404001,0.3767442995906669
34.38254649036202,34.97046205776318,441.5657402080529,0.38711919724661736
34.38254649036202,34.97346205776318,503.94486937824416,0.408131176940901
34.38254649036202,34.97646205776318,583.8429474835252,0.43287746314879744
34.38254649036202,34.97946205776318,639.8308044729779,0.4490271680522613
34.38254649036202,34.98246205776318,714.7743938840107,0.46936873196009815
34.38254649036202,34.98546205776318,762.9712255443603,0.481781172399854
34.38254649036202,34.98846205776318,796.9471265729776,0.4902508598020371
34.38254649036202,34.99146205776318,822.659065955254,0.49651744923384905
34.38254649036202,34.99446205776318,858.2927325347508,0.505010879713567
34.38254649036202,34.99746205776318,881.4290005087067,0.5104127266223297
34.38254649036202,35.00046205776318,931.249119491614,0.5217625577249477
34.38254649036202,35.00346205776318,940.4682823402655,0.5238225877701393
34.38254649036202,35.00646205776318,911.8042295138141,0.517377098974987
34.38254649036202,35.00946205776318,945.324937560645,0.5249029411662808
34.38254649036202,35.01246205776318,935.4382662744038,0.5227001359689328
34.38254649036202,35.01546205776318,969.4599116427207,0.5302229265217341
34.38254649036202,35.01846205776318,955.5644421720766,0.5271698361671682
34.38254649036202,35.02146205776318,970.2141958521671,0.5303879031086649
34.38254649036202,35.02446205776318,945.3804862498791,0.5249152785775604
34.38254649036202,35.02746205776318,936.6744749985689,0.5229763318414322
34.38254649036202,35.03046205776318,955.2681385394308,0.5271044436667102
34.38254649036202,35.03346205776318,950.6365795929545,0.5260806994907494
34.38254649036202,35.03646205776318,948.2500779175834,0.5255520266786218
34.38254649036202,35.03946205776318,931.0848164777328,0.5217257333363172
34.38254649036202,35.04246205776318,910.2907324727216,0.5170334116080485
34.38254649036202,35.04546205776318,886.8566099843988,0.5116676070568439
34.38254649036202,35.04846205776318,873.6757758771591,0.508612088489812
34.38254649036202,35.05146205776318,823.9300382132346,0.49682414622776244
34.38254649036202,35.05446205776318,823.7418596293919,0.49677875496078133
34.38254649036202,35.05746205776318,786.2369879027093,0.4876047737169493
34.38254649036202,35.06046205776318,724.3757603834609,0.47188060118224956
34.38254649036202,35.06346205776318,670.1007990166165,0.45740679784836247
34.38254649036202,35.06646205776318,595.7867525178235,0.43639814644223496
34.38254649036202,35.06946205776318,551.5596678351337,0.423139492574901
34.38254649036202,35.07246205776318,496.55174302069753,0.40572555653616094
34.38254649036202,35.07546205776318,406.1794998486628,0.3743982072884901
34.38254649036202,35.07846205776318,369.39542869776903,0.36044845393095915
34.38254649036202,35.08146205776318,310.43070101481175,0.3362268769099134
34.38254649036202,35.08446205776318,242.23386930981556,0.30446719553269147
34.38254649036202,35.08746205776318,223.48140641914745,0.2948106163184014
34.38254649036202,35.09046205776318,168.9186224180972,0.26358310688080544
34.38254649036202,35.09346205776318,147.78543073100002,0.24986142301648542
34.38254649036202,35.09646205776318,124.01284460496504,0.2329341842824263
34.38254649036202,35.09946205776318,99.62962062013912,0.21340370296252262
34.38254649036202,35.102462057763184,78.50007178969398,0.19399680700469774
34.38254649036202,35.105462057763184,59.00112289342353,0.17305759787719052
34.38254649036202,35.108462057763184,50.15317601554117,0.16216828973572178
34.38254649036202,35.111462057763184,34.13757463610194,0.1390399572039994
34.38254649036202,35.114462057763184,34.13655258086709,0.13903829208520851
34.38254649036202,35.117462057763184,21.72669518448449,0.11604970182978401
34.38254649036202,35.120462057763184,12.395832103536097,0.09271645849799047
34.38254649036202,35.123462057763184,12.300481776295653,0.09243052272606236
34.38254649036202,35.126462057763185,3.155750754632087,0.0536398603197559
34.38254649036202,35.129462057763185,3.1264797797988835,0.05344029047369541
34.38254649036202,35.132462057763185,3.1264797797988835,0.05344029047369541
34.38254649036202,35.135462057763185,3.0965982354744854,0.05323539798259882
34.38254649036202,35.138462057763185,3.0965982354744854,0.05323539798259882
34.38554649036202,34.92546205776318,6.026063223265386,0.0694800358554178
34.38554649036202,34.92846205776318,12.11066966246802,0.0918573312582309
34.38554649036202,34.93146205776318,21.295452347647377,0.11512279053495873
34.38554649036202,34.93446205776318,33.347507832073354,0.13774375361880073
34.38554649036202,34.93746205776318,45.57843012569708,0.15608109577470403
34.38554649036202,34.94046205776318,78.18175369922302,0.1936817602697359
34.38554649036202,34.94346205776318,102.48890032152573,0.21583272486301883
34.38554649036202,34.94646205776318,126.93128434199383,0.23511158546394934
34.38554649036202,34.94946205776318,152.80736536401318,0.2532236564372249
34.38554649036202,34.95246205776318,180.19738780867763,0.27048672574944704
34.38554649036202,34.95546205776318,232.05742791366907,0.29928486168894636
34.38554649036202,34.95846205776318,280.7698492573498,0.3229882682144285
34.38554649036202,34.96146205776318,324.2642288487126,0.34214183259980635
34.38554649036202,34.96446205776318,343.637337341945,0.3501762587693201
34.38554649036202,34.96746205776318,388.2189305932675,0.3676861269402408
34.38554649036202,34.97046205776318,412.5760689832573,0.37674558690141585
34.38554649036202,34.97346205776318,495.6584965057062,0.40543345508596534
34.38554649036202,34.97646205776318,571.7389445702864,0.4292651885610928
34.38554649036202,34.97946205776318,653.6525099711696,0.45288228556026067
34.38554649036202,34.98246205776318,682.8123085396226,0.4608579639977236
34.38554649036202,34.98546205776318,749.0458149095462,0.4782444217466927
34.38554649036202,34.98846205776318,798.8431044694217,0.4907170599809766
34.38554649036202,34.99146205776318,817.3962627895942,0.4952444524920158
34.38554649036202,34.99446205776318,862.1047675580132,0.5059068724534771
34.38554649036202,34.99746205776318,887.6779241511211,0.5118570957081204
34.38554649036202,35.00046205776318,849.2867871309994,0.5028845665422144
34.38554649036202,35.00346205776318,849.9877972447488,0.5030505598990261
34.38554649036202,35.00646205776318,859.4081885663059,0.5052733067073583
34.38554649036202,35.00946205776318,867.772315753829,0.5072346073495971
34.38554649036202,35.01246205776318,861.1032302197347,0.5056716985669556
34.38554649036202,35.01546205776318,886.9932458263854,0.5116991381532705
34.38554649036202,35.01846205776318,867.8380084787998,0.5072499666166401
34.38554649036202,35.02146205776318,871.7213905965729,0.5081566830023825
34.38554649036202,35.02446205776318,871.8674795279325,0.5081907454152698
34.38554649036202,35.02746205776318,865.1713696670038,0.5066259324597999
34.38554649036202,35.03046205776318,884.3867816457288,0.5110971479628728
34.38554649036202,35.03346205776318,867.0245900206994,0.5070597363848856
34.38554649036202,35.03646205776318,845.8062624829033,0.5020591875140206
34.38554649036202,35.03946205776318,841.721507076863,0.5010879164387406
34.38554649036202,35.04246205776318,809.2020243129607,0.4932525561904772
34.38554649036202,35.04546205776318,799.1707153667102,0.49079754861791264
34.38554649036202,35.04846205776318,773.8745931059643,0.48452344433829564
34.38554649036202,35.05146205776318,760.5478444913908,0.4811684867674626
34.38554649036202,35.05446205776318,706.7156566619132,0.46724476634104
34.38554649036202,35.05746205776318,655.0521721016949,0.45326993829071843
34.38554649036202,35.06046205776318,630.1530679433586,0.44629804287925723
34.38554649036202,35.06346205776318,553.8980357862735,0.42385615136462845
34.38554649036202,35.06646205776318,503.4874807648183,0.40798296596168804
34.38554649036202,35.06946205776318,464.4306949233316,0.39501621783626323
34.38554649036202,35.07246205776318,387.037755888451,0.36723823676516754
34.38554649036202,35.07546205776318,316.812662041983,0.3389749244769436
34.38554649036202,35.07846205776318,290.02083421143504,0.32720372510860407
34.38554649036202,35.08146205776318,229.65567271089435,0.29804197410062405
34.38554649036202,35.08446205776318,199.78809056235377,0.28188657889241486
34.38554649036202,35.08746205776318,161.4659569451128,0.25886834590148317
34.38554649036202,35.09046205776318,132.80322272023244,0.2394032302533202
34.38554649036202,35.09346205776318,120.96504503987958,0.23062719501372597
34.38554649036202,35.09646205776318,87.10103015333632,0.2022347939893447
34.38554649036202,35.09946205776318,78.56627983375894,0.19406223828614824
34.38554649036202,35.102462057763184,56.449563836860904,0.17002422214005872
34.38554649036202,35.105462057763184,40.756651070609706,0.14925399239000972
34.38554649036202,35.108462057763184,34.48149849234337,0.13959858390209592
34.38554649036202,35.111462057763184,28.20616084050246,0.12882025413502063
34.38554649036202,35.114462057763184,18.79785771776505,0.10951910942537717
34.38554649036202,35.117462057763184,15.50449625085944,0.10139805499770227
34.38554649036202,35.120462057763184,9.295598641336403,0.08263375836710588
34.38554649036202,35.123462057763184,3.155750754632087,0.0536398603197559
34.38554649036202,35.126462057763185,3.155750754632087,0.0536398603197559
34.38554649036202,35.129462057763185,3.1264797797988835,0.05344029047369541
34.38554649036202,35.132462057763185,3.1264797797988835,0.05344029047369541
34.38554649036202,35.135462057763185,3.0965982354744854,0.05323539798259882
34.38854649036202,34.91646205776318,2.978861634110458,0.052416339995385655
34.38854649036202,34.91946205776318,2.978861634110458,0.052416339995385655
34.38854649036202,34.92246205776318,2.990263048811636,0.05249649620175887
34.38854649036202,34.92546205776318,6.026063223265386,0.0694800358554178
34.38854649036202,34.92846205776318,9.040488733213067,0.08171905279368867
34.38854649036202,34.93146205776318,21.136644433377562,0.11477861422934217
34.38854649036202,34.93446205776318,30.24541809186624,0.132467822443884
34.38854649036202,34.93746205776318,39.41535629174921,0.14726947650255232
34.38854649036202,34.94046205776318,63.82993374226271,0.1785896630235737
34.38854649036202,34.94346205776318,96.1036108588211,0.21034996426733432
34.38854649036202,34.94646205776318,111.28037131963245,0.22305603953036476
34.38854649036202,34.94946205776318,135.76571284481827,0.24152528433981338
34.38854649036202,34.95246205776318,170.75469171835937,0.26472540323678645
34.38854649036202,34.95546205776318,212.09609862094914,0.2887085412397427
34.38854649036202,34.95846205776318,231.32712364275528,0.298907755524711
34.38854649036202,34.96146205776318,259.991257992576,0.3132059894710515
34.38854649036202,34.96446205776318,317.13868260647064,0.3391144122067548
34.38854649036202,34.96746205776318,365.9233493370387,0.35908941985093057
34.38854649036202,34.97046205776318,408.9063943478962,0.37540160160395214
34.38854649036202,34.97346205776318,462.7820159722916,0.39445471334278853
34.38854649036202,34.97646205776318,530.8635704363821,0.41671557217448313
34.38854649036202,34.97946205776318,609.5146067986614,0.44039279738643533
34.38854649036202,34.98246205776318,663.5421188608316,0.45561074569182275
34.38854649036202,34.98546205776318,727.9173347206463,0.47280208722338724
34.38854649036202,34.98846205776318,757.9708778324136,0.48051568479445433
34.38854649036202,34.99146205776318,767.6508392587136,0.4829609887811692
34.38854649036202,34.99446205776318,785.7194505708209,0.4874763628035844
34.38854649036202,34.99746205776318,777.404388884808,0.48540624071756916
34.38854649036202,35.00046205776318,777.8391337653122,0.4855148032561888
34.38854649036202,35.00346205776318,796.6830722767511,0.4901858789714207
34.38854649036202,35.00646205776318,810.7035145066625,0.49361844851122194
34.38854649036202,35.00946205776318,808.0012306877015,0.4929596461917066
34.38854649036202,35.01246205776318,797.0188175700828,0.4902684999306429
34.38854649036202,35.01546205776318,821.5781678422087,0.4962563950543762
34.38854649036202,35.01846205776318,787.9853441708212,0.48803819968540574
34.38854649036202,35.02146205776318,818.292274088872,0.49546153143105015
34.38854649036202,35.02446205776318,812.0581249740562,0.493948199559605
34.38854649036202,35.02746205776318,793.0722547175586,0.4892959972628889
34.38854649036202,35.03046205776318,824.7448911477983,0.49702062823205295
34.38854649036202,35.03346205776318,784.2758672157495,0.4871179137323885
34.38854649036202,35.03646205776318,798.9447685840862,0.49074203930951066
34.38854649036202,35.03946205776318,753.51358035476,0.47938340290364595
34.38854649036202,35.04246205776318,755.3700488972827,0.4798554863812598
34.38854649036202,35.04546205776318,715.5113490405942,0.46956224576125766
34.38854649036202,35.04846205776318,682.7163305142562,0.4608320511064837
34.38854649036202,35.05146205776318,634.0707338471091,0.4474058349076622
34.38854649036202,35.05446205776318,617.4734122803848,0.4426840404853282
34.38854649036202,35.05746205776318,578.9070620655464,0.4314098923571613
34.38854649036202,35.06046205776318,513.2466851381084,0.4111279678727828
34.38854649036202,35.06346205776318,457.17605344234136,0.39253641346052415
34.38854649036202,35.06646205776318,400.601718205276,0.37233313189599804
34.38854649036202,35.06946205776318,367.1193999459506,0.3595584456252946
34.38854649036202,35.07246205776318,311.09573363379843,0.3365148101558909
34.38854649036202,35.07546205776318,263.37147985682816,0.3148285128941768
34.38854649036202,35.07846205776318,212.53592209061216,0.28894787026921825
34.38854649036202,35.08146205776318,162.7436666619822,0.259685797946646
34.38854649036202,35.08446205776318,127.63512025194922,0.23563219947023742
34.38854649036202,35.08746205776318,109.48088350771746,0.22160618522254386
34.38854649036202,35.09046205776318,94.44340516018545,0.2088888289669115
34.38854649036202,35.09346205776318,84.7839454797,0.20006541049379195
34.38854649036202,35.09646205776318,75.26569741954994,0.19075915783827124
34.38854649036202,35.09946205776318,50.24177004364602,0.16228281516833515
34.38854649036202,35.102462057763184,41.17383989354616,0.14986323697936393
34.38854649036202,35.105462057763184,31.357731743707955,0.13439540382487825
34.38854649036202,35.108462057763184,28.214795918282086,0.12883602757932514
34.38854649036202,35.111462057763184,25.0746258026446,0.12289673485330742
34.38854649036202,35.114462057763184,15.666322679907193,0.10182006908206047
34.38854649036202,35.117462057763184,9.295598641336403,0.08263375836710588
34.38854649036202,35.120462057763184,3.1771157037467272,0.05378482660313461
34.38854649036202,35.123462057763184,3.155750754632087,0.0536398603197559
34.38854649036202,35.126462057763185,3.155750754632087,0.0536398603197559
34.38854649036202,35.129462057763185,3.1264797797988835,0.05344029047369541
34.38854649036202,35.132462057763185,3.1264797797988835,0.05344029047369541
34.39154649036202,34.91346205776318,2.978861634110458,0.052416339995385655
34.39154649036202,34.91646205776318,2.990263048811636,0.05249649620175887
34.39154649036202,34.91946205776318,2.998074820401189,0.05255131006680658
34.39154649036202,34.92246205776318,5.979523921974844,0.0692648987062606
34.39154649036202,34.92546205776318,8.99440808807341,0.08155218391170521
34.39154649036202,34.92846205776318,12.034715847246616,0.09162645762145212
34.39154649036202,34.93146205776318,18.08728190115906,0.10784397407016166
34.39154649036202,34.93446205776318,21.13164976710621,0.11476776441785762
34.39154649036202,34.93746205776318,33.19275721585096,0.13748771433946522
34.39154649036202,34.94046205776318,48.28441942498714,0.1597237014008756
34.39154649036202,34.94346205776318,80.73547417364884,0.1961879460671668
34.39154649036202,34.94646205776318,93.23194571490379,0.20781287923185818
34.39154649036202,34.94946205776318,105.12526462986935,0.21803660002012892
34.39154649036202,34.95246205776318,150.21526819589243,0.25149664238846425
34.39154649036202,34.95546205776318,182.05925017211024,0.2716011848791286
34.39154649036202,34.95846205776318,202.51642548412946,0.2834201096193746
34.39154649036202,34.96146205776318,251.09124572118662,0.30887246133414475
34.39154649036202,34.96446205776318,292.4500042562586,0.3282972260527737
34.39154649036202,34.96746205776318,336.31553106666735,0.34717251035611413
34.39154649036202,34.97046205776318,375.9153999437917,0.3629799257009233
34.39154649036202,34.97346205776318,431.8968497299329,0.3837059863797329
34.39154649036202,34.97646205776318,510.7183433355135,0.41031665254070254
34.39154649036202,34.97946205776318,594.2536302179517,0.43594861047449085
34.39154649036202,34.98246205776318,628.7909156903261,0.44591190141467424
34.39154649036202,34.98546205776318,657.0457007539599,0.4538212122177558
34.39154649036202,34.98846205776318,690.3254580414304,0.46287968020633347
34.39154649036202,34.99146205776318,720.2695074016424,0.47080880037159123
34.39154649036202,34.99446205776318,717.3980160781471,0.47005711299450514
34.39154649036202,34.99746205776318,722.9768385677155,0.47151586953359703
34.39154649036202,35.00046205776318,721.4728135880192,0.471123262361866
34.39154649036202,35.00346205776318,714.9136850753661,0.46940531699090704
34.39154649036202,35.00646205776318,729.0093495591325,0.47308567695996323
34.39154649036202,35.00946205776318,733.7601660944332,0.47431647841458113
34.39154649036202,35.01246205776318,741.3338997210565,0.47626876953069597
34.39154649036202,35.01546205776318,754.4941246785041,0.47963283346958724
34.39154649036202,35.01846205776318,774.5536193529449,0.4846934551257238
34.39154649036202,35.02146205776318,779.2342831484436,0.4858629480155548
34.39154649036202,35.02446205776318,769.2470533808911,0.4833624362868079
34.39154649036202,35.02746205776318,757.1961909757011,0.480319179416115
34.39154649036202,35.03046205776318,750.4836834361213,0.47861142573381865
34.39154649036202,35.03346205776318,731.3067730733933,0.4736814730582683
34.39154649036202,35.03646205776318,668.6740239137271,0.4570169854676418
34.39154649036202,35.03946205776318,662.8836739771615,0.45542984750301096
34.39154649036202,35.04246205776318,632.4799051708168,0.4469564954728786
34.39154649036202,35.04546205776318,604.1072425851551,0.4388258243657594
34.39154649036202,35.04846205776318,625.7571288279617,0.44505007928212537
34.39154649036202,35.05146205776318,566.8018355700389,0.4277786046889675
34.39154649036202,35.05446205776318,495.6958328899953,0.40544567081701977
34.39154649036202,35.05746205776318,490.6881360157554,0.4038022954641896
34.39154649036202,35.06046205776318,428.36632129788336,0.3824482586549531
34.39154649036202,35.06346205776318,391.92445177028907,0.3690859423143179
34.39154649036202,35.06646205776318,330.1987413900889,0.3446328930541611
34.39154649036202,35.06946205776318,271.5376455384836,0.31869744339511696
34.39154649036202,35.07246205776318,213.8665882498296,0.2896701451086252
34.39154649036202,35.07546205776318,169.77274209881506,0.264115412739061
34.39154649036202,35.07846205776318,145.08888407186492,0.24802771743061588
34.39154649036202,35.08146205776318,113.89904441465086,0.22514100093693024
34.39154649036202,35.08446205776318,97.76210885556992,0.2117945521675979
34.39154649036202,35.08746205776318,81.78669453661546,0.19720577233728734
34.39154649036202,35.09046205776318,81.69536090739123,0.1971176525921897
34.39154649036202,35.09346205776318,63.511232975544516,0.1782324504001742
34.39154649036202,35.09646205776318,57.1492490442116,0.17086407963387953
34.39154649036202,35.09946205776318,38.0191625683947,0.14516020705875626
34.39154649036202,35.102462057763184,31.673368964197135,0.13493489154934385
34.39154649036202,35.105462057763184,21.93124760906719,0.11648550736869032
34.39154649036202,35.108462057763184,21.931247609067192,0.11648550736869032
34.39154649036202,35.111462057763184,15.681904480395115,0.10186056529527779
34.39154649036202,35.114462057763184,6.24881257238236,0.07049617601170712
34.39154649036202,35.117462057763184,3.188113151550387,0.05385921894871709
34.39154649036202,35.120462057763184,3.1771157037467272,0.05378482660313461
34.39154649036202,35.123462057763184,3.155750754632087,0.0536398603197559
34.39154649036202,35.126462057763185,3.155750754632087,0.0536398603197559
34.39454649036202,34.910462057763176,2.978861634110458,0.052416339995385655
34.39454649036202,34.91346205776318,2.978861634110458,0.052416339995385655
34.39454649036202,34.91646205776318,2.998074820401189,0.05255131006680658
34.39454649036202,34.91946205776318,2.998074820401189,0.05255131006680658
34.39454649036202,34.92246205776318,5.984052342255186,0.06928587625178678
34.39454649036202,34.92546205776318,14.981740248637633,0.10001645691437301
34.39454649036202,34.92846205776318,14.981740248637633,0.10001645691437301
34.39454649036202,34.93146205776318,21.037681901855017,0.11456335249477713
34.39454649036202,34.93446205776318,24.053795664686834,0.12087041335109462
34.39454649036202,34.93746205776318,33.147322122581,0.13741240472684685
34.39454649036202,34.94046205776318,51.217758162495684,0.16353653301190943
34.39454649036202,34.94346205776318,54.40197698063717,0.1675299401355423
34.39454649036202,34.94646205776318,66.47779350440447,0.18151695554429245
34.39454649036202,34.94946205776318,86.644450832903,0.20181008333517947
34.39454649036202,34.95246205776318,93.96657119689836,0.20846632592675537
34.39454649036202,34.95546205776318,134.85448942290708,0.24087555260040336
34.39454649036202,34.95846205776318,161.42101556609487,0.25883952280528527
34.39454649036202,34.96146205776318,204.84120474759237,0.2847170589881951
34.39454649036202,34.96446205776318,254.21931847914067,0.3104059092560137
34.39454649036202,34.96746205776318,294.51113481628215,0.3292207864442562
34.39454649036202,34.97046205776318,348.2486204255228,0.3520483573325183
34.39454649036202,34.97346205776318,389.5675284588539,0.3681965038278942
34.39454649036202,34.97646205776318,442.14432398338977,0.387322014524374
34.39454649036202,34.97946205776318,513.9490916702523,0.4113529361011174
34.39454649036202,34.98246205776318,580.2365061844944,0.43180590804437813
34.39454649036202,34.98546205776318,590.0954022878756,0.43472583738849685
34.39454649036202,34.98846205776318,628.9839583045543,0.445966655432387
34.39454649036202,34.99146205776318,625.1900950892841,0.44488872144232133
34.39454649036202,34.99446205776318,657.685013187944,0.453997789826565
34.39454649036202,34.99746205776318,657.6517552588612,0.4539886065518604
34.39454649036202,35.00046205776318,681.8440650471764,0.4605964498516505
34.39454649036202,35.00346205776318,683.2176461329556,0.4609673760857254
34.39454649036202,35.00646205776318,701.1531795668986,0.46577022636196347
34.39454649036202,35.00946205776318,690.6818587082557,0.46297525546320795
34.39454649036202,35.01246205776318,689.8340397226602,0.46274784896767507
34.39454649036202,35.01546205776318,695.0308867682045,0.46413914969640235
34.39454649036202,35.01846205776318,703.0992247960796,0.46628689310375293
34.39454649036202,35.02146205776318,725.8265846379729,0.4722584188512019
34.39454649036202,35.02446205776318,689.766270036453,0.4627296641875595
34.39454649036202,35.02746205776318,637.8830531668528,0.4484799025761725
34.39454649036202,35.03046205776318,656.1629277361302,0.4535772214496061
34.39454649036202,35.03346205776318,633.1054547465371,0.4471332666421163
34.39454649036202,35.03646205776318,595.6741305609803,0.43636514752077005
34.39454649036202,35.03946205776318,587.8091027363691,0.4340513219531314
34.39454649036202,35.04246205776318,552.2026192552945,0.42333672458546306
34.39454649036202,35.04546205776318,526.1802651579807,0.4152411475266505
34.39454649036202,35.04846205776318,501.2264029763031,0.40724910301127043
34.39454649036202,35.05146205776318,474.47080132622966,0.39841011588380265
34.39454649036202,35.05446205776318,428.4475151894753,0.38247725318169634
34.39454649036202,35.05746205776318,357.89480274937205,0.3559169876585741
34.39454649036202,35.06046205776318,312.0610404122061,0.3369320941046091
34.39454649036202,35.06346205776318,277.8346826293198,0.3216334015551559
34.39454649036202,35.06646205776318,213.1861383524609,0.28930114033963505
34.39454649036202,35.06946205776318,169.52864357882544,0.2639634495666744
34.39454649036202,35.07246205776318,139.77589054310457,0.244354008353247
34.39454649036202,35.07546205776318,123.60514595971823,0.23262756837058926
34.39454649036202,35.07846205776318,94.74070442630739,0.20915160621770723
34.39454649036202,35.08146205776318,79.67231257843676,0.19515043768586335
34.39454649036202,35.08446205776318,70.54105907155453,0.1858760139645851
34.39454649036202,35.08746205776318,64.07491806716808,0.1788635244652221
34.39454649036202,35.09046205776318,50.79781948958174,0.16299886809147673
34.39454649036202,35.09346205776318,44.42512162573816,0.15448915955633316
34.39454649036202,35.09646205776318,28.753013172382616,0.12981351383041248
34.39454649036202,35.09946205776318,22.15283904919348,0.11695487180095004
34.39454649036202,35.102462057763184,25.32955566266892,0.12339500755459946
34.39454649036202,35.105462057763184,15.827806095017987,0.10223858939564816
34.39454649036202,35.108462057763184,12.648376912810647,0.09346746841182928
34.39454649036202,35.111462057763184,9.388526756155354,0.082963208533283
34.39454649036202,35.114462057763184,3.188113151550387,0.05385921894871709
34.39454649036202,35.117462057763184,3.188113151550387,0.05385921894871709
34.39454649036202,35.120462057763184,3.1771157037467272,0.05378482660313461
34.39454649036202,35.123462057763184,3.155750754632087,0.0536398603197559
34.39754649036202,34.910462057763176,2.978861634110458,0.052416339995385655
34.39754649036202,34.91346205776318,2.990263048811636,0.05249649620175887
34.39754649036202,34.91646205776318,2.998074820401189,0.05255131006680658
34.39754649036202,34.91946205776318,5.984052342255186,0.06928587625178678
34.39754649036202,34.92246205776318,8.955677025372248,0.08141153240831828
34.39754649036202,34.92546205776318,8.988051882405024,0.08152912636814837
34.39754649036202,34.92846205776318,11.966856082539067,0.09141944651694699
34.39754649036202,34.93146205776318,12.054268852517318,0.09168597544133149
34.39754649036202,34.93446205776318,18.023256391907335,0.10769111281138807
34.39754649036202,34.93746205776318,24.115528797039378,0.1209944016334163
34.39754649036202,34.94046205776318,36.101342132165506,0.14218569315686175
34.39754649036202,34.94346205776318,39.12418989224162,0.14683334874570791
34.39754649036202,34.94646205776318,51.34095588654937,0.1636937660456789
34.39754649036202,34.94946205776318,63.41141860782706,0.1781203533536448
34.39754649036202,34.95246205776318,84.5808594835857,0.1998735830557185
34.39754649036202,34.95546205776318,127.23754849614323,0.23533833554041253
34.39754649036202,34.95846205776318,140.57591367076185,0.2449124858055445
34.39754649036202,34.96146205776318,172.67143776391967,0.26591005659105493
34.39754649036202,34.96446205776318,217.7828727504675,0.2917803556163995
34.39754649036202,34.96746205776318,255.89336421207906,0.31122191448715514
34.39754649036202,34.97046205776318,292.7831661785137,0.3284467747281653
34.39754649036202,34.97346205776318,322.4226300244812,0.34136325174531407
34.39754649036202,34.97646205776318,398.3481634845664,0.37149390095354146
34.39754649036202,34.97946205776318,457.67963377809514,0.392709308199327
34.39754649036202,34.98246205776318,481.21723862884136,0.4006664988366331
34.39754649036202,34.98546205776318,543.5954701291171,0.4206848691776614
34.39754649036202,34.98846205776318,552.5838707280933,0.4234536123558341
34.39754649036202,34.99146205776318,581.679435696512,0.4322351132158018
34.39754649036202,34.99446205776318,591.8455395675918,0.43524111271988364
34.39754649036202,34.99746205776318,602.9568449361491,0.4384913719014252
34.39754649036202,35.00046205776318,601.662294631629,0.43811455210982164
34.39754649036202,35.00346205776318,628.272859040998,0.44576491153770703
34.39754649036202,35.00646205776318,624.3055925385652,0.44463684774541773
34.39754649036202,35.00946205776318,639.4183101584254,0.44891135181574876
34.39754649036202,35.01246205776318,647.7908220071596,0.45125338903448264
34.39754649036202,35.01546205776318,633.0282088810693,0.44711144376238354
34.39754649036202,35.01846205776318,626.6852236041967,0.44531399318444675
34.39754649036202,35.02146205776318,606.5241906903818,0.4395272554116619
34.39754649036202,35.02446205776318,605.1964661451051,0.43914213981300054
34.39754649036202,35.02746205776318,575.3896105757776,0.4303594726894564
34.39754649036202,35.03046205776318,563.4005495044929,0.4267499381653712
34.39754649036202,35.03346205776318,539.1374154916568,0.419301435584088
34.39754649036202,35.03646205776318,555.3018037142874,0.4242855039648384
34.39754649036202,35.03946205776318,522.0013746505828,0.41391886360602104
34.39754649036202,35.04246205776318,506.7724940456319,0.4090456460060074
34.39754649036202,35.04546205776318,465.9249192232292,0.39552408616854134
34.39754649036202,35.04846205776318,393.0740152890582,0.3695185919934725
34.39754649036202,35.05146205776318,347.65830725230205,0.35180953420681693
34.39754649036202,35.05446205776318,319.4630493300371,0.3401064070973319
34.39754649036202,35.05746205776318,280.6850783291878,0.3229492576215856
34.39754649036202,35.06046205776318,229.17598784227988,0.2977928081939963
34.39754649036202,35.06346205776318,185.70739018543827,0.27376519598577514
34.39754649036202,35.06646205776318,145.16485850128132,0.24807966022430464
34.39754649036202,35.06946205776318,128.95618418507232,0.23660473408126126
34.39754649036202,35.07246205776318,101.855585448926,0.21529825016585424
34.39754649036202,35.07546205776318,86.66624707933082,0.20183038871122813
34.39754649036202,35.07846205776318,73.7308662802281,0.18919353635075492
34.39754649036202,35.08146205776318,70.56471627944273,0.18590094619682557
34.39754649036202,35.08446205776318,54.4627943855191,0.16760482948128422
34.39754649036202,35.08746205776318,38.35582672356118,0.14567301185814763
34.39754649036202,35.09046205776318,34.84151071269096,0.14017977268283532
34.39754649036202,35.09346205776318,25.547850365890213,0.12381928900985832
34.39754649036202,35.09646205776318,22.350893395950365,0.11737200277747442
34.39754649036202,35.09946205776318,19.169902373980282,0.11038104996326767
34.39754649036202,35.102462057763184,12.755944749319927,0.09378461764593556
34.39754649036202,35.105462057763184,9.48831715624651,0.08331481562339797
34.39754649036202,35.108462057763184,6.317627639040263,0.07080569179932783
34.39754649036202,35.111462057763184,3.1890129156629197,0.05386529859365076
34.39754649036202,35.114462057763184,3.188113151550387,0.05385921894871709
34.39754649036202,35.117462057763184,3.1771157037467272,0.05378482660313461
34.40054649036202,34.910462057763176,2.9683448648080244,0.052342239808610656
34.40054649036202,34.91346205776318,2.978861634110458,0.052416339995385655
34.40054649036202,34.91646205776318,2.998074820401189,0.05255131006680658
34.40054649036202,34.91946205776318,5.984052342255186,0.06928587625178678
34.40054649036202,34.92246205776318,8.955677025372248,0.08141153240831828
34.40054649036202,34.92546205776318,8.988051882405024,0.08152912636814837
34.40054649036202,34.92846205776318,9.022180407905148,0.08165281527045783
34.40054649036202,34.93146205776318,12.012555577482301,0.09155893330946732
34.40054649036202,34.93446205776318,12.043548862527995,0.09165335180901894
34.40054649036202,34.93746205776318,15.027366695670807,0.10013818464295227
34.40054649036202,34.94046205776318,24.070123095361325,0.12090322483066883
34.40054649036202,34.94346205776318,30.07954399270337,0.13217674710136204
34.40054649036202,34.94646205776318,36.194363675520215,0.14233212674481582
34.40054649036202,34.94946205776318,45.55052672965246,0.15604286722876703
34.40054649036202,34.95246205776318,75.41185126117736,0.19090724101481904
34.40054649036202,34.95546205776318,99.52700665162399,0.2133157573468137
34.40054649036202,34.95846205776318,119.88712374488705,0.22980293799134405
34.40054649036202,34.96146205776318,150.83817798888654,0.2519132851522348
34.40054649036202,34.96446205776318,200.8746063783832,0.28249877951461916
34.40054649036202,34.96746205776318,239.61070997014363,0.30314405158712104
34.40054649036202,34.97046205776318,256.1342519157695,0.3113390701174836
34.40054649036202,34.97346205776318,311.7085090240384,0.3367797913141651
34.40054649036202,34.97646205776318,347.6463195568048,0.3518046818226131
34.40054649036202,34.97946205776318,374.15636867128126,0.3622995687910223
34.40054649036202,34.98246205776318,431.9953081347492,0.3837409729705872
34.40054649036202,34.98546205776318,471.8067084585288,0.3975137953439583
34.40054649036202,34.98846205776318,504.76873046258646,0.40839793519040685
34.40054649036202,34.99146205776318,521.0559401877729,0.4136188291504428
34.40054649036202,34.99446205776318,503.4298344562001,0.4079642806749707
34.40054649036202,34.99746205776318,531.2742894263592,0.416844504201078
34.40054649036202,35.00046205776318,544.2558512469592,0.4208892205203591
34.40054649036202,35.00346205776318,531.7658649153557,0.41699873992711217
34.40054649036202,35.00646205776318,549.2791295880688,0.422438799264594
34.40054649036202,35.00946205776318,558.229241157257,0.42517879146095705
34.40054649036202,35.01246205776318,553.7267975172351,0.4238037322393764
34.40054649036202,35.01546205776318,575.2777045551055,0.43032599094046653
34.40054649036202,35.01846205776318,557.2246010747343,0.4248725498895505
34.40054649036202,35.02146205776318,508.0038291212949,0.40944290954476315
34.40054649036202,35.02446205776318,526.8343962578278,0.4154475565708029
34.40054649036202,35.02746205776318,523.2883911539961,0.4143267758593391
34.40054649036202,35.03046205776318,484.07224863153095,0.40161565625247697
34.40054649036202,35.03346205776318,486.72012809886974,0.4024929549075837
34.40054649036202,35.03646205776318,443.4563664826279,0.38778134983940005
34.40054649036202,35.03946205776318,408.0408794247007,0.37508356085261346
34.40054649036202,35.04246205776318,387.4844322501453,0.36740770848000825
34.40054649036202,35.04546205776318,343.6389947740561,0.35017693435660113
34.40054649036202,35.04846205776318,314.35550591245305,0.3379208499884724
34.40054649036202,35.05146205776318,249.33936983126233,0.3080086430077327
34.40054649036202,35.05446205776318,229.71655687359743,0.2980735772268542
34.40054649036202,35.05746205776318,210.83604350282639,0.2880212318242433
34.40054649036202,35.06046205776318,165.70763567082184,0.2615673718168916
34.40054649036202,35.06346205776318,130.8345563791678,0.23797730765047542
34.40054649036202,35.06646205776318,101.89258736644348,0.2153295320244433
34.40054649036202,35.06946205776318,79.10941210511051,0.19459775389559753
34.40054649036202,35.07246205776318,67.66678503331221,0.18280866516297045
34.40054649036202,35.07546205776318,60.93346446612301,0.17530282261694968
34.40054649036202,35.07846205776318,54.48577336752723,0.16763311228256214
34.40054649036202,35.08146205776318,41.55159068588553,0.15041170076906785
34.40054649036202,35.08446205776318,28.75456246649566,0.12981631167369373
34.40054649036202,35.08746205776318,22.515512304894006,0.1177170292642894
34.40054649036202,35.09046205776318,22.50435657913749,0.11769369576644645
34.40054649036202,35.09346205776318,16.063220413369407,0.10284415348130428
34.40054649036202,35.09646205776318,12.840174687236642,0.09403183975400639
34.40054649036202,35.09946205776318,9.567630390546691,0.08359269293202633
34.40054649036202,35.102462057763184,9.567630390546691,0.08359269293202633
34.40054649036202,35.105462057763184,6.317627639040263,0.07080569179932783
34.40054649036202,35.108462057763184,3.1890129156629197,0.05386529859365076
34.40054649036202,35.111462057763184,3.188113151550387,0.05385921894871709
34.40354649036202,34.91346205776318,2.9683448648080244,0.052342239808610656
34.40354649036202,34.91646205776318,2.978861634110458,0.052416339995385655
34.40354649036202,34.91946205776318,5.962571978841573,0.06918628543957561
34.40354649036202,34.92246205776318,8.955677025372248,0.08141153240831828
34.40354649036202,34.92546205776318,8.955677025372248,0.08141153240831828
34.40354649036202,34.92846205776318,12.012555577482303,0.09155893330946732
34.40354649036202,34.93146205776318,12.012555577482303,0.09155893330946732
34.40354649036202,34.93446205776318,12.043548862527995,0.09165335180901894
34.40354649036202,34.93746205776318,12.064145785836725,0.09171601803529861
34.40354649036202,34.94046205776318,21.054489087529987,0.11459995398453923
34.40354649036202,34.94346205776318,24.03620499134034,0.12083504831118236
34.40354649036202,34.94646205776318,36.1934878092079,0.1423307490184811
34.40354649036202,34.94946205776318,42.17871527364061,0.15131566796129367
34.40354649036202,34.95246205776318,69.35681281460546,0.1846214728918026
34.40354649036202,34.95546205776318,84.4531251604107,0.1997527883827469
34.40354649036202,34.95846205776318,102.9807893665257,0.21624648003799204
34.40354649036202,34.96146205776318,124.41631654615745,0.2332370265758402
34.40354649036202,34.96446205776318,170.55187754860015,0.26459958717727333
34.40354649036202,34.96746205776318,216.70905485070483,0.2912040317757577
34.40354649036202,34.97046205776318,246.4757836294356,0.3065887839033473
34.40354649036202,34.97346205776318,273.459149046324,0.3195976251902623
34.40354649036202,34.97646205776318,292.9287010020778,0.32851206989908593
34.40354649036202,34.97946205776318,341.38626130197497,0.349256884922876
34.40354649036202,34.98246205776318,372.47990206735426,0.36164935772621276
34.40354649036202,34.98546205776318,427.56667469174715,0.3821625266774303
34.40354649036202,34.98846205776318,440.81001558759687,0.38685404456049677
34.40354649036202,34.99146205776318,455.5059431415087,0.39196219355133993
34.40354649036202,34.99446205776318,445.7263312207605,0.38857412404446373
34.40354649036202,34.99746205776318,459.4444311343013,0.3933143185396581
34.40354649036202,35.00046205776318,470.1462258683249,0.3969535973239639
34.40354649036202,35.00346205776318,484.4034641102536,0.40172555226666523
34.40354649036202,35.00646205776318,461.69231405699315,0.3940829252762259
34.40354649036202,35.00946205776318,469.0007572998556,0.3965664576423931
34.40354649036202,35.01246205776318,470.3134331061791,0.3970100618284481
34.40354649036202,35.01546205776318,469.3295356564062,0.39667763448486576
34.40354649036202,35.01846205776318,463.5781420418733,0.39472600630331556
34.40354649036202,35.02146205776318,424.3949205746677,0.3810260173258247
34.40354649036202,35.02446205776318,422.8892968438334,0.3804847351207102
34.40354649036202,35.02746205776318,442.40295149918825,0.3874126225472298
34.40354649036202,35.03046205776318,385.929701095966,0.3668173268053403
34.40354649036202,35.03346205776318,351.0491780859871,0.3531780827128895
34.40354649036202,35.03646205776318,334.50427464547545,0.3464234074741565
34.40354649036202,35.03946205776318,284.0347301273776,0.32448538363838014
34.40354649036202,35.04246205776318,278.90167119791636,0.3221269102655732
34.40354649036202,35.04546205776318,259.5156681232954,0.31297669034624476
34.40354649036202,35.04846205776318,214.16127258731606,0.289829732439991
34.40354649036202,35.05146205776318,188.9595075307834,0.2756728903545955
34.40354649036202,35.05446205776318,160.42914031946626,0.2582021551405532
34.40354649036202,35.05746205776318,138.04641765628526,0.24314011444861583
34.40354649036202,35.06046205776318,111.7378068768142,0.22342235107252117
34.40354649036202,35.06346205776318,89.64324762699769,0.2045754867313592
34.40354649036202,35.06646205776318,64.41124403325313,0.17923847295566203
34.40354649036202,35.06946205776318,48.333846757907125,0.15978908309960763
34.40354649036202,35.07246205776318,48.094776915611774,0.1594724719604122
34.40354649036202,35.07546205776318,38.45905011468422,0.14582969980648344
34.40354649036202,35.07846205776318,28.90281815611123,0.13008362673738216
34.40354649036202,35.08146205776318,19.38083415598545,0.11086527700963661
34.40354649036202,35.08446205776318,22.501464459676075,0.11768764542946515
34.40354649036202,35.08746205776318,16.04918515126371,0.10280819996381607
34.40354649036202,35.09046205776318,12.835001173141094,0.09401668314202913
34.40354649036202,35.09346205776318,9.626181098585011,0.08379694224853607
34.40354649036202,35.09646205776318,9.567630390546691,0.08359269293202633
34.40354649036202,35.09946205776318,9.567630390546691,0.08359269293202633
34.40354649036202,35.102462057763184,3.187125500669059,0.0538525442734998
34.40354649036202,35.105462057763184,3.187125500669059,0.0538525442734998
34.40354649036202,35.108462057763184,3.187125500669059,0.0538525442734998
34.40354649036202,35.111462057763184,3.1663717999517735,0.0537120000079628
34.40654649036202,34.91646205776318,2.9683448648080244,0.052342239808610656
34.40654649036202,34.91946205776318,2.9683448648080244,0.052342239808610656
34.40654649036202,34.92246205776318,8.955677025372248,0.08141153240831828
34.40654649036202,34.92546205776318,5.987332160564224,0.0693010638014917
34.40654649036202,34.92846205776318,8.955566390063124,0.08141113011496136
34.40654649036202,34.93146205776318,9.022292528670665,0.08165322115646806
34.40654649036202,34.93446205776318,9.045474042126806,0.08173707515321949
34.40654649036202,34.93746205776318,9.045474042126806,0.08173707515321949
34.40654649036202,34.94046205776318,11.98958373539163,0.09148885712233235
34.40654649036202,34.94346205776318,18.040243025389167,0.1077317002047889
34.40654649036202,34.94646205776318,23.041598966576455,0.11880961971364797
34.40654649036202,34.94946205776318,30.14703595712554,0.13229529770895337
34.40654649036202,34.95246205776318,57.309853365297755,0.1710559870288844
34.40654649036202,34.95546205776318,69.37194946636379,0.18463758878803632
34.40654649036202,34.95846205776318,90.4583543018664,0.20531753110508005
34.40654649036202,34.96146205776318,108.49047906209879,0.22080210588649263
34.40654649036202,34.96446205776318,134.9024975097067,0.24090984953687605
34.40654649036202,34.96746205776318,185.63644091492836,0.2737233545327436
34.40654649036202,34.97046205776318,218.43868520830443,0.29213149544574685
34.40654649036202,34.97346205776318,217.03478037658508,0.2913790311086168
34.40654649036202,34.97646205776318,252.88097400725917,0.30975121787142745
34.40654649036202,34.97946205776318,297.1689233806783,0.3304059934783768
34.40654649036202,34.98246205776318,323.25551407930175,0.34171570340575086
34.40654649036202,34.98546205776318,335.95181016694755,0.3470222765680427
34.40654649036202,34.98846205776318,348.27389585424675,0.3520585775934508
34.40654649036202,34.99146205776318,385.8019754959063,0.36676876188209884
34.40654649036202,34.99446205776318,390.59972133820133,0.36858642148314974
34.40654649036202,34.99746205776318,410.07354225925747,0.3758298410118395
34.40654649036202,35.00046205776318,418.9023930094808,0.3790458070404377
34.40654649036202,35.00346205776318,423.764157956988,0.38079939424183357
34.40654649036202,35.00646205776318,410.869546363564,0.37612148437036513
34.40654649036202,35.00946205776318,407.6937309724457,0.37495588450176615
34.40654649036202,35.01246205776318,376.08295788123354,0.36304463391639574
34.40654649036202,35.01546205776318,371.9404563900965,0.36143976251398774
34.40654649036202,35.01846205776318,358.7853276175167,0.35627096502167643
34.40654649036202,35.02146205776318,336.333471686264,0.3471799181499188
34.40654649036202,35.02446205776318,324.3914217281658,0.34219550843707597
34.40654649036202,35.02746205776318,304.9221743075969,0.33382754109678703
34.40654649036202,35.03046205776318,284.2661362315606,0.3245911024762935
34.40654649036202,35.03346205776318,264.82909255845533,0.31552431846550777
34.40654649036202,35.03646205776318,231.17339820272753,0.2988282855700278
34.40654649036202,35.03946205776318,224.18518331160385,0.2951816274277806
34.40654649036202,35.04246205776318,198.97946134803476,0.2814296565704432
34.40654649036202,35.04546205776318,171.3142016430827,0.2650720318263141
34.40654649036202,35.04846205776318,152.5130857838793,0.2530284782841211
34.40654649036202,35.05146205776318,123.03115747319065,0.23219486138648082
34.40654649036202,35.05446205776318,110.3748371970496,0.22232821990089205
34.40654649036202,35.05746205776318,81.75634116622602,0.19717649360693418
34.40654649036202,35.06046205776318,66.86098767626802,0.1819347571738087
34.40654649036202,35.06346205776318,52.74473495874216,0.16546959582832518
34.40654649036202,35.06646205776318,41.822823120284646,0.1508036657161141
34.40654649036202,35.06946205776318,32.07695349461939,0.13562002064883916
34.40654649036202,35.07246205776318,27.20126481625585,0.12696446873748904
34.40654649036202,35.07546205776318,19.27080551833673,0.11061308571304285
34.40654649036202,35.07846205776318,19.344671267715025,0.1107824848021216
34.40654649036202,35.08146205776318,12.89062593141621,0.09417945279162272
34.40654649036202,35.08446205776318,16.11646315042899,0.10298037196794126
34.40654649036202,35.08746205776318,9.663159531967779,0.0839255546605328
34.40654649036202,35.09046205776318,6.410171226801827,0.07121876077047455
34.40654649036202,35.09346205776318,6.410171226801827,0.07121876077047455
34.40654649036202,35.09646205776318,3.2016805958319186,0.053950784223924304
34.40654649036202,35.09946205776318,3.2016805958319186,0.053950784223924304
34.40654649036202,35.102462057763184,3.2016805958319186,0.053950784223924304
34.40654649036202,35.105462057763184,3.187125500669059,0.0538525442734998
34.40954649036202,34.92546205776318,2.9792123032807103,0.052418808071801486
34.40954649036202,34.92846205776318,2.9981069452403966,0.052551535304275344
34.40954649036202,34.93146205776318,5.961339276029577,0.06918056365245971
34.40954649036202,34.93446205776318,6.00565823693465,0.06938583292874011
34.40954649036202,34.93746205776318,8.990738075450654,0.08153887189889153
34.40954649036202,34.94046205776318,11.98958373539163,0.09148885712233235
34.40954649036202,34.94346205776318,16.99226331579188,0.10518336295958976
34.40954649036202,34.94646205776318,19.98712991791672,0.1122397613328199
34.40954649036202,34.94946205776318,27.1342291256842,0.12683921791949504
34.40954649036202,34.95246205776318,45.08641577642433,0.15540494895803966
34.40954649036202,34.95546205776318,63.205985864544,0.1778893074071359
34.40954649036202,34.95846205776318,81.25039880590371,0.19668750028978174
34.40954649036202,34.96146205776318,90.40211465764052,0.20526646168468685
34.40954649036202,34.96446205776318,111.61277812840547,0.22332231832486107
34.40954649036202,34.96746205776318,148.13821760773476,0.25009983565043775
34.40954649036202,34.97046205776318,177.77287292649027,0.2690250722787522
34.40954649036202,34.97346205776318,184.29081281015084,0.27292796344449627
34.40954649036202,34.97646205776318,215.06423586204352,0.29031791653881356
34.40954649036202,34.97946205776318,238.84980010482337,0.30275861735795867
34.40954649036202,34.98246205776318,254.8285917331952,0.31070326858436365
34.40954649036202,34.98546205776318,288.139340788154,0.32635298073478913
34.40954649036202,34.98846205776318,315.19324966979667,0.3382807801576357
34.40954649036202,34.99146205776318,312.6896002757445,0.3372033925087868
34.40954649036202,34.99446205776318,330.68687178935994,0.34483659006845707
34.40954649036202,34.99746205776318,356.9480523534556,0.35554008099304013
34.40954649036202,35.00046205776318,345.4425933386322,0.3509109452724087
34.40954649036202,35.00346205776318,340.8925084390816,0.34905474267183795
34.40954649036202,35.00646205776318,318.2041959805031,0.3395696923926557
34.40954649036202,35.00946205776318,301.4645939829539,0.3323082210899686
34.40954649036202,35.01246205776318,288.94402795734675,0.3267172383380642
34.40954649036202,35.01546205776318,276.47324102194347,0.32100204697515833
34.40954649036202,35.01846205776318,255.4543307787061,0.31100822044566473
34.40954649036202,35.02146205776318,239.26485178514181,0.30296895042085653
34.40954649036202,35.02446205776318,224.43461187125837,0.29531295130299656
34.40954649036202,35.02746205776318,199.22640539508663,0.28156931223142073
34.40954649036202,35.03046205776318,194.00266066131934,0.27859263742596224
34.40954649036202,35.03346205776318,190.24337515910224,0.27642058215185017
34.40954649036202,35.03646205776318,165.19690329120343,0.2612445993568048
34.40954649036202,35.03946205776318,159.21643124124878,0.25741966123677407
34.40954649036202,35.04246205776318,155.26689641233588,0.2548461688857731
34.40954649036202,35.04546205776318,122.76648257886312,0.2319949254999466
34.40954649036202,35.04846205776318,110.17692764177514,0.2221686742222893
34.40954649036202,35.05146205776318,88.06431970524189,0.20312648539313
34.40954649036202,35.05446205776318,69.00178130253762,0.18424286625344147
34.40954649036202,35.05746205776318,59.476931389359976,0.17361449517968244
34.40954649036202,35.06046205776318,46.38415874355182,0.15717896840730636
34.40954649036202,35.06346205776318,36.942822278294216,0.14350220972796607
34.40954649036202,35.06646205776318,28.42166090330553,0.12921303926930686
34.40954649036202,35.06946205776318,22.110030907675146,0.1168644179114945
34.40954649036202,35.07246205776318,16.135340592968518,0.10302860397393955
34.40954649036202,35.07546205776318,9.707373760897546,0.0840789464168859
34.40954649036202,35.07846205776318,9.676100925613211,0.08397049555482501
34.40954649036202,35.08146205776318,9.679442808267146,0.08398209487460732
34.40954649036202,35.08446205776318,6.427181291326407,0.07129429526926294
34.40954649036202,35.08746205776318,3.223045726132767,0.054094504513593385
34.40954649036202,35.09046205776318,3.222370841443132,0.05408997341480287
34.40954649036202,35.09346205776318,3.208040319799375,0.05399362520536913
34.40954649036202,35.09646205776318,3.2016805958319186,0.053950784223924304
34.40954649036202,35.09946205776318,3.2016805958319186,0.053950784223924304
34.40954649036202,35.102462057763184,3.187125500669059,0.0538525442734998
34.40954649036202,35.105462057763184,3.187125500669059,0.0538525442734998
34.41254649036202,34.92846205776318,2.990375169577153,0.05249728354133907
34.41254649036202,34.93146205776318,2.9981069452403966,0.052551535304275344
34.41254649036202,34.93446205776318,3.0032227484397227,0.05258738536842066
34.41254649036202,34.93746205776318,3.0032227484397227,0.05258738536842066
34.41254649036202,34.94046205776318,8.990738075450654,0.08153887189889153
34.41254649036202,34.94346205776318,11.042799526675179,0.08852750724726326
34.41254649036202,34.94646205776318,20.015577734193236,0.11230363471096068
34.41254649036202,34.94946205776318,24.065971043982685,0.12089488216653246
34.41254649036202,34.95246205776318,36.15398632401012,0.14226859288786456
34.41254649036202,34.95546205776318,57.11820189881626,0.17082694384055316
34.41254649036202,34.95846205776318,69.24105547629726,0.1844981569570307
34.41254649036202,34.96146205776318,78.34287767960399,0.1938413243712128
34.41254649036202,34.96446205776318,96.53658524256016,0.2107285279570414
34.41254649036202,34.96746205776318,96.70964943097941,0.2108795586414885
34.41254649036202,34.97046205776318,130.20534992814123,0.23751885553981994
34.41254649036202,34.97346205776318,157.67614015360894,0.2564206238106082
34.41254649036202,34.97646205776318,170.22240342845197,0.2643950059239653
34.41254649036202,34.97946205776318,200.17527480262197,0.2821049675896313
34.41254649036202,34.98246205776318,195.11509313297293,0.27923053381919677
34.41254649036202,34.98546205776318,230.6123842184174,0.29853799428085803
34.41254649036202,34.98846205776318,244.41021225769697,0.3055584509275866
34.41254649036202,34.99146205776318,241.74807373264397,0.30422280708076144
34.41254649036202,34.99446205776318,258.5200958762341,0.31249587121302536
34.41254649036202,34.99746205776318,265.288698073949,0.3157432389524879
34.41254649036202,35.00046205776318,271.0718747377941,0.318478665009312
34.41254649036202,35.00346205776318,262.4902745244036,0.3144067397636191
34.41254649036202,35.00646205776318,233.8972423326601,0.3002317384310609
34.41254649036202,35.00946205776318,219.3974585668998,0.2926437123110957
34.41254649036202,35.01246205776318,213.88799432344018,0.28968174208470227
34.41254649036202,35.01546205776318,199.72257528149083,0.2818496003208277
34.41254649036202,35.01846205776318,179.83496476422576,0.27026898710905584
34.41254649036202,35.02146205776318,179.57428866797102,0.27011221375796973
34.41254649036202,35.02446205776318,170.32994724359173,0.2644618094930125
34.41254649036202,35.02746205776318,151.71134116618418,0.2524955796148433
34.41254649036202,35.03046205776318,145.30648576632865,0.24817644553698687
34.41254649036202,35.03346205776318,130.69531959444805,0.2378759711808969
34.41254649036202,35.03646205776318,124.45347527719453,0.23326488792317426
34.41254649036202,35.03946205776318,102.20356562882593,0.2155921677803327
34.41254649036202,35.04246205776318,91.47470246886552,0.20623718042927572
34.41254649036202,35.04546205776318,82.01572916021934,0.19742648824295528
34.41254649036202,35.04846205776318,63.86059781801114,0.17862397606505112
34.41254649036202,35.05146205776318,57.54821185224094,0.17134020960437013
34.41254649036202,35.05446205776318,46.69984352577117,0.15760599406123768
34.41254649036202,35.05746205776318,40.389197940809964,0.14871427285229327
34.41254649036202,35.06046205776318,34.03068336268825,0.13886564907017468
34.41254649036202,35.06346205776318,18.95555110595501,0.10988568670445362
34.41254649036202,35.06646205776318,18.96714380279778,0.10991256300687122
34.41254649036202,35.06946205776318,15.800089542822782,0.10216693849903487
34.41254649036202,35.07246205776318,9.700318337766562,0.08405449729381212
34.41254649036202,35.07546205776318,9.676100925613211,0.08397049555482501
34.41254649036202,35.07846205776318,9.676100925613211,0.08397049555482501
34.41254649036202,35.08146205776318,3.2422256871239936,0.054223039342375635
34.41254649036202,35.08446205776318,3.2422256871239936,0.054223039342375635
34.41254649036202,35.08746205776318,3.222370841443132,0.05408997341480287
34.41254649036202,35.09046205776318,3.222370841443132,0.05408997341480287
34.41254649036202,35.09346205776318,3.208040319799375,0.05399362520536913
34.41254649036202,35.09646205776318,3.2016805958319186,0.053950784223924304
34.41254649036202,35.09946205776318,3.2016805958319186,0.053950784223924304
34.41554649036202,34.93146205776318,2.9792123032807103,0.052418808071801486
34.41554649036202,34.93446205776318,2.9981069452403966,0.052551535304275344
34.41554649036202,34.93746205776318,3.0032227484397227,0.05258738536842066
34.41554649036202,34.94046205776318,5.966587196293717,0.06920491779358863
34.41554649036202,34.94346205776318,7.973076535356161,0.07771358316342691
34.41554649036202,34.94646205776318,12.052307603415553,0.09168000816726467
34.41554649036202,34.94946205776318,12.052307603415553,0.09168000816726467
34.41554649036202,34.95246205776318,21.166961996109297,0.1148444394667043
34.41554649036202,34.95546205776318,39.17699021870942,0.1469125806700517
34.41554649036202,34.95846205776318,51.18982663382113,0.16350085341124324
34.41554649036202,34.96146205776318,57.228055610659,0.17095828661202345
34.41554649036202,34.96446205776318,62.36163233415208,0.17693491841676992
34.41554649036202,34.96746205776318,83.59091073405655,0.19893453501493716
34.41554649036202,34.97046205776318,93.78850532305542,0.2083082192195645
34.41554649036202,34.97346205776318,109.0654716023383,0.22126945848825239
34.41554649036202,34.97646205776318,118.5987537359322,0.2288119016419295
34.41554649036202,34.97946205776318,137.08874955652772,0.24246401162546916
34.41554649036202,34.98246205776318,158.81936108220526,0.25716267710475216
34.41554649036202,34.98546205776318,159.03649915693188,0.2573032567459791
34.41554649036202,34.98846205776318,177.7792882970037,0.2690289556087633
34.41554649036202,34.99146205776318,199.5162769204988,0.28173311246101
34.41554649036202,34.99446205776318,190.74545531452503,0.2767121572160874
34.41554649036202,34.99746205776318,169.44212988169807,0.2639095590840716
34.41554649036202,35.00046205776318,190.66490661083392,0.276665410875906
34.41554649036202,35.00346205776318,181.6504139622479,0.2713570549158134
34.41554649036202,35.00646205776318,184.4120751984714,0.2729997833369715
34.41554649036202,35.00946205776318,156.70506217622878,0.2557877671215102
34.41554649036202,35.01246205776318,150.84952700792286,0.25192086653296225
34.41554649036202,35.01546205776318,135.49219671375602,0.2413305340475639
34.41554649036202,35.01846205776318,135.61772325666578,0.24141994132842778
34.41554649036202,35.02146205776318,126.69102512879279,0.23493347387000157
34.41554649036202,35.02446205776318,116.3441752950846,0.22706197891793625
34.41554649036202,35.02746205776318,97.51633128306149,0.21158140756910163
34.41554649036202,35.03046205776318,92.29261429611648,0.20697283078515832
34.41554649036202,35.03346205776318,88.17731155502014,0.2032306947207622
34.41554649036202,35.03646205776318,75.53555359654851,0.1910324418148355
34.41554649036202,35.03946205776318,66.01797352170081,0.18101369599471295
34.41554649036202,35.04246205776318,59.7203648041028,0.17389838197191448
34.41554649036202,35.04546205776318,53.26203239537767,0.1661168373578876
34.41554649036202,35.04846205776318,50.08361203126662,0.16207827932452437
34.41554649036202,35.05146205776318,37.11898061155906,0.14377552982536426
34.41554649036202,35.05446205776318,35.18388661905036,0.14072915674488887
34.41554649036202,35.05746205776318,25.459090271984422,0.12364703674252789
34.41554649036202,35.06046205776318,25.459090271984422,0.12364703674252789
34.41554649036202,35.06346205776318,18.95555110595501,0.10988568670445362
34.41554649036202,35.06646205776318,12.605352126644963,0.09334016262029406
34.41554649036202,35.06946205776318,9.700318337766562,0.08405449729381212
34.41554649036202,35.07246205776318,6.461929530602827,0.0714482255575874
34.41554649036202,35.07546205776318,3.253641849970583,0.05429932846543718
34.41554649036202,35.07846205776318,3.253641849970583,0.05429932846543718
34.41554649036202,35.08146205776318,3.2422256871239936,0.054223039342375635
34.41554649036202,35.08446205776318,3.2422256871239936,0.054223039342375635
34.41554649036202,35.08746205776318,3.222370841443132,0.05408997341480287
34.41554649036202,35.09046205776318,3.222370841443132,0.05408997341480287
34.41554649036202,35.09346205776318,3.2016805958319186,0.053950784223924304
34.41854649036202,34.94646205776318,9.028156724258617,0.08167444578968977
34.41854649036202,34.94946205776318,9.028156724258617,0.08167444578968977
34.41854649036202,34.95246205776318,12.095405744271687,0.09181100406622351
34.41854649036202,34.95546205776318,27.161790538739297,0.12689073666160855
34.41854649036202,34.95846205776318,36.14427706740449,0.14225330900114458
34.41854649036202,34.96146205776318,39.19041460416457,0.14693271502338343
34.41854649036202,34.96446205776318,54.322529140059416,0.16743203393042458
34.41854649036202,34.96746205776318,63.42574192556343,0.1781364457332781
34.41854649036202,34.97046205776318,63.4348921048795,0.17814672490278813
34.41854649036202,34.97346205776318,60.623041673197335,0.1749450462258648
34.41854649036202,34.97646205776318,60.88683026906847,0.17524914449962548
34.41854649036202,34.97946205776318,79.25748843327028,0.19474337073359488
34.41854649036202,34.98246205776318,113.01541204720505,0.22444070772059746
34.41854649036202,34.98546205776318,119.30395464802359,0.22935514996356116
34.41854649036202,34.98846205776318,119.53423879977002,0.22953213086296292
34.41854649036202,34.99146205776318,122.78127128204316,0.23200610373048725
34.41854649036202,34.99446205776318,138.41837323922795,0.24340195195649006
34.41854649036202,34.99746205776318,126.35016493318427,0.23468043558745474
34.41854649036202,35.00046205776318,132.7236354044321,0.23934583138378931
34.41854649036202,35.00346205776318,126.95447244655264,0.23512876481669992
34.41854649036202,35.00646205776318,124.15578043983007,0.23304153811908937
34.41854649036202,35.00946205776318,112.07454443388636,0.22369143380759224
34.41854649036202,35.01246205776318,97.13990257473505,0.21125433316674805
34.41854649036202,35.01546205776318,97.269721617588,0.21136721715020124
34.41854649036202,35.01846205776318,85.32840924731111,0.20057833415230558
34.41854649036202,35.02146205776318,77.30716859506904,0.19281218105244624
34.41854649036202,35.02446205776318,66.67455135287454,0.18173166317246975
34.41854649036202,35.02746205776318,63.61142578703774,0.17834486620527845
34.41854649036202,35.03046205776318,54.13830032565364,0.16720467157806349
34.41854649036202,35.03346205776318,50.96811901452584,0.16321722991625864
34.41854649036202,35.03646205776318,50.997546476866596,0.16325491808126305
34.41854649036202,35.03946205776318,38.31557006372854,0.14561183568857933
34.41854649036202,35.04246205776318,35.1897397020702,0.14073852078521648
34.41854649036202,35.04546205776318,31.85052647633036,0.13523627707354052
34.41854649036202,35.04846205776318,25.56630785089704,0.12385506340953736
34.41854649036202,35.05146205776318,25.56630785089704,0.12385506340953736
34.41854649036202,35.05446205776318,25.56630785089704,0.12385506340953736
34.41854649036202,35.05746205776318,25.459090271984422,0.12364703674252789
34.41854649036202,35.06046205776318,15.909177691694794,0.10244851163652152
34.41854649036202,35.06346205776318,12.730594060975882,0.09371001953019556
34.41854649036202,35.06646205776318,6.4455514529179725,0.07137573479117426
34.41854649036202,35.06946205776318,3.257115712230532,0.05432251085763679
34.41854649036202,35.07246205776318,3.257115712230532,0.05432251085763679
34.41854649036202,35.07546205776318,3.253641849970583,0.05429932846543718
34.41854649036202,35.07846205776318,3.253641849970583,0.05429932846543718
34.41854649036202,35.08146205776318,3.253641849970583,0.05429932846543718
34.41854649036202,35.08446205776318,3.2422256871239936,0.054223039342375635
34.41854649036202,35.08746205776318,3.222370841443132,0.05408997341480287
34.41854649036202,35.09046205776318,3.222370841443132,0.05408997341480287
34.42154649036202,34.94946205776318,6.056198909405486,0.06961881273343255
34.42154649036202,34.95246205776318,12.095405744271687,0.09181100406622351
34.42154649036202,34.95546205776318,15.119194113330806,0.10038250232582271
34.42154649036202,34.95846205776318,24.160559401257245,0.12108472354919708
34.42154649036202,34.96146205776318,27.14902640175754,0.1268668813986636
34.42154649036202,34.96446205776318,30.1323988994736,0.13226960103977387
34.42154649036202,34.96746205776318,39.19996439060232,0.14694703560151812
34.42154649036202,34.97046205776318,33.4228209306592,0.13786810340553085
34.42154649036202,34.97346205776318,39.668111973417,0.14764650550699113
34.42154649036202,34.97646205776318,42.55308040747943,0.15185145654256885
34.42154649036202,34.97946205776318,42.616831584352965,0.15194241457878757
34.42154649036202,34.98246205776318,48.793314398275314,0.16039494914922797
34.42154649036202,34.98546205776318,57.99367950461903,0.17186950494603626
34.42154649036202,34.98846205776318,67.39593692239077,0.18251562351995954
34.42154649036202,34.99146205776318,64.35740422107344,0.17917852946693671
34.42154649036202,34.99446205776318,73.66495238420075,0.18912586412707727
34.42154649036202,34.99746205776318,73.68894884170629,0.18915050492126625
34.42154649036202,35.00046205776318,70.92406603509139,0.18627904834588913
34.42154649036202,35.00346205776318,77.3006049520497,0.19280563272019952
34.42154649036202,35.00646205776318,71.16605990439423,0.18653302323231793
34.42154649036202,35.00946205776318,62.38774402303045,0.17696454874652065
34.42154649036202,35.01246205776318,59.552847174034184,0.1737031012114924
34.42154649036202,35.01546205776318,65.9451538657658,0.18093380430009487
34.42154649036202,35.01846205776318,53.20253472792656,0.16604258650352788
34.42154649036202,35.02146205776318,47.0225644193303,0.15804075087124186
34.42154649036202,35.02446205776318,44.00164467561871,0.15389840691335702
34.42154649036202,35.02746205776318,35.055313087055026,0.14052322247538038
34.42154649036202,35.03046205776318,35.0763220159152,0.14055690309612648
34.42154649036202,35.03346205776318,31.900529367773416,0.1353211613558424
34.42154649036202,35.03646205776318,28.711069045203953,0.12973773326125462
34.42154649036202,35.03946205776318,28.740583831427866,0.1297910646254267
34.42154649036202,35.04246205776318,25.589968375695697,0.12390089971266956
34.42154649036202,35.04546205776318,22.391174641193214,0.11745656918094065
34.42154649036202,35.04846205776318,22.24717288346843,0.11715383030081078
34.42154649036202,35.05146205776318,22.391198694538176,0.11745661965122658
34.42154649036202,35.05446205776318,15.998764408357584,0.10267888350233749
34.42154649036202,35.05746205776318,15.891479556342151,0.10240290895032712
34.42154649036202,35.06046205776318,9.511112184058483,0.08339482123350883
34.42154649036202,35.06346205776318,6.329550349675598,0.07085911174428844
34.42154649036202,35.06646205776318,3.257115712230532,0.05432251085763679
34.42154649036202,35.06946205776318,3.257115712230532,0.05432251085763679
34.42154649036202,35.07246205776318,3.257115712230532,0.05432251085763679
34.42154649036202,35.07546205776318,3.253641849970583,0.05429932846543718
34.42154649036202,35.07846205776318,3.253641849970583,0.05429932846543718
34.42154649036202,35.08146205776318,3.2422256871239936,0.054223039342375635
34.42154649036202,35.08446205776318,3.222370841443132,0.05408997341480287
34.42454649036202,34.94946205776318,3.0328844910041295,0.052794527633166735
34.42454649036202,34.95246205776318,9.088916405209243,0.0818938717425432
34.42454649036202,34.95546205776318,15.136617589094921,0.10042875896575126
34.42454649036202,34.95846205776318,18.153153875225414,0.10800090531168927
34.42454649036202,34.96146205776318,15.129839456824058,0.10041076786893866
34.42454649036202,34.96446205776318,18.272516944088295,0.10828440379268389
34.42454649036202,34.96746205776318,21.15294550608035,0.11481401401719665
34.42454649036202,34.97046205776318,21.166818279946455,0.11484412756486811
34.42454649036202,34.97346205776318,21.329933795371566,0.11519731675431388
34.42454649036202,34.97646205776318,24.253575894605326,0.12127097577041657
34.42454649036202,34.97946205776318,30.379829747258512,0.13270298582962012
34.42454649036202,34.98246205776318,36.529891849569886,0.14285844380937027
34.42454649036202,34.98546205776318,30.610594636345024,0.1331052749450781
34.42454649036202,34.98846205776318,30.717339309583018,0.13329074592700743
34.42454649036202,34.99146205776318,45.88270108571467,0.1564970484115654
34.42454649036202,34.99446205776318,49.04582491460767,0.16072645935861274
34.42454649036202,34.99746205776318,49.52238474884031,0.16134933520228062
34.42454649036202,35.00046205776318,46.38740102942646,0.15718336308407907
34.42454649036202,35.00346205776318,43.19896759430296,0.15276923626844685
34.42454649036202,35.00646205776318,43.580776008624184,0.15330790327011024
34.42454649036202,35.00946205776318,40.35503621232344,0.1486639462644199
34.42454649036202,35.01246205776318,40.49081326947223,0.1488638203543569
34.42454649036202,35.01546205776318,37.56562054642307,0.14446504836228088
34.42454649036202,35.01846205776318,28.221621145134293,0.12884849297247222
34.42454649036202,35.02146205776318,31.41175758717833,0.1344879752605762
34.42454649036202,35.02446205776318,28.57642321241826,0.1294940184278465
34.42454649036202,35.02746205776318,22.306741487185406,0.11727920519346814
34.42454649036202,35.03046205776318,22.314230753857547,0.11729495373821072
34.42454649036202,35.03346205776318,22.349457872148555,0.11736898735348664
34.42454649036202,35.03646205776318,19.159847182825395,0.11035788704386049
34.42454649036202,35.03946205776318,19.169235953892283,0.11037951503805458
34.42454649036202,35.04246205776318,15.974810612318663,0.10261736238471236
34.42454649036202,35.04546205776318,15.974810612318663,0.10261736238471236
34.42454649036202,35.04846205776318,16.032795254287237,0.10276619079494095
34.42454649036202,35.05146205776318,12.763215399790763,0.0938059961835958
34.42454649036202,35.05446205776318,9.549658197832807,0.08352984805226667
34.42454649036202,35.05746205776318,3.257115712230532,0.05432251085763679
34.42454649036202,35.06046205776318,3.257115712230532,0.05432251085763679
34.42454649036202,35.06346205776318,3.257115712230532,0.05432251085763679
34.42454649036202,35.06646205776318,3.257115712230532,0.05432251085763679
34.42454649036202,35.06946205776318,3.257115712230532,0.05432251085763679
34.42454649036202,35.07246205776318,3.257115712230532,0.05432251085763679
34.42454649036202,35.07546205776318,3.253641849970583,0.05429932846543718
34.42754649036202,34.95246205776318,3.0328844910041295,0.052794527633166735
34.42754649036202,34.95546205776318,12.11143586972409,0.0918596558338286
34.42754649036202,34.95846205776318,15.125177291715163,0.10039839034536986
34.42754649036202,34.96146205776318,15.125177291715163,0.10039839034536986
34.42754649036202,34.96446205776318,15.125177291715163,0.10039839034536986
34.42754649036202,34.96746205776318,12.14442033782117,0.09195964298555051
34.42754649036202,34.97046205776318,15.189461269998102,0.10056885571735762
34.42754649036202,34.97346205776318,15.101427245981274,0.10033530108676623
34.42754649036202,34.97646205776318,12.194481025379087,0.09211108314938216
34.42754649036202,34.97946205776318,15.253799644104031,0.10073903247279639
34.42754649036202,34.98246205776318,15.192875085704078,0.10057789620634848
34.42754649036202,34.98546205776318,18.350583841965573,0.10846921943236773
34.42754649036202,34.98846205776318,21.479207802273752,0.11551911796438234
34.42754649036202,34.99146205776318,21.536439860318758,0.11564214148624037
34.42754649036202,34.99446205776318,33.73466268437785,0.1383812053525314
34.42754649036202,34.99746205776318,27.787384600040568,0.12805178277007204
34.42754649036202,35.00046205776318,27.88542043259674,0.12823230211291703
34.42754649036202,35.00346205776318,21.697644383502215,0.11598760881334429
34.42754649036202,35.00646205776318,18.71185320151291,0.10931840361676709
34.42754649036202,35.00946205776318,21.717374576547876,0.11602978544579141
34.42754649036202,35.01246205776318,21.803128191667216,0.11621283172872782
34.42754649036202,35.01546205776318,15.75838550747968,0.10205898588954171
34.42754649036202,35.01846205776318,15.75838550747968,0.10205898588954171
34.42754649036202,35.02146205776318,15.913395028979378,0.1024593739345206
34.42754649036202,35.02446205776318,15.87945326395427,0.10237190347899669
34.42754649036202,35.02746205776318,19.11828563642684,0.1102620693129109
34.42754649036202,35.03046205776318,15.93539029508321,0.10251599761292007
34.42754649036202,35.03346205776318,15.93539029508321,0.10251599761292007
34.42754649036202,35.03646205776318,12.787711376645895,0.09387797014083946
34.42754649036202,35.03946205776318,12.787711376645895,0.09387797014083946
34.42754649036202,35.04246205776318,9.598923691465258,0.08370195003666082
34.42754649036202,35.04546205776318,9.570114173694929,0.08360137261323017
34.42754649036202,35.04846205776318,6.368819124180117,0.07103463060293672
34.42754649036202,35.05146205776318,6.368819124180117,0.07103463060293672
34.42754649036202,35.05446205776318,3.253029311660013,0.054295239226467285
34.42754649036202,35.05746205776318,3.257115712230532,0.05432251085763679
34.42754649036202,35.06046205776318,3.257115712230532,0.05432251085763679
34.42754649036202,35.06346205776318,3.257115712230532,0.05432251085763679
34.42754649036202,35.06646205776318,3.257115712230532,0.05432251085763679
34.42754649036202,35.06946205776318,3.257115712230532,0.05432251085763679
34.43054649036202,34.95246205776318,3.0328844910041295,0.052794527633166735
34.43054649036202,34.95546205776318,9.078718373920335,0.08185710443086529
34.43054649036202,34.95846205776318,9.117519915263903,0.08199686506854169
34.43054649036202,34.96146205776318,9.117519915263903,0.08199686506854169
34.43054649036202,34.96446205776318,9.153957607652025,0.08212778672448959
34.43054649036202,34.96746205776318,9.117519915263903,0.08199686506854169
34.43054649036202,34.97046205776318,9.116900067817678,0.08199463522601777
34.43054649036202,34.97346205776318,9.178966991274283,0.08221746528228797
34.43054649036202,34.97646205776318,9.178966991274283,0.08221746528228797
34.43054649036202,34.97946205776318,9.198144832264678,0.08228613384911808
34.43054649036202,34.98246205776318,9.198144832264678,0.08228613384911808
34.43054649036202,34.98546205776318,6.147827944824569,0.07003824292449833
34.43054649036202,34.98846205776318,9.132268073374444,0.08204989336618179
34.43054649036202,34.99146205776318,6.1448801047912305,0.07002480785475584
34.43054649036202,34.99446205776318,6.1448801047912305,0.07002480785475584
34.43054649036202,34.99746205776318,12.328877702329908,0.09251581482601533
34.43054649036202,35.00046205776318,12.328877702329908,0.09251581482601533
34.43054649036202,35.00346205776318,15.466899452940325,0.10129963144361911
34.43054649036202,35.00646205776318,18.600597265716544,0.10905794658030918
34.43054649036202,35.00946205776318,15.539973404306533,0.10149079836481985
34.43054649036202,35.01246205776318,9.48218468513889,0.08329327229631256
34.43054649036202,35.01546205776318,12.625531281523875,0.09339990301575318
34.43054649036202,35.01846205776318,9.503016284901342,0.08336641956872382
34.43054649036202,35.02146205776318,9.55108465023213,0.08353483863981484
34.43054649036202,35.02446205776318,12.584633229675545,0.09327876458447908
34.43054649036202,35.02746205776318,9.578600584094987,0.08363101852522761
34.43054649036202,35.03046205776318,12.765940163771585,0.09381400616614054
34.43054649036202,35.03346205776318,9.557803844836954,0.08355834040709581
34.43054649036202,35.03646205776318,9.57087052336541,0.08360401543944236
34.43054649036202,35.03946205776318,9.57087052336541,0.08360401543944236
34.43054649036202,35.04246205776318,6.387637872873508,0.07111851426875652
34.43054649036202,35.04546205776318,3.1920754977965355,0.05388598454278733
34.43054649036202,35.04846205776318,3.1920754977965355,0.05388598454278733
34.43054649036202,35.05446205776318,3.2209704863604047,0.054080569773787904
34.43054649036202,35.05746205776318,3.2411157821295595,0.054215613751469036
34.43054649036202,35.06046205776318,3.253029311660013,0.054295239226467285
34.43054649036202,35.06346205776318,3.253029311660013,0.054295239226467285
34.43354649036202,34.95246205776318,3.024671682035519,0.05273729576427416
34.43354649036202,34.95546205776318,3.0366369656917804,0.05282064622006092
34.43354649036202,34.95846205776318,6.071859135640748,0.06969076557281997
34.43354649036202,34.96146205776318,6.071859135640748,0.06969076557281997
34.43354649036202,34.96446205776318,6.096246097759018,0.069802593109306
34.43354649036202,34.96746205776318,6.112447745122196,0.06987673818705548
34.43354649036202,34.97046205776318,9.116900067817678,0.08199463522601777
34.43354649036202,34.97346205776318,9.15408877499785,0.0821282574471194
34.43354649036202,34.97646205776318,9.178966991274283,0.08221746528228797
34.43354649036202,34.97946205776318,6.13447354254315,0.0699773479807459
34.43354649036202,34.98246205776318,6.133213463232255,0.06997159802081046
34.43354649036202,34.98546205776318,6.139688555201249,0.07000113745344426
34.43354649036202,34.98846205776318,6.139688555201249,0.07000113745344426
34.43354649036202,34.99146205776318,6.139688555201249,0.07000113745344426
34.43354649036202,34.99446205776318,6.1448801047912305,0.07002480785475584
34.43354649036202,34.99746205776318,6.1448801047912305,0.07002480785475584
34.43354649036202,35.00046205776318,3.0855461936779496,0.05315931565305899
34.43354649036202,35.00346205776318,3.0855461936779496,0.05315931565305899
34.43354649036202,35.00646205776318,3.133697812776221,0.0534896068901277
34.43354649036202,35.00946205776318,3.133697812776221,0.0534896068901277
34.43354649036202,35.01246205776318,3.133697812776221,0.0534896068901277
34.43354649036202,35.01546205776318,6.319055034274319,0.07081209045800747
34.43354649036202,35.01846205776318,9.44332475507234,0.08315656291763582
34.43354649036202,35.02146205776318,9.44332475507234,0.08315656291763582
34.43354649036202,35.02446205776318,9.44332475507234,0.08315656291763582
34.43354649036202,35.02746205776318,6.368189308888498,0.07103182066137269
34.43354649036202,35.03046205776318,3.1903135215496587,0.05387408488037805
34.43354649036202,35.03346205776318,3.1903135215496587,0.05387408488037805
34.43354649036202,35.03646205776318,3.180531960090469,0.053807952423440615
34.43654649036202,34.95246205776318,3.011874121021598,0.05264792839575614
34.43654649036202,34.95546205776318,3.0366369656917804,0.05282064622006092
34.43654649036202,34.95846205776318,3.0366369656917804,0.05282064622006092
34.43654649036202,34.96146205776318,3.044493448731134,0.05287526754769869
34.43654649036202,34.96446205776318,6.071859135640748,0.06969076557281997
34.43654649036202,34.96746205776318,6.096246097759018,0.069802593109306
34.43654649036202,34.97046205776318,6.096246097759018,0.069802593109306
34.43654649036202,34.97346205776318,3.0596091320672376,0.05298012025930827
34.43654649036202,34.97646205776318,3.054071605612549,0.05294174434226158
34.43654649036202,34.97946205776318,3.0568239242609376,0.05296082355103914
34.43654649036202,34.98246205776318,3.0578426772388334,0.05296788298325995
34.43654649036202,34.98546205776318,3.0568239242609376,0.05296082355103914
34.43654649036202,34.98846205776318,3.0593339111132813,0.05297821392001907
34.43654649036202,34.99146205776318,3.0828646309403114,0.05314083111720216
34.43654649036202,34.99446205776318,3.0828646309403114,0.05314083111720216
34.43654649036202,35.00946205776318,3.133697812776221,0.0534896068901277
34.43654649036202,35.01246205776318,3.133697812776221,0.0534896068901277
34.43654649036202,35.01546205776318,3.133697812776221,0.0534896068901277
34.43654649036202,35.01846205776318,3.165986740591629,0.05370938716724069
34.43654649036202,35.02146205776318,3.165986740591629,0.05370938716724069
34.43654649036202,35.02446205776318,3.165986740591629,0.05370938716724069
34.43654649036202,35.02746205776318,3.180531960090469,0.053807952423440615
34.43654649036202,35.03046205776318,3.180531960090469,0.053807952423440615
34.43954649036202,34.95546205776318,3.024671682035519,0.05273729576427416
34.43954649036202,34.95846205776318,3.024671682035519,0.05273729576427416
34.43954649036202,34.96146205776318,3.0366369656917804,0.05282064622006092
34.43954649036202,34.96446205776318,3.0366369656917804,0.05282064622006092
34.43954649036202,34.96746205776318,3.0366369656917804,0.05282064622006092
34.43954649036202,34.97046205776318,3.024671682035519,0.05273729576427416
34.43954649036202,34.97946205776318,3.0306200128393,0.052778756660703044
34.44254649036202,34.96146205776318,3.011874121021598,0.05264792839575614
34.44254649036202,34.96446205776318,3.011874121021598,0.05264792839575614
