particle_id,forcing_member_id,timestamp,lat,lon,valid
0,0,2019-04-25 15:38:41,34.961086976331465,35.58147099101938,True
0,1,2019-04-25 15:38:41,34.89434711281105,35.567130671346504,True
0,2,2019-04-25 15:38:41,34.83746188717845,35.550221167542894,True
0,3,2019-04-25 15:38:41,34.91513695426064,35.5116751285632,True
0,4,2019-04-25 15:38:41,34.85637168138668,35.452194641923455,True
0,5,2019-04-25 15:38:41,34.84494655214894,35.47927706959812,True
1,0,2019-04-25 15:38:41,34.935661949828685,35.582897328327604,True
1,1,2019-04-25 15:38:41,34.89112438071848,35.57747499169833,True
1,2,2019-04-25 15:38:41,34.82914016504258,35.55193201290703,True
1,3,2019-04-25 15:38:41,34.953132728328896,35.528376469493224,True
1,4,2019-04-25 15:38:41,34.8331184828428,35.43537020862938,True
1,5,2019-04-25 15:38:41,34.81007504916786,35.46150227348509,True
2,0,2019-04-25 15:38:41,34.92913774070011,35.585144685969254,True
2,1,2019-04-25 15:38:41,34.90579412218253,35.559801917339556,True
2,2,2019-04-25 15:38:41,34.84806531112706,35.56328394676403,True
2,3,2019-04-25 15:38:41,34.932125237173295,35.52020234184524,True
2,4,2019-04-25 15:38:41,34.833561392782244,35.43638992961297,True
2,5,2019-04-25 15:38:41,34.82485154695954,35.45727602291926,True
3,0,2019-04-25 15:38:41,34.92341580691599,35.54688130713919,True
3,1,2019-04-25 15:38:41,34.93500111611662,35.573055961739655,True
3,2,2019-04-25 15:38:41,34.87796649598034,35.56865570682259,True
3,3,2019-04-25 15:38:41,34.91386354817951,35.50507055385385,True
3,4,2019-04-25 15:38:41,34.81108089205498,35.428548580030125,True
3,5,2019-04-25 15:38:41,34.82145913889371,35.45320838734417,True
4,0,2019-04-25 15:38:41,34.90429740364599,35.55810107755655,True
4,1,2019-04-25 15:38:41,34.930562264901624,35.56852901547112,True
4,2,2019-04-25 15:38:41,34.864355858923176,35.53421270860503,True
4,3,2019-04-25 15:38:41,34.92425363132419,35.49704927295075,True
4,4,2019-04-25 15:38:41,34.85525956717772,35.467977988333296,True
4,5,2019-04-25 15:38:41,34.846274072305654,35.46683769107334,True
5,0,2019-04-25 15:38:41,34.89413564478216,35.53640006458963,True
5,1,2019-04-25 15:38:41,34.91907994624946,35.573647438579535,True
5,2,2019-04-25 15:38:41,34.81596743947342,35.54820101115652,True
5,3,2019-04-25 15:38:41,34.89398989885338,35.49745874132532,True
5,4,2019-04-25 15:38:41,34.82423919627905,35.435629393223515,True
5,5,2019-04-25 15:38:41,34.813860772361714,35.47042397742094,True
6,0,2019-04-25 15:38:41,34.903590419079045,35.56496176689978,True
6,1,2019-04-25 15:38:41,34.87441823468974,35.54546138949091,True
6,2,2019-04-25 15:38:41,34.86083607695428,35.57369693351287,True
6,3,2019-04-25 15:38:41,34.94901595336406,35.48744068539591,True
6,4,2019-04-25 15:38:41,34.81315835774933,35.4157056436275,True
6,5,2019-04-25 15:38:41,34.82245919284397,35.46591915119577,True
7,0,2019-04-25 15:38:41,34.91752452358033,35.56604873861188,True
7,1,2019-04-25 15:38:41,34.92375464394054,35.5799002528865,True
7,2,2019-04-25 15:38:41,34.88458083300638,35.55690273750346,True
7,3,2019-04-25 15:38:41,34.95433775638237,35.51738733476122,True
7,4,2019-04-25 15:38:41,34.86197390068611,35.457027234677284,True
7,5,2019-04-25 15:38:41,34.82225983430593,35.45244205284679,True
8,0,2019-04-25 15:38:41,34.92885033204398,35.57577117978067,True
8,1,2019-04-25 15:38:41,34.90382249953263,35.56030687963182,True
8,2,2019-04-25 15:38:41,34.85671562581716,35.55173611092235,True
8,3,2019-04-25 15:38:41,34.90646782113262,35.49414217690887,True
8,4,2019-04-25 15:38:41,34.86070472522592,35.4672374703719,True
8,5,2019-04-25 15:38:41,34.858550825358904,35.466157122474954,True
9,0,2019-04-25 15:38:41,34.93261811967198,35.55620309089609,True
9,1,2019-04-25 15:38:41,34.910646009748326,35.55937616842423,True
9,2,2019-04-25 15:38:41,34.88541469997329,35.542628216400686,True
9,3,2019-04-25 15:38:41,34.92827465925202,35.50832848121535,True
9,4,2019-04-25 15:38:41,34.82942373174002,35.437335369848036,True
9,5,2019-04-25 15:38:41,34.81063722423843,35.4484142422248,True
10,0,2019-04-25 15:38:41,34.91232698334812,35.58717278365942,True
10,1,2019-04-25 15:38:41,34.89046867308694,35.57375247880054,True
10,2,2019-04-25 15:38:41,34.861731400104304,35.55905590415799,True
10,3,2019-04-25 15:38:41,34.93740757608532,35.49456945083418,True
10,4,2019-04-25 15:38:41,34.864974618270736,35.45234464151985,True
10,5,2019-04-25 15:38:41,34.76830893120925,35.382814656636825,True
11,0,2019-04-25 15:38:41,34.91041446761705,35.5653553503199,True
11,1,2019-04-25 15:38:41,34.93831338893616,35.57231057864248,True
11,2,2019-04-25 15:38:41,34.86717843298033,35.55718681225921,True
11,3,2019-04-25 15:38:41,34.92030271756477,35.50872757696484,True
11,4,2019-04-25 15:38:41,34.84557368429194,35.44793611021483,True
11,5,2019-04-25 15:38:41,34.813588356980766,35.442392265860974,True
12,0,2019-04-25 15:38:41,34.920752756277736,35.59258302061839,True
12,1,2019-04-25 15:38:41,34.88684432380738,35.56006778321463,True
12,2,2019-04-25 15:38:41,34.84243303348893,35.547618921300824,True
12,3,2019-04-25 15:38:41,34.91722857537377,35.489266352151,True
12,4,2019-04-25 15:38:41,34.843230534723055,35.437631388379344,True
12,5,2019-04-25 15:38:41,34.82592922490084,35.440598394324674,True
13,0,2019-04-25 15:38:41,34.89587470906172,35.571880558792856,True
13,1,2019-04-25 15:38:41,34.91155259392692,35.57510353328446,True
13,2,2019-04-25 15:38:41,34.84532398824928,35.550961954444716,True
13,3,2019-04-25 15:38:41,34.96817180643407,35.51267075450106,True
13,4,2019-04-25 15:38:41,34.87480140748338,35.4392026861087,True
13,5,2019-04-25 15:38:41,34.816735558311265,35.47355080191734,True
14,0,2019-04-25 15:38:41,34.90398363675396,35.57254474985146,True
14,1,2019-04-25 15:38:41,34.89701773896466,35.55570628994781,True
14,2,2019-04-25 15:38:41,34.84365175480958,35.5608432006904,True
14,3,2019-04-25 15:38:41,34.93358341595932,35.50363957074953,True
14,4,2019-04-25 15:38:41,34.820788067946474,35.428239284867395,True
14,5,2019-04-25 15:38:41,34.80318948791309,35.47176658416575,True
15,0,2019-04-25 15:38:41,34.91230111126664,35.588940596909225,True
15,1,2019-04-25 15:38:41,34.88902794207485,35.564376692007606,True
15,2,2019-04-25 15:38:41,34.854395438329725,35.56549217779886,True
15,3,2019-04-25 15:38:41,34.947652884014204,35.508849854864515,True
15,4,2019-04-25 15:38:41,34.844883669677166,35.429629973993556,True
15,5,2019-04-25 15:38:41,34.824976140800345,35.46093751042111,True
16,0,2019-04-25 15:38:41,34.91704338197674,35.57225450464271,True
16,1,2019-04-25 15:38:41,34.916525452691076,35.56782418727761,True
16,2,2019-04-25 15:38:41,34.86015835656292,35.57382075812427,True
16,3,2019-04-25 15:38:41,34.95110932078181,35.53441656229647,True
16,4,2019-04-25 15:38:41,34.8159919239745,35.444178825184665,True
16,5,2019-04-25 15:38:41,34.81449119559173,35.45819388096735,True
17,0,2019-04-25 15:38:41,34.91409127658069,35.57465307368447,True
17,1,2019-04-25 15:38:41,34.92169318493314,35.561566206195664,True
17,2,2019-04-25 15:38:41,34.873812841859284,35.558796932455145,True
17,3,2019-04-25 15:38:41,34.91224426704649,35.471224223296,True
17,4,2019-04-25 15:38:41,34.81344038028825,35.447189192247656,True
17,5,2019-04-25 15:38:41,34.821505420859985,35.46838410675803,True
18,0,2019-04-25 15:38:41,34.9256996309667,35.58788363179709,True
18,1,2019-04-25 15:38:41,34.92907146660998,35.57165216058785,True
18,2,2019-04-25 15:38:41,34.88267393212287,35.557990547444064,True
18,3,2019-04-25 15:38:41,34.913089051717066,35.49401382854376,True
18,4,2019-04-25 15:38:41,34.81907338859851,35.42504306108591,True
18,5,2019-04-25 15:38:41,34.7723246563744,35.40781999532864,True
19,0,2019-04-25 15:38:41,34.916161892931385,35.593677625706,True
19,1,2019-04-25 15:38:41,34.890963129812974,35.54722682530316,True
19,2,2019-04-25 15:38:41,34.8592034736848,35.56544469494898,True
19,3,2019-04-25 15:38:41,34.906211924708934,35.503601266888424,True
19,4,2019-04-25 15:38:41,34.84490121906563,35.42584704047531,True
19,5,2019-04-25 15:38:41,34.802806127712884,35.44616532303282,True
20,0,2019-04-25 15:38:41,34.90233315829336,35.55320389186191,True
20,1,2019-04-25 15:38:41,34.90909212603229,35.55434122849933,True
20,2,2019-04-25 15:38:41,34.84602663758535,35.559714026570795,True
20,3,2019-04-25 15:38:41,34.94166267758277,35.52885875071979,True
20,4,2019-04-25 15:38:41,34.81726064512371,35.44259098050981,True
20,5,2019-04-25 15:38:41,34.8128832201105,35.45778576155324,True
21,0,2019-04-25 15:38:41,34.93488159011261,35.562033998516604,True
21,1,2019-04-25 15:38:41,34.87336224501647,35.52469076637788,True
21,2,2019-04-25 15:38:41,34.83122370516437,35.558384626746786,True
21,3,2019-04-25 15:38:41,34.92195267643569,35.5041728741818,True
21,4,2019-04-25 15:38:41,34.87627155116434,35.44498632279854,True
21,5,2019-04-25 15:38:41,34.83693149208139,35.476399313388725,True
22,0,2019-04-25 15:38:41,34.92589843668895,35.56426308815042,True
22,1,2019-04-25 15:38:41,34.912676180628296,35.57830905023502,True
22,2,2019-04-25 15:38:41,34.89652373389718,35.558403337344735,True
22,3,2019-04-25 15:38:41,34.93699621051055,35.529607508056046,True
22,4,2019-04-25 15:38:41,34.866634453611944,35.436522289723676,True
22,5,2019-04-25 15:38:41,34.86422991341591,35.47673243154997,True
23,0,2019-04-25 15:38:41,34.9540845076231,35.58268167551821,True
23,1,2019-04-25 15:38:41,34.93612243548137,35.58731873076298,True
23,2,2019-04-25 15:38:41,34.86224932273549,35.55103337613233,True
23,3,2019-04-25 15:38:41,34.92004163098573,35.528444953367874,True
23,4,2019-04-25 15:38:41,34.85957819537114,35.44991303338287,True
23,5,2019-04-25 15:38:41,34.807211055301664,35.469402066774634,True
24,0,2019-04-25 15:38:41,34.93230953387932,35.56712073700245,True
24,1,2019-04-25 15:38:41,34.87134814991016,35.578105353031425,True
24,2,2019-04-25 15:38:41,34.851643259916465,35.55955905733848,True
24,3,2019-04-25 15:38:41,34.914078041984205,35.52666204968824,True
24,4,2019-04-25 15:38:41,34.846007032930665,35.45807040722933,True
24,5,2019-04-25 15:38:41,34.84079839143341,35.478673975991,True
25,0,2019-04-25 15:38:41,34.955130866670366,35.572464966761,True
25,1,2019-04-25 15:38:41,34.908883115533584,35.5652286637211,True
25,2,2019-04-25 15:38:41,34.83943405870774,35.53778171350624,True
25,3,2019-04-25 15:38:41,34.932566923953146,35.5022882714174,True
25,4,2019-04-25 15:38:41,34.827731308333675,35.4407725885325,True
25,5,2019-04-25 15:38:41,34.81201828410315,35.46559151736175,True
26,0,2019-04-25 15:38:41,34.92947359760018,35.55924533088333,True
26,1,2019-04-25 15:38:41,34.89018344750998,35.57899044278211,True
26,2,2019-04-25 15:38:41,34.79932919947443,35.539844245918154,True
26,3,2019-04-25 15:38:41,34.89660324839698,35.486470076783206,True
26,4,2019-04-25 15:38:41,34.862938760625916,35.44877536714758,True
26,5,2019-04-25 15:38:41,34.82967293217889,35.46551176125351,True
27,0,2019-04-25 15:38:41,34.89802691310586,35.55655582048347,True
27,1,2019-04-25 15:38:41,34.90764187751791,35.56007845462723,True
27,2,2019-04-25 15:38:41,34.84080866040797,35.546255078218735,True
27,3,2019-04-25 15:38:41,34.919834367574474,35.51713469811455,True
27,4,2019-04-25 15:38:41,34.830778609911015,35.42841253740118,True
27,5,2019-04-25 15:38:41,34.83258814808171,35.47447815475599,True
28,0,2019-04-25 15:38:41,34.90642557713077,35.55515789505637,True
28,1,2019-04-25 15:38:41,34.9052250661022,35.57025015017123,True
28,2,2019-04-25 15:38:41,34.842947589245206,35.53343584088099,True
28,3,2019-04-25 15:38:41,34.93244345170066,35.492287780423794,True
28,4,2019-04-25 15:38:41,34.831242950043766,35.4473531046402,True
28,5,2019-04-25 15:38:41,34.801042709992586,35.44424710435419,True
29,0,2019-04-25 15:38:41,34.92198844806467,35.58626569122846,True
29,1,2019-04-25 15:38:41,34.90868143511656,35.57115554428838,True
29,2,2019-04-25 15:38:41,34.88256275025933,35.55736083550684,True
29,3,2019-04-25 15:38:41,34.93112626966334,35.49652029770222,True
29,4,2019-04-25 15:38:41,34.85138433856319,35.45674839503604,True
29,5,2019-04-25 15:38:41,34.821777825817726,35.45602032644011,True
30,0,2019-04-25 15:38:41,34.931444600639146,35.568340897411375,True
30,1,2019-04-25 15:38:41,34.913516700538025,35.56652883481965,True
30,2,2019-04-25 15:38:41,34.87192716693257,35.56432212189814,True
30,3,2019-04-25 15:38:41,34.92676047305497,35.516208629505485,True
30,4,2019-04-25 15:38:41,34.83597469334891,35.42769085881586,True
30,5,2019-04-25 15:38:41,34.82687271455373,35.46848760689082,True
31,0,2019-04-25 15:38:41,34.93459024923586,35.57208209440654,True
31,1,2019-04-25 15:38:41,34.89024734542963,35.58683525773889,True
31,2,2019-04-25 15:38:41,34.855479759941005,35.571767658901706,True
31,3,2019-04-25 15:38:41,34.94658163431967,35.521015844275915,True
31,4,2019-04-25 15:38:41,34.8412866345733,35.459054624096595,True
31,5,2019-04-25 15:38:41,34.792978173645075,35.43642113660602,True
32,0,2019-04-25 15:38:41,34.9109402411246,35.587070015707695,True
32,1,2019-04-25 15:38:41,34.90864156000937,35.57342074471836,True
32,2,2019-04-25 15:38:41,34.83836832060461,35.54752986574801,True
32,3,2019-04-25 15:38:41,34.910931389622334,35.48777051050498,True
32,4,2019-04-25 15:38:41,34.82929155545445,35.43409760044318,True
32,5,2019-04-25 15:38:41,34.79877447043428,35.43313872822415,True
33,0,2019-04-25 15:38:41,34.901478684541054,35.57191053955791,True
33,1,2019-04-25 15:38:41,34.93025824603033,35.58497840126471,True
33,2,2019-04-25 15:38:41,34.84476466272718,35.54846292798029,True
33,3,2019-04-25 15:38:41,34.951617193766374,35.48754986531631,True
33,4,2019-04-25 15:38:41,34.83843691505393,35.41311962678908,True
33,5,2019-04-25 15:38:41,34.818842391251394,35.42685356144468,True
34,0,2019-04-25 15:38:41,34.916558820165655,35.56479938720062,True
34,1,2019-04-25 15:38:41,34.881463430797915,35.57410999864271,True
34,2,2019-04-25 15:38:41,34.880963593346905,35.56077219444068,True
34,3,2019-04-25 15:38:41,34.93758409340387,35.5015624433837,True
34,4,2019-04-25 15:38:41,34.79369821563037,35.383971776813475,True
34,5,2019-04-25 15:38:41,34.81283014742487,35.44452582105722,True
35,0,2019-04-25 15:38:41,34.92734776674541,35.58397350679382,True
35,1,2019-04-25 15:38:41,34.911513469421664,35.56390708068089,True
35,2,2019-04-25 15:38:41,34.865550837320214,35.5545491857485,True
35,3,2019-04-25 15:38:41,34.92858097480947,35.538171046714574,True
35,4,2019-04-25 15:38:41,34.839093897482364,35.45219578278683,True
35,5,2019-04-25 15:38:41,34.810466945365505,35.46474911084618,True
36,0,2019-04-25 15:38:41,34.91726541902774,35.581700003195664,True
36,1,2019-04-25 15:38:41,34.8929900800933,35.5662299266458,True
36,2,2019-04-25 15:38:41,34.861768527361164,35.57524064203081,True
36,3,2019-04-25 15:38:41,34.948354900009356,35.50302709406986,True
36,4,2019-04-25 15:38:41,34.810770553317695,35.40719331289569,True
36,5,2019-04-25 15:38:41,34.80886983796347,35.4610535612589,True
37,0,2019-04-25 15:38:41,34.934132285067875,35.57211983613375,True
37,1,2019-04-25 15:38:41,34.89991778744851,35.562569720277615,True
37,2,2019-04-25 15:38:41,34.88539111497308,35.56912064404979,True
37,3,2019-04-25 15:38:41,34.93298326816154,35.50887537738734,True
37,4,2019-04-25 15:38:41,34.81302718514586,35.423130195172256,True
37,5,2019-04-25 15:38:41,34.82085685391134,35.454756100213906,True
38,0,2019-04-25 15:38:41,34.908010628136225,35.595900534218515,True
38,1,2019-04-25 15:38:41,34.87900708971892,35.57458371810588,True
38,2,2019-04-25 15:38:41,34.86934131305376,35.5595765578607,True
38,3,2019-04-25 15:38:41,34.90832536942211,35.50580955768362,True
38,4,2019-04-25 15:38:41,34.85136474215257,35.46321478359525,True
38,5,2019-04-25 15:38:41,34.83832984581115,35.4831007044858,True
39,0,2019-04-25 15:38:41,34.919815964921064,35.54995452797429,True
39,1,2019-04-25 15:38:41,34.90678109838918,35.57657465037119,True
39,2,2019-04-25 15:38:41,34.84764974709234,35.578790695226424,True
39,3,2019-04-25 15:38:41,34.91981045659064,35.517760712809704,True
39,4,2019-04-25 15:38:41,34.819568788277564,35.39637737009175,True
39,5,2019-04-25 15:38:41,34.83130326584838,35.466659184025495,True
40,0,2019-04-25 15:38:41,34.90832002482334,35.558852910217794,True
40,1,2019-04-25 15:38:41,34.867487701074666,35.555499403188456,True
40,2,2019-04-25 15:38:41,34.845135980523146,35.54797980635508,True
40,3,2019-04-25 15:38:41,34.932283910560905,35.49932078470668,True
40,4,2019-04-25 15:38:41,34.82193163932398,35.444077144336795,True
40,5,2019-04-25 15:38:41,34.832791887234045,35.47834031134026,True
41,0,2019-04-25 15:38:41,34.94150206777384,35.58498943892186,True
41,1,2019-04-25 15:38:41,34.891102170266045,35.56170939840477,True
41,2,2019-04-25 15:38:41,34.898292994140604,35.56593937005154,True
41,3,2019-04-25 15:38:41,34.93818531547625,35.50381728929552,True
41,4,2019-04-25 15:38:41,34.83761275595926,35.4578298981479,True
41,5,2019-04-25 15:38:41,34.80079681885415,35.44957487815175,True
42,0,2019-04-25 15:38:41,34.897553953282504,35.5790027682186,True
42,1,2019-04-25 15:38:41,34.91238001954635,35.56676410054919,True
42,2,2019-04-25 15:38:41,34.86046391688655,35.56151353914942,True
42,3,2019-04-25 15:38:41,34.952514044075926,35.51005419496095,True
42,4,2019-04-25 15:38:41,34.794990265411066,35.40475514659057,True
42,5,2019-04-25 15:38:41,34.81030046298391,35.44619664345501,True
43,0,2019-04-25 15:38:41,34.91373726844316,35.57816200958153,True
43,1,2019-04-25 15:38:41,34.90502016991876,35.56281865471015,True
43,2,2019-04-25 15:38:41,34.84599779477591,35.558672968159485,True
43,3,2019-04-25 15:38:41,34.93925589846874,35.51512315442245,True
43,4,2019-04-25 15:38:41,34.857547983573376,35.46086724407444,True
43,5,2019-04-25 15:38:41,34.860981979413836,35.474414008505086,True
44,0,2019-04-25 15:38:41,34.878444450324636,35.53700581290175,True
44,1,2019-04-25 15:38:41,34.91979181258923,35.58816891893979,True
44,2,2019-04-25 15:38:41,34.85844738205817,35.56376292359783,True
44,3,2019-04-25 15:38:41,34.96409759913791,35.49492871812333,True
44,4,2019-04-25 15:38:41,34.857445560036176,35.418357645052446,True
44,5,2019-04-25 15:38:41,34.831718822615315,35.459542722270626,True
45,0,2019-04-25 15:38:41,34.92537844370526,35.569873518450734,True
45,1,2019-04-25 15:38:41,34.89241388360428,35.57375607921697,True
45,2,2019-04-25 15:38:41,34.85174302446858,35.552107966603174,True
45,3,2019-04-25 15:38:41,34.95474209054388,35.48142434826535,True
45,4,2019-04-25 15:38:41,34.84806893975479,35.45725723524433,True
45,5,2019-04-25 15:38:41,34.83366979439838,35.49607261039599,True
46,0,2019-04-25 15:38:41,34.93962895637878,35.60419611011293,True
46,1,2019-04-25 15:38:41,34.92493694682033,35.56851578269136,True
46,2,2019-04-25 15:38:41,34.86300828740581,35.552943462184025,True
46,3,2019-04-25 15:38:41,34.92421376320366,35.52437726168532,True
46,4,2019-04-25 15:38:41,34.851441606672864,35.46956586194465,True
46,5,2019-04-25 15:38:41,34.84172617181611,35.47625891414925,True
47,0,2019-04-25 15:38:41,34.898437020037015,35.56365282326399,True
47,1,2019-04-25 15:38:41,34.900839228294544,35.54496743774954,True
47,2,2019-04-25 15:38:41,34.844514598511914,35.55937259305404,True
47,3,2019-04-25 15:38:41,34.937463902279305,35.486792773600435,True
47,4,2019-04-25 15:38:41,34.85445551495586,35.45890575354639,True
47,5,2019-04-25 15:38:41,34.810290628711385,35.43972017318191,True
48,0,2019-04-25 15:38:41,34.88492829688477,35.58430255841347,True
48,1,2019-04-25 15:38:41,34.896853247061905,35.56702619726284,True
48,2,2019-04-25 15:38:41,34.8788061487884,35.56421293265254,True
48,3,2019-04-25 15:38:41,34.94572767006607,35.524073834235026,True
48,4,2019-04-25 15:38:41,34.85280194869165,35.433066116366675,True
48,5,2019-04-25 15:38:41,34.80809513776527,35.43496365890944,True
49,0,2019-04-25 15:38:41,34.886747874328364,35.55388629232739,True
49,1,2019-04-25 15:38:41,34.910721476369524,35.561419892759744,True
49,2,2019-04-25 15:38:41,34.81770568772086,35.55783898071504,True
49,3,2019-04-25 15:38:41,34.96389901015028,35.50821016229784,True
49,4,2019-04-25 15:38:41,34.80990506352814,35.40778589137052,True
49,5,2019-04-25 15:38:41,34.87279184286217,35.48762662734662,True
50,0,2019-04-25 15:38:41,34.922407309910206,35.583436090449716,True
50,1,2019-04-25 15:38:41,34.93317429207104,35.572980668755875,True
50,2,2019-04-25 15:38:41,34.90101081491105,35.569432744210964,True
50,3,2019-04-25 15:38:41,34.92861173834518,35.47968491185928,True
50,4,2019-04-25 15:38:41,34.87338070250682,35.46738433116794,True
50,5,2019-04-25 15:38:41,34.87598706691791,35.51028148515952,True
51,0,2019-04-25 15:38:41,34.91939987037511,35.57919377995241,True
51,1,2019-04-25 15:38:41,34.91448870146707,35.56686853761941,True
51,2,2019-04-25 15:38:41,34.856221972084505,35.57344901214975,True
51,3,2019-04-25 15:38:41,34.94245571537011,35.508573660709295,True
51,4,2019-04-25 15:38:41,34.85161391561223,35.46166912563449,True
51,5,2019-04-25 15:38:41,34.8511825143088,35.46561193130777,True
52,0,2019-04-25 15:38:41,34.91863243439785,35.593563894450675,True
52,1,2019-04-25 15:38:41,34.892860096979256,35.57780902476648,True
52,2,2019-04-25 15:38:41,34.837094733077706,35.56501602868451,True
52,3,2019-04-25 15:38:41,34.92174437825585,35.50153613554139,True
52,4,2019-04-25 15:38:41,34.84303262157088,35.43206375970497,True
52,5,2019-04-25 15:38:41,34.86173314229995,35.47780064306158,True
53,0,2019-04-25 15:38:41,34.94867644456769,35.587846428142655,True
53,1,2019-04-25 15:38:41,34.88818119364313,35.565974564002644,True
53,2,2019-04-25 15:38:41,34.87536435505972,35.57047121247062,True
53,3,2019-04-25 15:38:41,34.96161513702015,35.51290798174197,True
53,4,2019-04-25 15:38:41,34.830198322694066,35.42769089750343,True
53,5,2019-04-25 15:38:41,34.79863110962032,35.44808565499145,True
54,0,2019-04-25 15:38:41,34.92155338002129,35.5959584550374,True
54,1,2019-04-25 15:38:41,34.90379924421787,35.55930533107182,True
54,2,2019-04-25 15:38:41,34.8556978770162,35.544496824688906,True
54,3,2019-04-25 15:38:41,34.96260234824726,35.52132664444284,True
54,4,2019-04-25 15:38:41,34.866513261357596,35.458904892018396,True
54,5,2019-04-25 15:38:41,34.828095263050514,35.47549935554927,True
55,0,2019-04-25 15:38:41,34.911250306599946,35.57822079460461,True
55,1,2019-04-25 15:38:41,34.90222165957751,35.578399900821935,True
55,2,2019-04-25 15:38:41,34.870680456683935,35.55668229994435,True
55,3,2019-04-25 15:38:41,34.93258156799738,35.5215041854675,True
55,4,2019-04-25 15:38:41,34.85776134386333,35.46472122116713,True
55,5,2019-04-25 15:38:41,34.80926865453506,35.46444772397461,True
56,0,2019-04-25 15:38:41,34.93983529708145,35.60012688957844,True
56,1,2019-04-25 15:38:41,34.91173676322447,35.5758792549986,True
56,2,2019-04-25 15:38:41,34.84593138130023,35.56926317025066,True
56,3,2019-04-25 15:38:41,34.89477300959396,35.502422681392744,True
56,4,2019-04-25 15:38:41,34.81841605537367,35.42112765670952,True
56,5,2019-04-25 15:38:41,34.84205315588364,35.4772936972645,True
57,0,2019-04-25 15:38:41,34.93870021634853,35.5753135621399,True
57,1,2019-04-25 15:38:41,34.87730346419256,35.566767153218784,True
57,2,2019-04-25 15:38:41,34.84178604159051,35.551653849488886,True
57,3,2019-04-25 15:38:41,34.88759117434176,35.505820340453006,True
57,4,2019-04-25 15:38:41,34.86513807948876,35.43971819284667,True
57,5,2019-04-25 15:38:41,34.78217611489736,35.42569533544599,True
58,0,2019-04-25 15:38:41,34.934074884448464,35.57803253692296,True
58,1,2019-04-25 15:38:41,34.93376928618651,35.58586294277298,True
58,2,2019-04-25 15:38:41,34.870899476873205,35.57957620479707,True
58,3,2019-04-25 15:38:41,34.94497761183851,35.511989457921366,True
58,4,2019-04-25 15:38:41,34.8293505905351,35.410788933913274,True
58,5,2019-04-25 15:38:41,34.83445803718656,35.4556374718582,True
59,0,2019-04-25 15:38:41,34.915731961041224,35.598574173365975,True
59,1,2019-04-25 15:38:41,34.915457195433405,35.56941090801199,True
59,2,2019-04-25 15:38:41,34.847432891041365,35.57080825672233,True
59,3,2019-04-25 15:38:41,34.94538435971607,35.5105343042166,True
59,4,2019-04-25 15:38:41,34.82707249394757,35.43422208909737,True
59,5,2019-04-25 15:38:41,34.83969534511395,35.45525060277662,True
60,0,2019-04-25 15:38:41,34.91601645651299,35.58965703164708,True
60,1,2019-04-25 15:38:41,34.91341995696541,35.567669743251216,True
60,2,2019-04-25 15:38:41,34.845866366462815,35.569125016696425,True
60,3,2019-04-25 15:38:41,34.935868787823715,35.52041289570835,True
60,4,2019-04-25 15:38:41,34.826308745954464,35.42073511398489,True
60,5,2019-04-25 15:38:41,34.83806324102413,35.48450848007652,True
61,0,2019-04-25 15:38:41,34.936135956407746,35.593461568043644,True
61,1,2019-04-25 15:38:41,34.922509657907916,35.57315718012149,True
61,2,2019-04-25 15:38:41,34.87820698987601,35.582673769199594,True
61,3,2019-04-25 15:38:41,34.96300339305777,35.50704143345119,True
61,4,2019-04-25 15:38:41,34.8494795618632,35.46393698349319,True
61,5,2019-04-25 15:38:41,34.86626978971747,35.479018899318355,True
62,0,2019-04-25 15:38:41,34.91347150967567,35.53554222698259,True
62,1,2019-04-25 15:38:41,34.92652218352173,35.579529450988005,True
62,2,2019-04-25 15:38:41,34.8665803136661,35.5591409614944,True
62,3,2019-04-25 15:38:41,34.9032140469136,35.516475770576854,True
62,4,2019-04-25 15:38:41,34.828373617254826,35.44395539426358,True
62,5,2019-04-25 15:38:41,34.840115752469394,35.471639369728166,True
63,0,2019-04-25 15:38:41,34.92279773520605,35.57234513023899,True
63,1,2019-04-25 15:38:41,34.89629088884092,35.5569026190998,True
63,2,2019-04-25 15:38:41,34.84934658578573,35.54399575828955,True
63,3,2019-04-25 15:38:41,34.92184929218019,35.508458511173124,True
63,4,2019-04-25 15:38:41,34.86028077746359,35.45286576467802,True
63,5,2019-04-25 15:38:41,34.85575653662756,35.4810924760808,True
64,0,2019-04-25 15:38:41,34.89081687974724,35.55855732491535,True
64,1,2019-04-25 15:38:41,34.9208817446438,35.57363753318402,True
64,2,2019-04-25 15:38:41,34.835416339737264,35.54034163708077,True
64,3,2019-04-25 15:38:41,34.90458882516073,35.505553478264176,True
64,4,2019-04-25 15:38:41,34.847124948567725,35.43413968088145,True
64,5,2019-04-25 15:38:41,34.807996491461566,35.44939774998919,True
65,0,2019-04-25 15:38:41,34.92178889326132,35.568657071135284,True
65,1,2019-04-25 15:38:41,34.87040913061027,35.56987412129158,True
65,2,2019-04-25 15:38:41,34.862844084307724,35.558914016474354,True
65,3,2019-04-25 15:38:41,34.95761345902862,35.52341141896603,True
65,4,2019-04-25 15:38:41,34.82774644233869,35.430977823296864,True
65,5,2019-04-25 15:38:41,34.856988032940826,35.4903626630592,True
66,0,2019-04-25 15:38:41,34.911060549588036,35.57657189090142,True
66,1,2019-04-25 15:38:41,34.896018317151004,35.57017740603232,True
66,2,2019-04-25 15:38:41,34.863173346601634,35.56625398181652,True
66,3,2019-04-25 15:38:41,34.954361644914655,35.5090862868684,True
66,4,2019-04-25 15:38:41,34.87109790318982,35.45638963252134,True
66,5,2019-04-25 15:38:41,34.82097918760631,35.46871485664926,True
67,0,2019-04-25 15:38:41,34.91970884304118,35.55717352189617,True
67,1,2019-04-25 15:38:41,34.929866116146165,35.56367782018883,True
67,2,2019-04-25 15:38:41,34.884062918004005,35.56917618924706,True
67,3,2019-04-25 15:38:41,34.93110247555384,35.50443323559739,True
67,4,2019-04-25 15:38:41,34.88164779593335,35.45492642298426,True
67,5,2019-04-25 15:38:41,34.82027295813781,35.43796172031377,True
68,0,2019-04-25 15:38:41,34.935999305668545,35.58852755864954,True
68,1,2019-04-25 15:38:41,34.89978801979055,35.59498880005335,True
68,2,2019-04-25 15:38:41,34.875274586874674,35.57245297063845,True
68,3,2019-04-25 15:38:41,34.900031199169135,35.53536259735231,True
68,4,2019-04-25 15:38:41,34.86403892380604,35.46130780967483,True
68,5,2019-04-25 15:38:41,34.836779658636054,35.45179204985043,True
69,0,2019-04-25 15:38:41,34.93889024682211,35.549034141847436,True
69,1,2019-04-25 15:38:41,34.91688745654325,35.567910617010924,True
69,2,2019-04-25 15:38:41,34.8596985815427,35.55917086353344,True
69,3,2019-04-25 15:38:41,34.95520809699328,35.51992209594505,True
69,4,2019-04-25 15:38:41,34.83137476055499,35.431563145265756,True
69,5,2019-04-25 15:38:41,34.84020315339275,35.47337210527288,True
70,0,2019-04-25 15:38:41,34.92709108132651,35.56720965969076,True
70,1,2019-04-25 15:38:41,34.92770256697726,35.57193857970682,True
70,2,2019-04-25 15:38:41,34.854412057195894,35.548262038802946,True
70,3,2019-04-25 15:38:41,34.92705161237018,35.51594077438806,True
70,4,2019-04-25 15:38:41,34.82816455556138,35.42355521273876,True
70,5,2019-04-25 15:38:41,34.83442843241094,35.467686467286754,True
71,0,2019-04-25 15:38:41,34.90587087966482,35.56143922927005,True
71,1,2019-04-25 15:38:41,34.928746920628825,35.569061172344114,True
71,2,2019-04-25 15:38:41,34.89228252094401,35.56755270763033,True
71,3,2019-04-25 15:38:41,34.931427338993515,35.53307289368149,True
71,4,2019-04-25 15:38:41,34.863252351624,35.464904780915504,True
71,5,2019-04-25 15:38:41,34.828022773632746,35.45765554001727,True
72,0,2019-04-25 15:38:41,34.937418408562515,35.59037185777763,True
72,1,2019-04-25 15:38:41,34.894903163690145,35.571173504457434,True
72,2,2019-04-25 15:38:41,34.84799869570633,35.559268039032446,True
72,3,2019-04-25 15:38:41,34.92030311539543,35.50544465522071,True
72,4,2019-04-25 15:38:41,34.874201397317435,35.45183662632176,True
72,5,2019-04-25 15:38:41,34.812538280214866,35.48816997556502,True
73,0,2019-04-25 15:38:41,34.91488414776578,35.59217649473414,True
73,1,2019-04-25 15:38:41,34.90652677773656,35.54804970492957,True
73,2,2019-04-25 15:38:41,34.90187014305391,35.55486104299805,True
73,3,2019-04-25 15:38:41,34.899711397081745,35.48766882521874,True
73,4,2019-04-25 15:38:41,34.845245855582675,35.43834875210643,True
73,5,2019-04-25 15:38:41,34.88216750112594,35.49853674330375,True
74,0,2019-04-25 15:38:41,34.91569304855069,35.590958572601735,True
74,1,2019-04-25 15:38:41,34.92511825979918,35.576021264316346,True
74,2,2019-04-25 15:38:41,34.89564493467477,35.55671597751378,True
74,3,2019-04-25 15:38:41,34.95467098322377,35.53495434046746,True
74,4,2019-04-25 15:38:41,34.85916064887465,35.44876240477508,True
74,5,2019-04-25 15:38:41,34.78484631638284,35.44055473127281,True
75,0,2019-04-25 15:38:41,34.97651290817517,35.57016986877562,True
75,1,2019-04-25 15:38:41,34.904701303245595,35.57769180868698,True
75,2,2019-04-25 15:38:41,34.868411594491974,35.55783179310321,True
75,3,2019-04-25 15:38:41,34.955498758269364,35.502172657801296,True
75,4,2019-04-25 15:38:41,34.88082481460826,35.456629299721435,True
75,5,2019-04-25 15:38:41,34.87503414141934,35.479157371528196,True
76,0,2019-04-25 15:38:41,34.94123462038783,35.58888470923867,True
76,1,2019-04-25 15:38:41,34.87108884197893,35.56558141111207,True
76,2,2019-04-25 15:38:41,34.824411510462674,35.551380827318845,True
76,3,2019-04-25 15:38:41,34.90385107801679,35.49161044210039,True
76,4,2019-04-25 15:38:41,34.81885740209912,35.42246148557991,True
76,5,2019-04-25 15:38:41,34.794440229029476,35.450049328031795,True
77,0,2019-04-25 15:38:41,34.932307810198374,35.567503364135526,True
77,1,2019-04-25 15:38:41,34.87303951418483,35.566574710352704,True
77,2,2019-04-25 15:38:41,34.851187267034575,35.55510213535047,True
77,3,2019-04-25 15:38:41,34.94845661696937,35.51205194744511,True
77,4,2019-04-25 15:38:41,34.823046254991105,35.4311646012543,True
77,5,2019-04-25 15:38:41,34.793216631086956,35.420176172209224,True
78,0,2019-04-25 15:38:41,34.930885078570164,35.592217800128,True
78,1,2019-04-25 15:38:41,34.87768027813752,35.570590511245214,True
78,2,2019-04-25 15:38:41,34.86988866340298,35.559308874690664,True
78,3,2019-04-25 15:38:41,34.92071577869603,35.5058460553607,True
78,4,2019-04-25 15:38:41,34.84116464988075,35.41117358149923,True
78,5,2019-04-25 15:38:41,34.812913731008905,35.466575540057875,True
79,0,2019-04-25 15:38:41,34.92382491979962,35.57796407471514,True
79,1,2019-04-25 15:38:41,34.905797433050424,35.57183162777271,True
79,2,2019-04-25 15:38:41,34.86262141987334,35.57353571598599,True
79,3,2019-04-25 15:38:41,34.965192077090215,35.516252753822265,True
79,4,2019-04-25 15:38:41,34.81927902451467,35.41527373192049,True
79,5,2019-04-25 15:38:41,34.82078894342317,35.447931686544024,True
80,0,2019-04-25 15:38:41,34.93871508469621,35.57069252015006,True
80,1,2019-04-25 15:38:41,34.90797386819782,35.56703384331868,True
80,2,2019-04-25 15:38:41,34.834810601008904,35.54962833091504,True
80,3,2019-04-25 15:38:41,34.92888820581838,35.51440695611676,True
80,4,2019-04-25 15:38:41,34.84980001046998,35.44262484832933,True
80,5,2019-04-25 15:38:41,34.84405417718556,35.452093674967685,True
81,0,2019-04-25 15:38:41,34.926104488942364,35.59445096758781,True
81,1,2019-04-25 15:38:41,34.89417607151364,35.57653748398746,True
81,2,2019-04-25 15:38:41,34.84345634959582,35.55305062658786,True
81,3,2019-04-25 15:38:41,34.926069353984815,35.517038041373965,True
81,4,2019-04-25 15:38:41,34.90590853655409,35.464702613092705,True
81,5,2019-04-25 15:38:41,34.84648446224298,35.48716979915809,True
82,0,2019-04-25 15:38:41,34.93969448018076,35.574514831784995,True
82,1,2019-04-25 15:38:41,34.88464526344682,35.563553570256055,True
82,2,2019-04-25 15:38:41,34.89385171214964,35.565686094722444,True
82,3,2019-04-25 15:38:41,34.952258244264456,35.51375385889215,True
82,4,2019-04-25 15:38:41,34.83698632668837,35.42294500520316,True
82,5,2019-04-25 15:38:41,34.84130243692939,35.483958955151046,True
83,0,2019-04-25 15:38:41,34.93674412575863,35.56859418089854,True
83,1,2019-04-25 15:38:41,34.922271024744184,35.5734518211617,True
83,2,2019-04-25 15:38:41,34.859748773202845,35.555311896321946,True
83,3,2019-04-25 15:38:41,34.92916188825136,35.499977536740246,True
83,4,2019-04-25 15:38:41,34.877480587236974,35.462007270377775,True
83,5,2019-04-25 15:38:41,34.82625588807594,35.464208750752576,True
84,0,2019-04-25 15:38:41,34.95509396918544,35.57139456583209,True
84,1,2019-04-25 15:38:41,34.90557109600638,35.559863221039386,True
84,2,2019-04-25 15:38:41,34.85835199078309,35.56032733140008,True
84,3,2019-04-25 15:38:41,34.939190689559965,35.52250813830582,True
84,4,2019-04-25 15:38:41,34.81531091534524,35.41468734678812,True
84,5,2019-04-25 15:38:41,34.83674016712592,35.486389479795676,True
85,0,2019-04-25 15:38:41,34.91949853117213,35.57570134680723,True
85,1,2019-04-25 15:38:41,34.94001216767609,35.57208060366397,True
85,2,2019-04-25 15:38:41,34.888901229239224,35.56278027117463,True
85,3,2019-04-25 15:38:41,34.920401478588815,35.51400840322266,True
85,4,2019-04-25 15:38:41,34.85220896313498,35.43100564018262,True
85,5,2019-04-25 15:38:41,34.84391212705605,35.49741712741911,True
86,0,2019-04-25 15:38:41,34.948559549757846,35.5893570107269,True
86,1,2019-04-25 15:38:41,34.88902164197382,35.55379311339381,True
86,2,2019-04-25 15:38:41,34.86372990544103,35.55626946306073,True
86,3,2019-04-25 15:38:41,34.93851377680603,35.520184717404184,True
86,4,2019-04-25 15:38:41,34.82984102576664,35.42756456417663,True
86,5,2019-04-25 15:38:41,34.842330777156825,35.465560860165205,True
87,0,2019-04-25 15:38:41,34.957291309336675,35.57846133044551,True
87,1,2019-04-25 15:38:41,34.90046093069246,35.562227519287006,True
87,2,2019-04-25 15:38:41,34.89342868057056,35.55731634283636,True
87,3,2019-04-25 15:38:41,34.929286192035846,35.49477974601523,True
87,4,2019-04-25 15:38:41,34.853973294004476,35.471323804739164,True
87,5,2019-04-25 15:38:41,34.85557597765115,35.47780443499857,True
88,0,2019-04-25 15:38:41,34.93578503772218,35.5952208065712,True
88,1,2019-04-25 15:38:41,34.93319583270471,35.58343097475013,True
88,2,2019-04-25 15:38:41,34.85559881939029,35.54484177835562,True
88,3,2019-04-25 15:38:41,34.95532542411318,35.511347263557205,True
88,4,2019-04-25 15:38:41,34.88724321540545,35.487300128577765,True
88,5,2019-04-25 15:38:41,34.86197054209646,35.48674988753365,True
89,0,2019-04-25 15:38:41,34.922548048803414,35.54646707605264,True
89,1,2019-04-25 15:38:41,34.9035954558926,35.593363362740675,True
89,2,2019-04-25 15:38:41,34.840883452550855,35.561329865574066,True
89,3,2019-04-25 15:38:41,34.9540595836403,35.51915267742418,True
89,4,2019-04-25 15:38:41,34.875539487694255,35.44874806414023,True
89,5,2019-04-25 15:38:41,34.83509727697971,35.477457878461514,True
90,0,2019-04-25 15:38:41,34.928920872489215,35.57466322196556,True
90,1,2019-04-25 15:38:41,34.91549332500033,35.58510549687234,True
90,2,2019-04-25 15:38:41,34.8808264093982,35.577047933302566,True
90,3,2019-04-25 15:38:41,34.94335709348253,35.50082690197576,True
90,4,2019-04-25 15:38:41,34.82946222940857,35.44795796104216,True
90,5,2019-04-25 15:38:41,34.85208795687637,35.49594247436195,True
91,0,2019-04-25 15:38:41,34.94852690764,35.56079562003121,True
91,1,2019-04-25 15:38:41,34.903731086730616,35.56762695131467,True
91,2,2019-04-25 15:38:41,34.86490244739426,35.57324583687245,True
91,3,2019-04-25 15:38:41,34.96042225363042,35.501912934731685,True
91,4,2019-04-25 15:38:41,34.857436884816494,35.47766261757461,True
91,5,2019-04-25 15:38:41,34.812550230743916,35.46741062716991,True
92,0,2019-04-25 15:38:41,34.91379740165757,35.578346706537495,True
92,1,2019-04-25 15:38:41,34.9103193833837,35.54972911994166,True
92,2,2019-04-25 15:38:41,34.87454104756916,35.56878725494074,True
92,3,2019-04-25 15:38:41,34.91227213000287,35.52457640749635,True
92,4,2019-04-25 15:38:41,34.79986503567748,35.39058276549722,True
92,5,2019-04-25 15:38:41,34.863988299692885,35.49230874114269,True
93,0,2019-04-25 15:38:41,34.913994079522084,35.5833421772265,True
93,1,2019-04-25 15:38:41,34.90088330106396,35.56400548964616,True
93,2,2019-04-25 15:38:41,34.858529948847455,35.55891425600756,True
93,3,2019-04-25 15:38:41,34.908563064963744,35.51999577756514,True
93,4,2019-04-25 15:38:41,34.82505890485247,35.43690124627663,True
93,5,2019-04-25 15:38:41,34.835366060712424,35.461281399454194,True
94,0,2019-04-25 15:38:41,34.91368079040613,35.57431910388137,True
94,1,2019-04-25 15:38:41,34.91513159777155,35.56820336237672,True
94,2,2019-04-25 15:38:41,34.87295360939262,35.562908727701995,True
94,3,2019-04-25 15:38:41,34.914523733781785,35.50017827281795,True
94,4,2019-04-25 15:38:41,34.83141208652722,35.418035679940346,True
94,5,2019-04-25 15:38:41,34.85179138821154,35.47321424412548,True
95,0,2019-04-25 15:38:41,34.924879178372386,35.5744715080623,True
95,1,2019-04-25 15:38:41,34.91425203990123,35.584127249462874,True
95,2,2019-04-25 15:38:41,34.869921577562614,35.55405534729676,True
95,3,2019-04-25 15:38:41,34.94669960477846,35.520175313173205,True
95,4,2019-04-25 15:38:41,34.838551992956106,35.43853056941474,True
95,5,2019-04-25 15:38:41,34.82142847116508,35.45596599552902,True
96,0,2019-04-25 15:38:41,34.889185950069226,35.56856052024647,True
96,1,2019-04-25 15:38:41,34.9230641694651,35.57578914874965,True
96,2,2019-04-25 15:38:41,34.874387437472016,35.56598633477223,True
96,3,2019-04-25 15:38:41,34.94554828585687,35.512972250483706,True
96,4,2019-04-25 15:38:41,34.87091003808015,35.46203116040267,True
96,5,2019-04-25 15:38:41,34.84528701702538,35.47034045992955,True
97,0,2019-04-25 15:38:41,34.91198768991424,35.56415274496687,True
97,1,2019-04-25 15:38:41,34.946470031291405,35.55966539531272,True
97,2,2019-04-25 15:38:41,34.86272316559118,35.56226590740353,True
97,3,2019-04-25 15:38:41,34.970132898056384,35.50314679540545,True
97,4,2019-04-25 15:38:41,34.87000198108386,35.465525607859284,True
97,5,2019-04-25 15:38:41,34.84332367040559,35.48606060497175,True
98,0,2019-04-25 15:38:41,34.92490559691504,35.60477038965465,True
98,1,2019-04-25 15:38:41,34.88990236543152,35.576572322842964,True
98,2,2019-04-25 15:38:41,34.857642800983484,35.581718741269476,True
98,3,2019-04-25 15:38:41,34.944933115689416,35.5036078714643,True
98,4,2019-04-25 15:38:41,34.82713824050197,35.430272730853005,True
98,5,2019-04-25 15:38:41,34.82147720159317,35.46445672523964,True
99,0,2019-04-25 15:38:41,34.94038619116313,35.572955058204556,True
99,1,2019-04-25 15:38:41,34.93046938604277,35.58803953229357,True
99,2,2019-04-25 15:38:41,34.84112376704207,35.56040787015009,True
99,3,2019-04-25 15:38:41,34.95891438252184,35.52179180094042,True
99,4,2019-04-25 15:38:41,34.861349437246325,35.44240893594719,True
99,5,2019-04-25 15:38:41,34.81318231181177,35.44843551461548,True
100,0,2019-04-25 15:38:41,34.89928925952683,35.581727043221385,True
100,1,2019-04-25 15:38:41,34.90721330220482,35.58528924053077,True
100,2,2019-04-25 15:38:41,34.846670832364936,35.56582708118432,True
100,3,2019-04-25 15:38:41,34.94767986965073,35.48944414965139,True
100,4,2019-04-25 15:38:41,34.851815879815135,35.44681884919048,True
100,5,2019-04-25 15:38:41,34.82463389290913,35.4815165970744,True
101,0,2019-04-25 15:38:41,34.92146851756719,35.57528036604722,True
101,1,2019-04-25 15:38:41,34.900917503560066,35.578498983931475,True
101,2,2019-04-25 15:38:41,34.862153525246896,35.569901613837885,True
101,3,2019-04-25 15:38:41,34.93313513764653,35.506606990885174,True
101,4,2019-04-25 15:38:41,34.86022773578584,35.474847403553994,True
101,5,2019-04-25 15:38:41,34.79755777660844,35.44932525856555,True
102,0,2019-04-25 15:38:41,34.92883773504036,35.58471969639729,True
102,1,2019-04-25 15:38:41,34.8778348583827,35.56046135322643,True
102,2,2019-04-25 15:38:41,34.85819919170252,35.5756987734393,True
102,3,2019-04-25 15:38:41,34.95758576389752,35.517187438903015,True
102,4,2019-04-25 15:38:41,34.81842356213405,35.40428141845743,True
102,5,2019-04-25 15:38:41,34.86374586758383,35.5022256090025,True
103,0,2019-04-25 15:38:41,34.941246991229605,35.58386640426736,True
103,1,2019-04-25 15:38:41,34.8860092859444,35.57014942441738,True
103,2,2019-04-25 15:38:41,34.87899115819675,35.56481129034498,True
103,3,2019-04-25 15:38:41,34.93386063435004,35.49497334775813,True
103,4,2019-04-25 15:38:41,34.86120946289278,35.45797129677268,True
103,5,2019-04-25 15:38:41,34.86580283540213,35.482131910096136,True
104,0,2019-04-25 15:38:41,34.921631294363706,35.57456218889144,True
104,1,2019-04-25 15:38:41,34.919572508119096,35.5620236646149,True
104,2,2019-04-25 15:38:41,34.83619784844692,35.55333998015267,True
104,3,2019-04-25 15:38:41,34.928075495632456,35.491163603139555,True
104,4,2019-04-25 15:38:41,34.92806500311907,35.4915313425162,True
104,5,2019-04-25 15:38:41,34.87230019454206,35.49417529106644,True
105,0,2019-04-25 15:38:41,34.91378774362753,35.567479892227034,True
105,1,2019-04-25 15:38:41,34.919121860509904,35.55921056270288,True
105,2,2019-04-25 15:38:41,34.86390489339846,35.556937072450154,True
105,3,2019-04-25 15:38:41,34.94964448861508,35.51450968554247,True
105,4,2019-04-25 15:38:41,34.80738260287894,35.42268804614751,True
105,5,2019-04-25 15:38:41,34.86197536470947,35.476774107908255,True
106,0,2019-04-25 15:38:41,34.91599609203781,35.58207920658654,True
106,1,2019-04-25 15:38:41,34.931042656588424,35.5619843345905,True
106,2,2019-04-25 15:38:41,34.83765936292976,35.5625196949649,True
106,3,2019-04-25 15:38:41,34.95806590153633,35.526268543636505,True
106,4,2019-04-25 15:38:41,34.89979126411626,35.467287424125786,True
106,5,2019-04-25 15:38:41,34.794934406400294,35.4371015743842,True
107,0,2019-04-25 15:38:41,34.960140325862795,35.58181426618472,True
107,1,2019-04-25 15:38:41,34.9036035065901,35.584455950423916,True
107,2,2019-04-25 15:38:41,34.86985372580535,35.56185405377467,True
107,3,2019-04-25 15:38:41,34.94095546789354,35.51177706117341,True
107,4,2019-04-25 15:38:41,34.81629903540835,35.423397697770184,True
107,5,2019-04-25 15:38:41,34.83042464893466,35.46407138135371,True
108,0,2019-04-25 15:38:41,34.93443755978575,35.558624779201295,True
108,1,2019-04-25 15:38:41,34.90550509472017,35.55971658297838,True
108,2,2019-04-25 15:38:41,34.866377089745676,35.55485193018789,True
108,3,2019-04-25 15:38:41,34.89740515389995,35.50959213850692,True
108,4,2019-04-25 15:38:41,34.84929420562368,35.44745359509423,True
108,5,2019-04-25 15:38:41,34.80018685084784,35.43528412660433,True
109,0,2019-04-25 15:38:41,34.91054472698243,35.59219447600574,True
109,1,2019-04-25 15:38:41,34.88779458694719,35.58151851069656,True
109,2,2019-04-25 15:38:41,34.88171809108648,35.575442083649875,True
109,3,2019-04-25 15:38:41,34.91756437480431,35.4913097370594,True
109,4,2019-04-25 15:38:41,34.81205394112182,35.43342587733483,True
109,5,2019-04-25 15:38:41,34.81828931271842,35.46751182935774,True
110,0,2019-04-25 15:38:41,34.9247010277221,35.58493000563516,True
110,1,2019-04-25 15:38:41,34.91270881430598,35.5674392591586,True
110,2,2019-04-25 15:38:41,34.8586652887827,35.56424264940639,True
110,3,2019-04-25 15:38:41,34.97400102608817,35.51129015431882,True
110,4,2019-04-25 15:38:41,34.81198245187646,35.41878345835404,True
110,5,2019-04-25 15:38:41,34.870531328477384,35.486733470198466,True
111,0,2019-04-25 15:38:41,34.95210742485319,35.55330722287513,True
111,1,2019-04-25 15:38:41,34.908651995485826,35.56679084012597,True
111,2,2019-04-25 15:38:41,34.89104276956684,35.57318172114134,True
111,3,2019-04-25 15:38:41,34.9034355087477,35.49280957920592,True
111,4,2019-04-25 15:38:41,34.84015026388642,35.44988393137673,True
111,5,2019-04-25 15:38:41,34.84657739387983,35.47875871136944,True
112,0,2019-04-25 15:38:41,34.94233998058053,35.54846020166425,True
112,1,2019-04-25 15:38:41,34.931303276951155,35.560048890051775,True
112,2,2019-04-25 15:38:41,34.8523116825847,35.56152032003602,True
112,3,2019-04-25 15:38:41,34.9597498971744,35.523115428589506,True
112,4,2019-04-25 15:38:41,34.808022735061016,35.422180731104916,True
112,5,2019-04-25 15:38:41,34.85547834231531,35.48098449952403,True
113,0,2019-04-25 15:38:41,34.919757554161556,35.57626469903,True
113,1,2019-04-25 15:38:41,34.88839915356601,35.556897467676336,True
113,2,2019-04-25 15:38:41,34.87868019415663,35.568602801232835,True
113,3,2019-04-25 15:38:41,34.91254931602763,35.52328442456631,True
113,4,2019-04-25 15:38:41,34.88049878510038,35.45393550480116,True
113,5,2019-04-25 15:38:41,34.843487984204856,35.46264503109633,True
114,0,2019-04-25 15:38:41,34.917524936093066,35.59269836814485,True
114,1,2019-04-25 15:38:41,34.87786158834809,35.556307835291754,True
114,2,2019-04-25 15:38:41,34.8950534714874,35.569853186371596,True
114,3,2019-04-25 15:38:41,34.92220658031867,35.51191891795498,True
114,4,2019-04-25 15:38:41,34.87009577188758,35.46426623602893,True
114,5,2019-04-25 15:38:41,34.826521753231376,35.47311582080121,True
115,0,2019-04-25 15:38:41,34.91245948560848,35.59652658516432,True
115,1,2019-04-25 15:38:41,34.903974757795574,35.57932130407324,True
115,2,2019-04-25 15:38:41,34.88398208993534,35.562576752824306,True
115,3,2019-04-25 15:38:41,34.93111292045237,35.53632219434223,True
115,4,2019-04-25 15:38:41,34.85226311977595,35.46828793054646,True
115,5,2019-04-25 15:38:41,34.80749644428167,35.46608130813138,True
116,0,2019-04-25 15:38:41,34.93812723820413,35.57571694315351,True
116,1,2019-04-25 15:38:41,34.913231519536474,35.577160810641345,True
116,2,2019-04-25 15:38:41,34.85960480030188,35.56896538672048,True
116,3,2019-04-25 15:38:41,34.916056012317306,35.508756185785934,True
116,4,2019-04-25 15:38:41,34.88873563171929,35.46534368344011,True
116,5,2019-04-25 15:38:41,34.83854007511698,35.47949828261636,True
117,0,2019-04-25 15:38:41,34.91677667244411,35.58933900677805,True
117,1,2019-04-25 15:38:41,34.89892089689502,35.58298735225378,True
117,2,2019-04-25 15:38:41,34.84912964791077,35.57015161437352,True
117,3,2019-04-25 15:38:41,34.90122727907301,35.49499223659037,True
117,4,2019-04-25 15:38:41,34.84999048010396,35.46041347009971,True
117,5,2019-04-25 15:38:41,34.84992346561126,35.455467193943285,True
118,0,2019-04-25 15:38:41,34.9453835285562,35.57081070584542,True
118,1,2019-04-25 15:38:41,34.911581614837516,35.56504129540268,True
118,2,2019-04-25 15:38:41,34.850931207548946,35.561729695118345,True
118,3,2019-04-25 15:38:41,34.927393380961696,35.51471575241164,True
118,4,2019-04-25 15:38:41,34.87645026062158,35.45171032585069,True
118,5,2019-04-25 15:38:41,34.85481993766871,35.48997942826924,True
119,0,2019-04-25 15:38:41,34.93136293388353,35.58719028519275,True
119,1,2019-04-25 15:38:41,34.90162837642962,35.57845400699326,True
119,2,2019-04-25 15:38:41,34.85167943621384,35.572234193814936,True
119,3,2019-04-25 15:38:41,34.96372800722248,35.498025001095975,True
119,4,2019-04-25 15:38:41,34.86943680246099,35.466151934436105,True
119,5,2019-04-25 15:38:41,34.84146432047205,35.48956371483407,True
120,0,2019-04-25 15:38:41,34.9366226702192,35.58768453782325,True
120,1,2019-04-25 15:38:41,34.92816196197513,35.59196552081626,True
120,2,2019-04-25 15:38:41,34.859987991408474,35.577114608105155,True
120,3,2019-04-25 15:38:41,34.907383624195454,35.51174057565744,True
120,4,2019-04-25 15:38:41,34.85323856439126,35.45848150326974,True
120,5,2019-04-25 15:38:41,34.86901485502494,35.4876272740261,True
121,0,2019-04-25 15:38:41,34.93730243289435,35.57928386286936,True
121,1,2019-04-25 15:38:41,34.88363144998952,35.56375798806726,True
121,2,2019-04-25 15:38:41,34.87286222070436,35.563027569364365,True
121,3,2019-04-25 15:38:41,34.90801384106368,35.50516367969119,True
121,4,2019-04-25 15:38:41,34.82945776325011,35.42351029228962,True
121,5,2019-04-25 15:38:41,34.860337124405184,35.50325010797408,True
122,0,2019-04-25 15:38:41,34.93047555342488,35.54644243419962,True
122,1,2019-04-25 15:38:41,34.92203440815312,35.584881765828335,True
122,2,2019-04-25 15:38:41,34.860914875602894,35.57082416816396,True
122,3,2019-04-25 15:38:41,34.93771400082509,35.521325655969775,True
122,4,2019-04-25 15:38:41,34.800264071028614,35.41287038680605,True
122,5,2019-04-25 15:38:41,34.85404061726951,35.473112254411475,True
123,0,2019-04-25 15:38:41,34.93309964557573,35.58771823852541,True
123,1,2019-04-25 15:38:41,34.895894990499,35.57305474240333,True
123,2,2019-04-25 15:38:41,34.85461027962154,35.56780078416673,True
123,3,2019-04-25 15:38:41,34.93901573150604,35.513666183043036,True
123,4,2019-04-25 15:38:41,34.87194623091047,35.45783227484007,True
123,5,2019-04-25 15:38:41,34.86124419985801,35.48870237109843,True
124,0,2019-04-25 15:38:41,34.92593729595358,35.58422800143281,True
124,1,2019-04-25 15:38:41,34.907621520021976,35.57895967654131,True
124,2,2019-04-25 15:38:41,34.86911022357428,35.56745554707287,True
124,3,2019-04-25 15:38:41,35.00053462181698,35.49706388026169,True
124,4,2019-04-25 15:38:41,34.86698099080143,35.45685988763417,True
124,5,2019-04-25 15:38:41,34.83424561926388,35.471614730099176,True
125,0,2019-04-25 15:38:41,34.91038747802541,35.58542454338185,True
125,1,2019-04-25 15:38:41,34.91853944002002,35.55888494061443,True
125,2,2019-04-25 15:38:41,34.85903986239594,35.565356506001365,True
125,3,2019-04-25 15:38:41,34.92606025953681,35.49248115527744,True
125,4,2019-04-25 15:38:41,34.871368206542975,35.44564606978308,True
125,5,2019-04-25 15:38:41,34.838204287756234,35.466392144814506,True
126,0,2019-04-25 15:38:41,34.91874634746688,35.6018703726536,True
126,1,2019-04-25 15:38:41,34.87585347920959,35.58176590445993,True
126,2,2019-04-25 15:38:41,34.8863292674673,35.56725046000036,True
126,3,2019-04-25 15:38:41,34.899445323583514,35.49219689742406,True
126,4,2019-04-25 15:38:41,34.87524199992508,35.44029762921921,True
126,5,2019-04-25 15:38:41,34.8510612311679,35.4861763375483,True
127,0,2019-04-25 15:38:41,34.89563762305142,35.56874576177954,True
127,1,2019-04-25 15:38:41,34.92102229520731,35.577406415374476,True
127,2,2019-04-25 15:38:41,34.88185833264523,35.55473783822797,True
127,3,2019-04-25 15:38:41,34.92001717859303,35.53191273062535,True
127,4,2019-04-25 15:38:41,34.864022448886026,35.458559497970164,True
127,5,2019-04-25 15:38:41,34.82370296613689,35.460009312104816,True
128,0,2019-04-25 15:38:41,34.90358369036201,35.568493371418306,True
128,1,2019-04-25 15:38:41,34.9226003715364,35.57016653306121,True
128,2,2019-04-25 15:38:41,34.86168697171518,35.56846495219512,True
128,3,2019-04-25 15:38:41,34.9586496902432,35.51034849468183,True
128,4,2019-04-25 15:38:41,34.853054098803575,35.458259840585896,True
128,5,2019-04-25 15:38:41,34.84723029952523,35.46653427248219,True
129,0,2019-04-25 15:38:41,34.92874207319915,35.58069688981331,True
129,1,2019-04-25 15:38:41,34.923178050578485,35.57925800052833,True
129,2,2019-04-25 15:38:41,34.86392545672074,35.57296547750092,True
129,3,2019-04-25 15:38:41,34.92425054481356,35.514815527664716,True
129,4,2019-04-25 15:38:41,34.87197547823918,35.4727586330009,True
129,5,2019-04-25 15:38:41,34.86265857699364,35.4974640455304,True
130,0,2019-04-25 15:38:41,34.92251594661495,35.5919869010323,True
130,1,2019-04-25 15:38:41,34.93513941872066,35.569292970335255,True
130,2,2019-04-25 15:38:41,34.88907594369938,35.57736788347785,True
130,3,2019-04-25 15:38:41,34.93677735380229,35.51211489129515,True
130,4,2019-04-25 15:38:41,34.88308598677761,35.43986442489784,True
130,5,2019-04-25 15:38:41,34.83247194366922,35.47563313277751,True
131,0,2019-04-25 15:38:41,34.91299921326684,35.587291920294156,True
131,1,2019-04-25 15:38:41,34.880625362349114,35.56732902976582,True
131,2,2019-04-25 15:38:41,34.816957883715084,35.554036956166776,True
131,3,2019-04-25 15:38:41,34.93950906638412,35.515857886220104,True
131,4,2019-04-25 15:38:41,34.80580061500982,35.428545400619875,True
131,5,2019-04-25 15:38:41,34.86620072427044,35.48179840619014,True
132,0,2019-04-25 15:38:41,34.92815475055556,35.599991923933885,True
132,1,2019-04-25 15:38:41,34.90681371936106,35.55067809071629,True
132,2,2019-04-25 15:38:41,34.87047830978026,35.564381132689725,True
132,3,2019-04-25 15:38:41,34.9232634320163,35.52901670170819,True
132,4,2019-04-25 15:38:41,34.85095528684156,35.45179944883313,True
132,5,2019-04-25 15:38:41,34.84261586713488,35.49836036440085,True
133,0,2019-04-25 15:38:41,34.92602489865577,35.57980704490178,True
133,1,2019-04-25 15:38:41,34.90007526784802,35.54006726384901,True
133,2,2019-04-25 15:38:41,34.86584798746474,35.56964702488899,True
133,3,2019-04-25 15:38:41,34.94800459260178,35.54397360432106,True
133,4,2019-04-25 15:38:41,34.866278652286645,35.45446629619935,True
133,5,2019-04-25 15:38:41,34.811673027509784,35.45583787793056,True
134,0,2019-04-25 15:38:41,34.90676446048122,35.56962682686743,True
134,1,2019-04-25 15:38:41,34.90454876646693,35.556542226170045,True
134,2,2019-04-25 15:38:41,34.88247551960153,35.55866155793357,True
134,3,2019-04-25 15:38:41,34.969806433693726,35.521267832127776,True
134,4,2019-04-25 15:38:41,34.85951127495369,35.45772086262174,True
134,5,2019-04-25 15:38:41,34.839169154754565,35.469306825225885,True
135,0,2019-04-25 15:38:41,34.927754833659655,35.579856662419814,True
135,1,2019-04-25 15:38:41,34.907811117447224,35.57125446966077,True
135,2,2019-04-25 15:38:41,34.836940493121624,35.54263791979462,True
135,3,2019-04-25 15:38:41,34.920822399640876,35.5033445509576,True
135,4,2019-04-25 15:38:41,34.8350742438742,35.42275132123402,True
135,5,2019-04-25 15:38:41,34.82640822743621,35.45017689533289,True
136,0,2019-04-25 15:38:41,34.940167805870104,35.599486320378396,True
136,1,2019-04-25 15:38:41,34.92055922446234,35.564020508650756,True
136,2,2019-04-25 15:38:41,34.86528250089568,35.572191302121844,True
136,3,2019-04-25 15:38:41,34.92988912202718,35.534716767763925,True
136,4,2019-04-25 15:38:41,34.82010164263415,35.424300150772915,True
136,5,2019-04-25 15:38:41,34.86318779344056,35.48125908589597,True
137,0,2019-04-25 15:38:41,34.95451881224637,35.57968253031797,True
137,1,2019-04-25 15:38:41,34.88541678050068,35.570586541355624,True
137,2,2019-04-25 15:38:41,34.83196655848186,35.53401449290595,True
137,3,2019-04-25 15:38:41,34.89763249269704,35.516236750868174,True
137,4,2019-04-25 15:38:41,34.835893800332215,35.454064565755715,True
137,5,2019-04-25 15:38:41,34.84898540263228,35.459924347699456,True
138,0,2019-04-25 15:38:41,34.92297154968181,35.5913573834298,True
138,1,2019-04-25 15:38:41,34.896427919748696,35.56611546007263,True
138,2,2019-04-25 15:38:41,34.86791404852537,35.55931267636083,True
138,3,2019-04-25 15:38:41,34.94534136658399,35.508759081243696,True
138,4,2019-04-25 15:38:41,34.83538501584884,35.462979678706496,True
138,5,2019-04-25 15:38:41,34.827564425339844,35.44732976664943,True
139,0,2019-04-25 15:38:41,34.914798835255986,35.56639529400629,True
139,1,2019-04-25 15:38:41,34.886360542218156,35.57905078974233,True
139,2,2019-04-25 15:38:41,34.851455332166594,35.557803864868994,True
139,3,2019-04-25 15:38:41,34.95670253546261,35.55255815578208,True
139,4,2019-04-25 15:38:41,34.82907788534336,35.445520910626094,True
139,5,2019-04-25 15:38:41,34.847574684365036,35.48875092362435,True
140,0,2019-04-25 15:38:41,34.94430839340755,35.58594694559848,True
140,1,2019-04-25 15:38:41,34.884889852986504,35.581003566191164,True
140,2,2019-04-25 15:38:41,34.8179663497897,35.535566900856615,True
140,3,2019-04-25 15:38:41,34.914300967066325,35.514118492647945,True
140,4,2019-04-25 15:38:41,34.85523499185648,35.46073185476561,True
140,5,2019-04-25 15:38:41,34.85466274918845,35.48107415534228,True
141,0,2019-04-25 15:38:41,34.93859401035385,35.5725552219549,True
141,1,2019-04-25 15:38:41,34.91383299834222,35.56760865737936,True
141,2,2019-04-25 15:38:41,34.8609068985709,35.56762397714861,True
141,3,2019-04-25 15:38:41,34.91652022082683,35.480033515980445,True
141,4,2019-04-25 15:38:41,34.86150238634252,35.44388662495804,True
141,5,2019-04-25 15:38:41,34.83975761306704,35.4727825284535,True
142,0,2019-04-25 15:38:41,34.91671278513313,35.558045649687756,True
142,1,2019-04-25 15:38:41,34.89952548705664,35.55918036876112,True
142,2,2019-04-25 15:38:41,34.87668747274166,35.5546964845546,True
142,3,2019-04-25 15:38:41,34.96551444163808,35.502492013278555,True
142,4,2019-04-25 15:38:41,34.845183699390944,35.454513932497235,True
142,5,2019-04-25 15:38:41,34.824961034796296,35.46072783116216,True
143,0,2019-04-25 15:38:41,34.916712231862874,35.584699926402024,True
143,1,2019-04-25 15:38:41,34.906076342468616,35.57911909697746,True
143,2,2019-04-25 15:38:41,34.887895605114615,35.57810505287294,True
143,3,2019-04-25 15:38:41,34.94202737429921,35.524718214944315,True
143,4,2019-04-25 15:38:41,34.84556997288655,35.45266242281763,True
143,5,2019-04-25 15:38:41,34.833713727963065,35.48255376494831,True
144,0,2019-04-25 15:38:41,34.92996531321544,35.58476990865331,True
144,1,2019-04-25 15:38:41,34.886029546991914,35.575560118341585,True
144,2,2019-04-25 15:38:41,34.868764003024744,35.57055573886299,True
144,3,2019-04-25 15:38:41,34.89429985553923,35.495816098677714,True
144,4,2019-04-25 15:38:41,34.84791194547115,35.45983703231805,True
144,5,2019-04-25 15:38:41,34.81364020183158,35.47394105529849,True
145,0,2019-04-25 15:38:41,34.93183101754232,35.58722943664187,True
145,1,2019-04-25 15:38:41,34.90474501364494,35.55387003805687,True
145,2,2019-04-25 15:38:41,34.85984806845742,35.56978651684776,True
145,3,2019-04-25 15:38:41,34.94364903488016,35.524721205339176,True
145,4,2019-04-25 15:38:41,34.83739837664117,35.446080810194296,True
145,5,2019-04-25 15:38:41,34.811152794684205,35.460127878292255,True
146,0,2019-04-25 15:38:41,34.912479900112416,35.57686722890884,True
146,1,2019-04-25 15:38:41,34.88841414594183,35.54960777906088,True
146,2,2019-04-25 15:38:41,34.88811381614996,35.56365755448058,True
146,3,2019-04-25 15:38:41,34.90908607264796,35.51577293040925,True
146,4,2019-04-25 15:38:41,34.87478910988211,35.47236084375967,True
146,5,2019-04-25 15:38:41,34.87045256098641,35.48753149508299,True
147,0,2019-04-25 15:38:41,34.93887372653692,35.58121251319455,True
147,1,2019-04-25 15:38:41,34.87047419498166,35.54391137502821,True
147,2,2019-04-25 15:38:41,34.8535186378534,35.573055755441224,True
147,3,2019-04-25 15:38:41,34.92993487933233,35.50840920136358,True
147,4,2019-04-25 15:38:41,34.80643509110545,35.41809343124866,True
147,5,2019-04-25 15:38:41,34.835383424681375,35.493024713810854,True
148,0,2019-04-25 15:38:41,34.92773389760197,35.591957384923454,True
148,1,2019-04-25 15:38:41,34.886271112903884,35.560058526139194,True
148,2,2019-04-25 15:38:41,34.85208977460252,35.55025061197148,True
148,3,2019-04-25 15:38:41,34.94053063397306,35.51983957135805,True
148,4,2019-04-25 15:38:41,34.86876703440642,35.46308021433524,True
148,5,2019-04-25 15:38:41,34.86226340001639,35.49494474384253,True
149,0,2019-04-25 15:38:41,34.93369557609851,35.577776028156826,True
149,1,2019-04-25 15:38:41,34.887735836075294,35.57912743868872,True
149,2,2019-04-25 15:38:41,34.865123368646316,35.57773994424475,True
149,3,2019-04-25 15:38:41,34.981803024883966,35.53664099315995,True
149,4,2019-04-25 15:38:41,34.79265202180165,35.38030054444921,True
149,5,2019-04-25 15:38:41,34.84501540333323,35.484578659360515,True
150,0,2019-04-25 15:38:41,34.911497274855186,35.58183994621175,True
150,1,2019-04-25 15:38:41,34.8660211169144,35.56291640596562,True
150,2,2019-04-25 15:38:41,34.86349728784333,35.56700649285414,True
150,3,2019-04-25 15:38:41,34.950918369744514,35.51031293444609,True
150,4,2019-04-25 15:38:41,34.87681693273003,35.48762483128463,True
150,5,2019-04-25 15:38:41,34.812194747142264,35.44916876724022,True
151,0,2019-04-25 15:38:41,34.91871309733828,35.58066928960665,True
151,1,2019-04-25 15:38:41,34.948838637940234,35.56742694908569,True
151,2,2019-04-25 15:38:41,34.883972420857084,35.57770361868036,True
151,3,2019-04-25 15:38:41,34.925321961851566,35.5134231588971,True
151,4,2019-04-25 15:38:41,34.87031707057268,35.435311017285095,True
151,5,2019-04-25 15:38:41,34.85476921232004,35.50395766431156,True
152,0,2019-04-25 15:38:41,34.908734095904556,35.586611185309586,True
152,1,2019-04-25 15:38:41,34.918003282726005,35.592122055148934,True
152,2,2019-04-25 15:38:41,34.83701859117646,35.55554381776998,True
152,3,2019-04-25 15:38:41,34.95619668112649,35.51941402355004,True
152,4,2019-04-25 15:38:41,34.78381778705077,35.37895365417819,True
152,5,2019-04-25 15:38:41,34.78856117536163,35.423474463887445,True
153,0,2019-04-25 15:38:41,34.92870034590931,35.56025354981585,True
153,1,2019-04-25 15:38:41,34.90196085823725,35.560833890382234,True
153,2,2019-04-25 15:38:41,34.87127539330928,35.57934723105388,True
153,3,2019-04-25 15:38:41,34.95683333106983,35.51209932489024,True
153,4,2019-04-25 15:38:41,34.82612647742065,35.443688594976265,True
153,5,2019-04-25 15:38:41,34.80923512243213,35.45988019076872,True
154,0,2019-04-25 15:38:41,34.93662191717708,35.58588375971672,True
154,1,2019-04-25 15:38:41,34.909443577229034,35.58603650175426,True
154,2,2019-04-25 15:38:41,34.876306089797026,35.58661610503938,True
154,3,2019-04-25 15:38:41,34.949831444190636,35.48686990654173,True
154,4,2019-04-25 15:38:41,34.8398581153199,35.42087053064969,True
154,5,2019-04-25 15:38:41,34.88136016126866,35.50382864335156,True
155,0,2019-04-25 15:38:41,34.90438828226278,35.568604208049045,True
155,1,2019-04-25 15:38:41,34.891187708535355,35.57871926850064,True
155,2,2019-04-25 15:38:41,34.85855961842694,35.571276313390115,True
155,3,2019-04-25 15:38:41,34.92604753433314,35.51670174481994,True
155,4,2019-04-25 15:38:41,34.864824652572665,35.43508150007836,True
155,5,2019-04-25 15:38:41,34.83959104271991,35.47358603124655,True
156,0,2019-04-25 15:38:41,34.90594505576903,35.57255484077637,True
156,1,2019-04-25 15:38:41,34.90410395515864,35.58123991238872,True
156,2,2019-04-25 15:38:41,34.88462427566274,35.57140677031176,True
156,3,2019-04-25 15:38:41,34.946124581222435,35.50475502139725,True
156,4,2019-04-25 15:38:41,34.864491574277764,35.460183496101166,True
156,5,2019-04-25 15:38:41,34.80614384251329,35.4374335227062,True
157,0,2019-04-25 15:38:41,34.90982735027874,35.57831901583411,True
157,1,2019-04-25 15:38:41,34.874866027324394,35.53518065566582,True
157,2,2019-04-25 15:38:41,34.88458514374202,35.57174679987081,True
157,3,2019-04-25 15:38:41,34.906459536253045,35.47723630459825,True
157,4,2019-04-25 15:38:41,34.84678900638861,35.44045040314,True
157,5,2019-04-25 15:38:41,34.84583203367324,35.4704756493441,True
158,0,2019-04-25 15:38:41,34.95373921488196,35.57692757605759,True
158,1,2019-04-25 15:38:41,34.92109017082699,35.56690761698647,True
158,2,2019-04-25 15:38:41,34.82656771744442,35.55386461670405,True
158,3,2019-04-25 15:38:41,34.91436882312194,35.50286264999422,True
158,4,2019-04-25 15:38:41,34.87181156763369,35.47624277036546,True
158,5,2019-04-25 15:38:41,34.832524929261844,35.46839957430949,True
159,0,2019-04-25 15:38:41,34.928703902579265,35.578013691159526,True
159,1,2019-04-25 15:38:41,34.88245530319692,35.5576807264887,True
159,2,2019-04-25 15:38:41,34.855651601074264,35.55230028115743,True
159,3,2019-04-25 15:38:41,34.930144171111635,35.50441703633126,True
159,4,2019-04-25 15:38:41,34.89632342550846,35.475395729042845,True
159,5,2019-04-25 15:38:41,34.817215279907685,35.46490243259571,True
160,0,2019-04-25 15:38:41,34.93417525041982,35.582972624155154,True
160,1,2019-04-25 15:38:41,34.883672493455684,35.57174672034549,True
160,2,2019-04-25 15:38:41,34.865495286754395,35.55471895548548,True
160,3,2019-04-25 15:38:41,34.92784693930956,35.50538835369703,True
160,4,2019-04-25 15:38:41,34.84358357960348,35.430491808023845,True
160,5,2019-04-25 15:38:41,34.83712399738682,35.472849195073216,True
161,0,2019-04-25 15:38:41,34.92228180523122,35.59221568731852,True
161,1,2019-04-25 15:38:41,34.91150383115009,35.567309300921124,True
161,2,2019-04-25 15:38:41,34.89904716225349,35.579950629871576,True
161,3,2019-04-25 15:38:41,34.95145914666048,35.494020783226894,True
161,4,2019-04-25 15:38:41,34.89301137284413,35.45980027514555,True
161,5,2019-04-25 15:38:41,34.83827386366202,35.46865787878165,True
162,0,2019-04-25 15:38:41,34.94665568240506,35.574172162514216,True
162,1,2019-04-25 15:38:41,34.943126224040014,35.5737940043575,True
162,2,2019-04-25 15:38:41,34.89093706760798,35.57225052207038,True
162,3,2019-04-25 15:38:41,34.94593192370354,35.51906451047168,True
162,4,2019-04-25 15:38:41,34.84590804424746,35.439577004320554,True
162,5,2019-04-25 15:38:41,34.8206592266049,35.46389055606886,True
163,0,2019-04-25 15:38:41,34.90924361701471,35.577737944128884,True
163,1,2019-04-25 15:38:41,34.87198889905452,35.57318794830699,True
163,2,2019-04-25 15:38:41,34.85696705613341,35.57130947457037,True
163,3,2019-04-25 15:38:41,34.92369422554143,35.53896974871729,True
163,4,2019-04-25 15:38:41,34.770708660686324,35.356389171673676,True
163,5,2019-04-25 15:38:41,34.86597541882131,35.49176464733552,True
164,0,2019-04-25 15:38:41,34.9176635502391,35.59949251336795,True
164,1,2019-04-25 15:38:41,34.914645669323754,35.59413325203287,True
164,2,2019-04-25 15:38:41,34.89062073519106,35.57167654602649,True
164,3,2019-04-25 15:38:41,34.92443898112548,35.51600823226969,True
164,4,2019-04-25 15:38:41,34.882330137906685,35.46065638400414,True
164,5,2019-04-25 15:38:41,34.860902514093915,35.464099290597765,True
165,0,2019-04-25 15:38:41,34.95624693160408,35.57149299282895,True
165,1,2019-04-25 15:38:41,34.901170073775674,35.58523956691358,True
165,2,2019-04-25 15:38:41,34.85421050169507,35.56302134984444,True
165,3,2019-04-25 15:38:41,34.927869862627134,35.55420075949665,True
165,4,2019-04-25 15:38:41,34.84301112017812,35.434102490240484,True
165,5,2019-04-25 15:38:41,34.86774071257248,35.496140014017726,True
166,0,2019-04-25 15:38:41,34.86811882715138,35.568644130262854,True
166,1,2019-04-25 15:38:41,34.93674111148893,35.56330547957153,True
166,2,2019-04-25 15:38:41,34.89842219536958,35.566838341121425,True
166,3,2019-04-25 15:38:41,34.916911424854504,35.536343445754945,True
166,4,2019-04-25 15:38:41,34.865678586921916,35.43982502293744,True
166,5,2019-04-25 15:38:41,34.82366835222048,35.471051374887054,True
167,0,2019-04-25 15:38:41,34.93989726938476,35.60517354926734,True
167,1,2019-04-25 15:38:41,34.91262193995216,35.57759925660178,True
167,2,2019-04-25 15:38:41,34.858595640560644,35.55233311421283,True
167,3,2019-04-25 15:38:41,34.91193017161206,35.51454962439381,True
167,4,2019-04-25 15:38:41,34.88064672008926,35.48559655870375,True
167,5,2019-04-25 15:38:41,34.86478841270631,35.514684212874094,True
168,0,2019-04-25 15:38:41,34.94982038554993,35.590616180120655,True
168,1,2019-04-25 15:38:41,34.89372973544086,35.58610652256006,True
168,2,2019-04-25 15:38:41,34.868948915571714,35.56426337124769,True
168,3,2019-04-25 15:38:41,34.94647641110978,35.51535300930453,True
168,4,2019-04-25 15:38:41,34.838768185076255,35.437910056663355,True
168,5,2019-04-25 15:38:41,34.801368424745874,35.46697729040236,True
169,0,2019-04-25 15:38:41,34.93086206091312,35.591349271932934,True
169,1,2019-04-25 15:38:41,34.91218550870971,35.56878011296204,True
169,2,2019-04-25 15:38:41,34.86220560538186,35.57788078733684,True
169,3,2019-04-25 15:38:41,34.92226018159926,35.47811800108145,True
169,4,2019-04-25 15:38:41,34.88148090155595,35.46782282112482,True
169,5,2019-04-25 15:38:41,34.87707762818448,35.49844912938036,True
170,0,2019-04-25 15:38:41,34.929405365312974,35.56547029995689,True
170,1,2019-04-25 15:38:41,34.904322388500795,35.579181539059114,True
170,2,2019-04-25 15:38:41,34.844809205595716,35.5655185381923,True
170,3,2019-04-25 15:38:41,34.906520444184835,35.502513926951465,True
170,4,2019-04-25 15:38:41,34.85282774615289,35.451548430885204,True
170,5,2019-04-25 15:38:41,34.84272730426411,35.48358180452045,True
171,0,2019-04-25 15:38:41,34.96066410771097,35.587222901472536,True
171,1,2019-04-25 15:38:41,34.877594727382586,35.57284763283866,True
171,2,2019-04-25 15:38:41,34.84879555292185,35.56093444790275,True
171,3,2019-04-25 15:38:41,34.93380712162974,35.507117916427994,True
171,4,2019-04-25 15:38:41,34.848637062125,35.44949517820833,True
171,5,2019-04-25 15:38:41,34.81990294643224,35.46535532512682,True
172,0,2019-04-25 15:38:41,34.926902940159955,35.59257590876072,True
172,1,2019-04-25 15:38:41,34.90161075165149,35.578625768924574,True
172,2,2019-04-25 15:38:41,34.86291576562664,35.57551508425495,True
172,3,2019-04-25 15:38:41,34.9277650438502,35.474899362989106,True
172,4,2019-04-25 15:38:41,34.809717262441715,35.433887564211076,True
172,5,2019-04-25 15:38:41,34.88004511421144,35.50355470896915,True
173,0,2019-04-25 15:38:41,34.86098082622033,35.57774136563375,True
173,1,2019-04-25 15:38:41,34.918871870617714,35.56945253595463,True
173,2,2019-04-25 15:38:41,34.849476105704596,35.57213080035803,True
173,3,2019-04-25 15:38:41,34.91408412634332,35.51216697123163,True
173,4,2019-04-25 15:38:41,34.89308205157496,35.45835130701624,True
173,5,2019-04-25 15:38:41,34.859719834200384,35.483623045544554,True
174,0,2019-04-25 15:38:41,34.92030635772902,35.57160191299479,True
174,1,2019-04-25 15:38:41,34.888847481048,35.57069013899545,True
174,2,2019-04-25 15:38:41,34.853266569494,35.56969375806854,True
174,3,2019-04-25 15:38:41,34.944777110023864,35.52347422006374,True
174,4,2019-04-25 15:38:41,34.8115189705818,35.414213243148566,True
174,5,2019-04-25 15:38:41,34.81985476753225,35.449336355111264,True
175,0,2019-04-25 15:38:41,34.94441222666227,35.59184993996881,True
175,1,2019-04-25 15:38:41,34.88529066495365,35.58803006973481,True
175,2,2019-04-25 15:38:41,34.8512937401614,35.57575132757057,True
175,3,2019-04-25 15:38:41,34.91188489617688,35.48599247783323,True
175,4,2019-04-25 15:38:41,34.829950111178015,35.399798276567935,True
175,5,2019-04-25 15:38:41,34.822638286012705,35.45231589568675,True
176,0,2019-04-25 15:38:41,34.93374358494168,35.58450425527831,True
176,1,2019-04-25 15:38:41,34.8900272292962,35.57179340987247,True
176,2,2019-04-25 15:38:41,34.84864532238167,35.55029254228696,True
176,3,2019-04-25 15:38:41,34.94663499160278,35.50824694085695,True
176,4,2019-04-25 15:38:41,34.84048215456178,35.45177698965287,True
176,5,2019-04-25 15:38:41,34.846076212739035,35.47365915121985,True
177,0,2019-04-25 15:38:41,34.92612694560868,35.57395489145538,True
177,1,2019-04-25 15:38:41,34.929462222240055,35.57233015885447,True
177,2,2019-04-25 15:38:41,34.87802501814685,35.5700806026845,True
177,3,2019-04-25 15:38:41,34.91206750943902,35.5159064912278,True
177,4,2019-04-25 15:38:41,34.87150368942906,35.44901710950522,True
177,5,2019-04-25 15:38:41,34.85639881279428,35.50147098138047,True
178,0,2019-04-25 15:38:41,34.93472032843916,35.57564896914522,True
178,1,2019-04-25 15:38:41,34.92145605326184,35.58706301707204,True
178,2,2019-04-25 15:38:41,34.84531726849766,35.5499714344067,True
178,3,2019-04-25 15:38:41,34.93994811085066,35.50833708604165,True
178,4,2019-04-25 15:38:41,34.84290923617265,35.44386904834382,True
178,5,2019-04-25 15:38:41,34.85106783405434,35.46918426662257,True
179,0,2019-04-25 15:38:41,34.919927017822886,35.57172261525111,True
179,1,2019-04-25 15:38:41,34.89916681586775,35.572785713434286,True
179,2,2019-04-25 15:38:41,34.871086868233135,35.56502619368503,True
179,3,2019-04-25 15:38:41,34.9294925949125,35.495334497496806,True
179,4,2019-04-25 15:38:41,34.850650703552624,35.47064280757401,True
179,5,2019-04-25 15:38:41,34.82140676052954,35.44010451735066,True
180,0,2019-04-25 15:38:41,34.958344858979345,35.579101542592504,True
180,1,2019-04-25 15:38:41,34.901385013610145,35.56584291568459,True
180,2,2019-04-25 15:38:41,34.83409215247401,35.56763058713199,True
180,3,2019-04-25 15:38:41,34.921041961292104,35.49541094203311,True
180,4,2019-04-25 15:38:41,34.85923113910534,35.466167201004644,True
180,5,2019-04-25 15:38:41,34.86704254017399,35.46197762353711,True
181,0,2019-04-25 15:38:41,34.905422322372864,35.57604716519817,True
181,1,2019-04-25 15:38:41,34.879335534854704,35.582720987979016,True
181,2,2019-04-25 15:38:41,34.86894265729622,35.556152248665754,True
181,3,2019-04-25 15:38:41,34.95186477836036,35.52151912048544,True
181,4,2019-04-25 15:38:41,34.89762349919024,35.485967368767824,True
181,5,2019-04-25 15:38:41,34.84183139213159,35.47933815865848,True
182,0,2019-04-25 15:38:41,34.963743983528495,35.570473191656404,True
182,1,2019-04-25 15:38:41,34.93649172132639,35.57462762681732,True
182,2,2019-04-25 15:38:41,34.8192390595594,35.532409275018814,True
182,3,2019-04-25 15:38:41,34.91160672323085,35.496421218681725,True
182,4,2019-04-25 15:38:41,34.86628260429143,35.47208178804648,True
182,5,2019-04-25 15:38:41,34.846387114245786,35.4585624273682,True
183,0,2019-04-25 15:38:41,34.94312173059529,35.60145241657192,True
183,1,2019-04-25 15:38:41,34.92003297722738,35.5809076557995,True
183,2,2019-04-25 15:38:41,34.85310561234619,35.56610780109839,True
183,3,2019-04-25 15:38:41,34.93180151668302,35.51143974722351,True
183,4,2019-04-25 15:38:41,34.903245625138794,35.49529746733214,True
183,5,2019-04-25 15:38:41,34.82318136979314,35.463688299462305,True
184,0,2019-04-25 15:38:41,34.92857528976744,35.5768940782851,True
184,1,2019-04-25 15:38:41,34.93816008314726,35.570734200725646,True
184,2,2019-04-25 15:38:41,34.87780051755926,35.56459532216018,True
184,3,2019-04-25 15:38:41,34.931704979799086,35.52631873017713,True
184,4,2019-04-25 15:38:41,34.880359512991824,35.48359753802819,True
184,5,2019-04-25 15:38:41,34.868525913127314,35.48605718629075,True
185,0,2019-04-25 15:38:41,34.924879638916444,35.59432608196191,True
185,1,2019-04-25 15:38:41,34.90418236202737,35.57443704964009,True
185,2,2019-04-25 15:38:41,34.840192783110695,35.53800483279424,True
185,3,2019-04-25 15:38:41,34.91448387119741,35.48068222310865,True
185,4,2019-04-25 15:38:41,34.88502414919721,35.46937072488445,True
185,5,2019-04-25 15:38:41,34.84594554152746,35.47982688415,True
186,0,2019-04-25 15:38:41,34.95729606177195,35.56265382318965,True
186,1,2019-04-25 15:38:41,34.91520517010275,35.54858613511843,True
186,2,2019-04-25 15:38:41,34.857853511763366,35.56648329543905,True
186,3,2019-04-25 15:38:41,34.921387735599325,35.50654989189706,True
186,4,2019-04-25 15:38:41,34.85063023465491,35.462125746663446,True
186,5,2019-04-25 15:38:41,34.831705810618864,35.46178100692535,True
187,0,2019-04-25 15:38:41,34.949694564616095,35.5929230960767,True
187,1,2019-04-25 15:38:41,34.90755806421791,35.57604602149359,True
187,2,2019-04-25 15:38:41,34.85887768980679,35.57367637090361,True
187,3,2019-04-25 15:38:41,34.95365152516406,35.52222589930341,True
187,4,2019-04-25 15:38:41,34.86145339445763,35.462852910896686,True
187,5,2019-04-25 15:38:41,34.86246315468208,35.500500125678144,True
188,0,2019-04-25 15:38:41,34.915050172489074,35.55044128246066,True
188,1,2019-04-25 15:38:41,34.84882484268539,35.58159750475785,True
188,2,2019-04-25 15:38:41,34.908203830616316,35.57024371038546,True
188,3,2019-04-25 15:38:41,34.91621672833061,35.51505967202494,True
188,4,2019-04-25 15:38:41,34.802382643538806,35.39891417338146,True
188,5,2019-04-25 15:38:41,34.884436780530244,35.509249041284434,True
189,0,2019-04-25 15:38:41,34.89914446609907,35.55963453776337,True
189,1,2019-04-25 15:38:41,34.92693862665754,35.5868936438795,True
189,2,2019-04-25 15:38:41,34.84284653900645,35.57489663824461,True
189,3,2019-04-25 15:38:41,34.91583158673412,35.50297715423785,True
189,4,2019-04-25 15:38:41,34.843315790041,35.4495088936771,True
189,5,2019-04-25 15:38:41,34.88243719725768,35.514358475423286,True
190,0,2019-04-25 15:38:41,34.92510437876148,35.593472545379704,True
190,1,2019-04-25 15:38:41,34.919733343345804,35.569097041222385,True
190,2,2019-04-25 15:38:41,34.87490027259295,35.569831776940255,True
190,3,2019-04-25 15:38:41,34.9360171832206,35.50795645122109,True
190,4,2019-04-25 15:38:41,34.834807567798606,35.457689941718144,True
190,5,2019-04-25 15:38:41,34.82701146960367,35.47152461363479,True
191,0,2019-04-25 15:38:41,34.96074699999853,35.57529919998128,True
191,1,2019-04-25 15:38:41,34.8796983656006,35.57420025627222,True
191,2,2019-04-25 15:38:41,34.8651677447428,35.56966434039927,True
191,3,2019-04-25 15:38:41,34.94115194082563,35.51765774681969,True
191,4,2019-04-25 15:38:41,34.81623948488108,35.425711466727236,True
191,5,2019-04-25 15:38:41,34.87804081727017,35.4884448795654,True
192,0,2019-04-25 15:38:41,34.92248412978796,35.604311374289715,True
192,1,2019-04-25 15:38:41,34.90729327359944,35.56511029435115,True
192,2,2019-04-25 15:38:41,34.84039384866718,35.57174324256306,True
192,3,2019-04-25 15:38:41,34.94404569285007,35.50325190109172,True
192,4,2019-04-25 15:38:41,34.86116773958311,35.45718517135982,True
192,5,2019-04-25 15:38:41,34.858727514614166,35.49969496500687,True
193,0,2019-04-25 15:38:41,34.944019908543105,35.60117414994601,True
193,1,2019-04-25 15:38:41,34.87828132512732,35.583144892090615,True
193,2,2019-04-25 15:38:41,34.87357130775059,35.5699340645191,True
193,3,2019-04-25 15:38:41,34.9278936908831,35.53637587898546,True
193,4,2019-04-25 15:38:41,34.84500625439335,35.45797194293787,True
193,5,2019-04-25 15:38:41,34.848636451873844,35.470112222797994,True
194,0,2019-04-25 15:38:41,34.91242398364176,35.56873561917577,True
194,1,2019-04-25 15:38:41,34.89892415573026,35.56259575305541,True
194,2,2019-04-25 15:38:41,34.88612715862336,35.59000510363989,True
194,3,2019-04-25 15:38:41,34.918615202311194,35.511724630800856,True
194,4,2019-04-25 15:38:41,34.86388823461348,35.478923748476234,True
194,5,2019-04-25 15:38:41,34.86533732998399,35.49370207179077,True
195,0,2019-04-25 15:38:41,34.91476733236205,35.57965939547481,True
195,1,2019-04-25 15:38:41,34.909502713066765,35.55680089174411,True
195,2,2019-04-25 15:38:41,34.90437847778013,35.566165826714915,True
195,3,2019-04-25 15:38:41,34.90341283824178,35.51703888166749,True
195,4,2019-04-25 15:38:41,34.87588159748655,35.453962314131815,True
195,5,2019-04-25 15:38:41,34.78921304316604,35.45614152150355,True
196,0,2019-04-25 15:38:41,34.93769732395606,35.55515235249279,True
196,1,2019-04-25 15:38:41,34.87734416711497,35.54357070349047,True
196,2,2019-04-25 15:38:41,34.86088208035478,35.56821066822476,True
196,3,2019-04-25 15:38:41,34.91697041003168,35.520587393970175,True
196,4,2019-04-25 15:38:41,34.86260863714203,35.445565644076005,True
196,5,2019-04-25 15:38:41,34.88343395788329,35.487221353563896,True
197,0,2019-04-25 15:38:41,34.88255656635277,35.5945663613635,True
197,1,2019-04-25 15:38:41,34.92762688038727,35.56964748767653,True
197,2,2019-04-25 15:38:41,34.86807251974756,35.577156695053866,True
197,3,2019-04-25 15:38:41,34.92800294508002,35.5275533872007,True
197,4,2019-04-25 15:38:41,34.818089904399486,35.441135876198324,True
197,5,2019-04-25 15:38:41,34.83887489896321,35.483677369445026,True
198,0,2019-04-25 15:38:41,34.93638411983754,35.58164859634,True
198,1,2019-04-25 15:38:41,34.89789312231984,35.57953017360248,True
198,2,2019-04-25 15:38:41,34.87034021062404,35.593021903858194,True
198,3,2019-04-25 15:38:41,34.950221553173584,35.52653967701467,True
198,4,2019-04-25 15:38:41,34.88128930824887,35.46206790797535,True
198,5,2019-04-25 15:38:41,34.837320333069066,35.47489582404061,True
199,0,2019-04-25 15:38:41,34.928076100203214,35.609876466972906,True
199,1,2019-04-25 15:38:41,34.885118106781206,35.536206809290455,True
199,2,2019-04-25 15:38:41,34.866497532071875,35.56847494947046,True
199,3,2019-04-25 15:38:41,34.93965526345465,35.52359606966764,True
199,4,2019-04-25 15:38:41,34.84459667868819,35.46378860374662,True
199,5,2019-04-25 15:38:41,34.88919682575138,35.4928587928918,True
200,0,2019-04-25 15:38:41,34.923193116164995,35.59026673827903,True
200,1,2019-04-25 15:38:41,34.88946940269388,35.57175763083895,True
200,2,2019-04-25 15:38:41,34.86436594967062,35.55825259068369,True
200,3,2019-04-25 15:38:41,34.9480029753765,35.5400922593355,True
200,4,2019-04-25 15:38:41,34.86398614298975,35.463348464393945,True
200,5,2019-04-25 15:38:41,34.8560434048337,35.47531913425239,True
201,0,2019-04-25 15:38:41,34.93552162466965,35.58285293185428,True
201,1,2019-04-25 15:38:41,34.908317237278574,35.577577237523116,True
201,2,2019-04-25 15:38:41,34.8506203473874,35.5706612128069,True
201,3,2019-04-25 15:38:41,34.936868830299105,35.48867168402701,True
201,4,2019-04-25 15:38:41,34.828583014043694,35.45132231778318,True
201,5,2019-04-25 15:38:41,34.87819859610016,35.506898824199624,True
202,0,2019-04-25 15:38:41,34.938070625745624,35.575447055838204,True
202,1,2019-04-25 15:38:41,34.87457978005877,35.57384006088536,True
202,2,2019-04-25 15:38:41,34.85694796155248,35.549264896471755,True
202,3,2019-04-25 15:38:41,34.93605104912426,35.54413636761372,True
202,4,2019-04-25 15:38:41,34.77938908196587,35.365869552169634,True
202,5,2019-04-25 15:38:41,34.82969040238063,35.47646896732715,True
203,0,2019-04-25 15:38:41,34.92018756502695,35.58962007071001,True
203,1,2019-04-25 15:38:41,34.92428327868538,35.57141668814049,True
203,2,2019-04-25 15:38:41,34.82998967797205,35.55676300970564,True
203,3,2019-04-25 15:38:41,34.950159297493855,35.52419632288907,True
203,4,2019-04-25 15:38:41,34.8522554726848,35.45100902440179,True
203,5,2019-04-25 15:38:41,34.83864728746118,35.47464411563839,True
204,0,2019-04-25 15:38:41,34.95391362439683,35.57588283811042,True
204,1,2019-04-25 15:38:41,34.89065611187975,35.58331754566914,True
204,2,2019-04-25 15:38:41,34.84175366461748,35.561208675035346,True
204,3,2019-04-25 15:38:41,34.95590838350105,35.50746247971644,True
204,4,2019-04-25 15:38:41,34.82638195184621,35.431703394640905,True
204,5,2019-04-25 15:38:41,34.85742002910527,35.46959115711307,True
205,0,2019-04-25 15:38:41,34.923501947772664,35.57716355519961,True
205,1,2019-04-25 15:38:41,34.877742578405325,35.578087725396095,True
205,2,2019-04-25 15:38:41,34.85195681975477,35.566756542544645,True
205,3,2019-04-25 15:38:41,34.917728190084645,35.525029725050366,True
205,4,2019-04-25 15:38:41,34.84556036461016,35.46665684980109,True
205,5,2019-04-25 15:38:41,34.85625149248586,35.480831023684615,True
206,0,2019-04-25 15:38:41,34.92778661529485,35.595099212711546,True
206,1,2019-04-25 15:38:41,34.92056840101539,35.578440177102394,True
206,2,2019-04-25 15:38:41,34.86529985271257,35.57360064677668,True
206,3,2019-04-25 15:38:41,34.914097383515724,35.51049966390893,True
206,4,2019-04-25 15:38:41,34.86438658442025,35.47271101869973,True
206,5,2019-04-25 15:38:41,34.81000749997701,35.46419795794158,True
207,0,2019-04-25 15:38:41,34.93303467468619,35.58161071396649,True
207,1,2019-04-25 15:38:41,34.92733742101324,35.580814585756436,True
207,2,2019-04-25 15:38:41,34.89324325967747,35.58077733200045,True
207,3,2019-04-25 15:38:41,34.92636514229425,35.54177752766162,True
207,4,2019-04-25 15:38:41,34.894727673202965,35.465207361921166,True
207,5,2019-04-25 15:38:41,34.88197545851571,35.47681578393103,True
208,0,2019-04-25 15:38:41,34.91459152552106,35.59507954204094,True
208,1,2019-04-25 15:38:41,34.89054395519549,35.568198710301,True
208,2,2019-04-25 15:38:41,34.84264709933105,35.56739100269136,True
208,3,2019-04-25 15:38:41,34.938442488642416,35.524679754565696,True
208,4,2019-04-25 15:38:41,34.83941095585114,35.43424124755491,True
208,5,2019-04-25 15:38:41,34.78771018318942,35.45811909736964,True
209,0,2019-04-25 15:38:41,34.962600727730695,35.575136727980144,True
209,1,2019-04-25 15:38:41,34.907175774708456,35.5914316819593,True
209,2,2019-04-25 15:38:41,34.88312991671419,35.573602200262435,True
209,3,2019-04-25 15:38:41,34.94706792332468,35.53406432825024,True
209,4,2019-04-25 15:38:41,34.86046832083176,35.46252647607555,True
209,5,2019-04-25 15:38:41,34.83403953416336,35.47886150131632,True
210,0,2019-04-25 15:38:41,34.920583122399655,35.58771529666646,True
210,1,2019-04-25 15:38:41,34.876400012473795,35.571935714886365,True
210,2,2019-04-25 15:38:41,34.87158523262705,35.55685443188638,True
210,3,2019-04-25 15:38:41,34.92536095417819,35.54057970860489,True
210,4,2019-04-25 15:38:41,34.883576923736385,35.477664954374795,True
210,5,2019-04-25 15:38:41,34.82695524053006,35.46749164885588,True
211,0,2019-04-25 15:38:41,34.92171562072617,35.59381684204754,True
211,1,2019-04-25 15:38:41,34.934543346190495,35.57260856967337,True
211,2,2019-04-25 15:38:41,34.85252621391149,35.56494847815452,True
211,3,2019-04-25 15:38:41,34.95992986105844,35.514270650792554,True
211,4,2019-04-25 15:38:41,34.823168016013,35.423762456652,True
211,5,2019-04-25 15:38:41,34.880200179128764,35.48991118812471,True
212,0,2019-04-25 15:38:41,34.92363368619749,35.58597941166974,True
212,1,2019-04-25 15:38:41,34.90492068923576,35.581815956790344,True
212,2,2019-04-25 15:38:41,34.880034193562174,35.57850310771843,True
212,3,2019-04-25 15:38:41,34.95018174405334,35.52444153063749,True
212,4,2019-04-25 15:38:41,34.80196280707748,35.42952963380163,True
212,5,2019-04-25 15:38:41,34.87643622808158,35.496128812569204,True
213,0,2019-04-25 15:38:41,34.894071376378015,35.585800560388435,True
213,1,2019-04-25 15:38:41,34.892393862142406,35.57734920113944,True
213,2,2019-04-25 15:38:41,34.86332100238317,35.5769748005364,True
213,3,2019-04-25 15:38:41,34.934061531460834,35.535086176135884,True
213,4,2019-04-25 15:38:41,34.83852993739927,35.44879286085075,True
213,5,2019-04-25 15:38:41,34.869710410079556,35.51903133020777,True
214,0,2019-04-25 15:38:41,34.92658527535873,35.59731852763904,True
214,1,2019-04-25 15:38:41,34.91234556870906,35.59770313173395,True
214,2,2019-04-25 15:38:41,34.833252099291116,35.569417627444444,True
214,3,2019-04-25 15:38:41,34.94313229329076,35.52048263138952,True
214,4,2019-04-25 15:38:41,34.82140983842808,35.434564252544675,True
214,5,2019-04-25 15:38:41,34.83052501797018,35.4841341568433,True
215,0,2019-04-25 15:38:41,34.92437991534397,35.58928283742929,True
215,1,2019-04-25 15:38:41,34.896406600875245,35.579194091686915,True
215,2,2019-04-25 15:38:41,34.879400133980866,35.57094898532632,True
215,3,2019-04-25 15:38:41,34.96036626868664,35.50626310680724,True
215,4,2019-04-25 15:38:41,34.8272582950662,35.43800196492259,True
215,5,2019-04-25 15:38:41,34.87093338609701,35.49487459204083,True
216,0,2019-04-25 15:38:41,34.93653518229151,35.56852819618425,True
216,1,2019-04-25 15:38:41,34.91977286646734,35.57961912718454,True
216,2,2019-04-25 15:38:41,34.84254712527536,35.578898423501094,True
216,3,2019-04-25 15:38:41,34.964757080623144,35.516909991996165,True
216,4,2019-04-25 15:38:41,34.89731921778826,35.48136558522068,True
216,5,2019-04-25 15:38:41,34.851465250469516,35.49311642060162,True
217,0,2019-04-25 15:38:41,34.91204683079786,35.59919587578843,True
217,1,2019-04-25 15:38:41,34.916368626727646,35.57792616575284,True
217,2,2019-04-25 15:38:41,34.86474297088991,35.56335739899802,True
217,3,2019-04-25 15:38:41,34.9547141933132,35.52839823756744,True
217,4,2019-04-25 15:38:41,34.844854061322565,35.44396290945883,True
217,5,2019-04-25 15:38:41,34.88910015929328,35.50407186649144,True
218,0,2019-04-25 15:38:41,34.92734718419613,35.574959097857636,True
218,1,2019-04-25 15:38:41,34.90514045104884,35.572333011637966,True
218,2,2019-04-25 15:38:41,34.85019385973656,35.56542134339429,True
218,3,2019-04-25 15:38:41,34.92242894891808,35.528682905610836,True
218,4,2019-04-25 15:38:41,34.84167042237945,35.450581079170306,True
218,5,2019-04-25 15:38:41,34.853871386429034,35.49480865410219,True
219,0,2019-04-25 15:38:41,34.93309547919517,35.57841759457349,True
219,1,2019-04-25 15:38:41,34.91179785446999,35.585058702584206,True
219,2,2019-04-25 15:38:41,34.85415516655871,35.577628520268476,True
219,3,2019-04-25 15:38:41,34.9585242489855,35.50460964788103,True
219,4,2019-04-25 15:38:41,34.881841811581296,35.455611944731785,True
219,5,2019-04-25 15:38:41,34.87457013399169,35.48856888791084,True
220,0,2019-04-25 15:38:41,34.94215694396492,35.587085473805175,True
220,1,2019-04-25 15:38:41,34.87738177643816,35.57453378057195,True
220,2,2019-04-25 15:38:41,34.858528576767775,35.58397593811906,True
220,3,2019-04-25 15:38:41,34.9437269410038,35.50285772950392,True
220,4,2019-04-25 15:38:41,34.853365387393744,35.45194006324082,True
220,5,2019-04-25 15:38:41,34.852789698509554,35.47320056273792,True
221,0,2019-04-25 15:38:41,34.93729682098931,35.59536715880109,True
221,1,2019-04-25 15:38:41,34.928091917227185,35.58455766847211,True
221,2,2019-04-25 15:38:41,34.85927153033745,35.568027141886155,True
221,3,2019-04-25 15:38:41,34.87384997073178,35.506799529874286,True
221,4,2019-04-25 15:38:41,34.83752191986285,35.44515544896622,True
221,5,2019-04-25 15:38:41,34.8641241790397,35.493805329889305,True
222,0,2019-04-25 15:38:41,34.94322107557723,35.58312274223189,True
222,1,2019-04-25 15:38:41,34.901050874426076,35.57973759665843,True
222,2,2019-04-25 15:38:41,34.85219730755012,35.56249961596834,True
222,3,2019-04-25 15:38:41,34.94713780700663,35.54953829307667,True
222,4,2019-04-25 15:38:41,34.87200278111575,35.470501726730745,True
222,5,2019-04-25 15:38:41,34.85812855235395,35.49353804670872,True
223,0,2019-04-25 15:38:41,34.92757498174663,35.571185756491396,True
223,1,2019-04-25 15:38:41,34.85274095258994,35.558164945429525,True
223,2,2019-04-25 15:38:41,34.84836219851385,35.57055254003246,True
223,3,2019-04-25 15:38:41,34.95862603758851,35.511356634736266,True
223,4,2019-04-25 15:38:41,34.88818253228976,35.48767454159894,True
223,5,2019-04-25 15:38:41,34.82917652473101,35.47931331894566,True
224,0,2019-04-25 15:38:41,34.930429391108085,35.5845765801111,True
224,1,2019-04-25 15:38:41,34.920017300477056,35.59458765360557,True
224,2,2019-04-25 15:38:41,34.87404110377609,35.56641729285649,True
224,3,2019-04-25 15:38:41,34.93764554680487,35.53028668444061,True
224,4,2019-04-25 15:38:41,34.85114348171879,35.45736147421576,True
224,5,2019-04-25 15:38:41,34.809268973234474,35.46361562133119,True
225,0,2019-04-25 15:38:41,34.916455265293095,35.58270435213663,True
225,1,2019-04-25 15:38:41,34.897091839590274,35.578521073028476,True
225,2,2019-04-25 15:38:41,34.88773717674184,35.5729548247405,True
225,3,2019-04-25 15:38:41,34.920107361609716,35.52033399737587,True
225,4,2019-04-25 15:38:41,34.7739217924416,35.37820387047766,True
225,5,2019-04-25 15:38:41,34.805912048056115,35.44614399833698,True
226,0,2019-04-25 15:38:41,34.955058277098665,35.56879103115652,True
226,1,2019-04-25 15:38:41,34.92718494940101,35.56558107937406,True
226,2,2019-04-25 15:38:41,34.854458311673994,35.575668983727006,True
226,3,2019-04-25 15:38:41,34.91149743272568,35.51505653627868,True
226,4,2019-04-25 15:38:41,34.84748696853,35.472246021745086,True
226,5,2019-04-25 15:38:41,34.85449707357407,35.47445724554112,True
227,0,2019-04-25 15:38:41,34.922648080940135,35.587071714344155,True
227,1,2019-04-25 15:38:41,34.88970760860944,35.567431203393355,True
227,2,2019-04-25 15:38:41,34.81943901282701,35.560146014985904,True
227,3,2019-04-25 15:38:41,34.938113745157736,35.53166986602459,True
227,4,2019-04-25 15:38:41,34.91395614113869,35.48471750057136,True
227,5,2019-04-25 15:38:41,34.82812749685917,35.498595577483,True
228,0,2019-04-25 15:38:41,34.89361305645292,35.587992233132006,True
228,1,2019-04-25 15:38:41,34.91618865240912,35.578237155458574,True
228,2,2019-04-25 15:38:41,34.86090255257872,35.5654164559914,True
228,3,2019-04-25 15:38:41,34.95438572910012,35.54507764301382,True
228,4,2019-04-25 15:38:41,34.902359126179036,35.48053067828993,True
228,5,2019-04-25 15:38:41,34.828010158666025,35.4658943351184,True
229,0,2019-04-25 15:38:41,34.898196996440404,35.55984219241855,True
229,1,2019-04-25 15:38:41,34.88764720751418,35.57631363039074,True
229,2,2019-04-25 15:38:41,34.88046742291427,35.56653766769206,True
229,3,2019-04-25 15:38:41,34.935972597338164,35.532934603581424,True
229,4,2019-04-25 15:38:41,34.860218278999,35.46677047976092,True
229,5,2019-04-25 15:38:41,34.843589918373624,35.49408521225816,True
230,0,2019-04-25 15:38:41,34.951539038846484,35.568985535680774,True
230,1,2019-04-25 15:38:41,34.899441684903,35.571780459165744,True
230,2,2019-04-25 15:38:41,34.8701247197877,35.56857889195164,True
230,3,2019-04-25 15:38:41,34.9270095722418,35.515415692774724,True
230,4,2019-04-25 15:38:41,34.81958706044276,35.44423938271103,True
230,5,2019-04-25 15:38:41,34.826372873028355,35.49250518105243,True
231,0,2019-04-25 15:38:41,34.90399334426447,35.5587682882419,True
231,1,2019-04-25 15:38:41,34.88079178769991,35.57246996154035,True
231,2,2019-04-25 15:38:41,34.83057501548484,35.56270441994781,True
231,3,2019-04-25 15:38:41,34.92212015708086,35.52761035753007,True
231,4,2019-04-25 15:38:41,34.826032486967534,35.439658586903796,True
231,5,2019-04-25 15:38:41,34.806582191804935,35.46264697780529,True
232,0,2019-04-25 15:38:41,34.94192181597126,35.574913712624074,True
232,1,2019-04-25 15:38:41,34.9133422986485,35.57380646802573,True
232,2,2019-04-25 15:38:41,34.78905468160327,35.546284844882734,True
232,3,2019-04-25 15:38:41,34.93793955587592,35.54617395955157,True
232,4,2019-04-25 15:38:41,34.81441935390878,35.41992174932732,True
232,5,2019-04-25 15:38:41,34.83781287907238,35.47816237319151,True
233,0,2019-04-25 15:38:41,34.92041324750913,35.58959079374584,True
233,1,2019-04-25 15:38:41,34.92138600066991,35.58248178255223,True
233,2,2019-04-25 15:38:41,34.846625476820726,35.568984517593904,True
233,3,2019-04-25 15:38:41,34.94629989807037,35.52274332337602,True
233,4,2019-04-25 15:38:41,34.87569013501358,35.452566143678986,True
233,5,2019-04-25 15:38:41,34.82234449201223,35.462299381521156,True
234,0,2019-04-25 15:38:41,34.89166633870467,35.59672963839434,True
234,1,2019-04-25 15:38:41,34.89823957312989,35.592468568958836,True
234,2,2019-04-25 15:38:41,34.834290551320166,35.55539460422257,True
234,3,2019-04-25 15:38:41,34.94041047926376,35.54792371477827,True
234,4,2019-04-25 15:38:41,34.846893736016085,35.45631691998069,True
234,5,2019-04-25 15:38:41,34.83892218452866,35.47413574325372,True
235,0,2019-04-25 15:38:41,34.92380069800085,35.600222142962615,True
235,1,2019-04-25 15:38:41,34.92240499782456,35.54690611825189,True
235,2,2019-04-25 15:38:41,34.87486508109281,35.56799511794657,True
235,3,2019-04-25 15:38:41,34.937019817602895,35.51306956404181,True
235,4,2019-04-25 15:38:41,34.853669362168105,35.457007810659015,True
235,5,2019-04-25 15:38:41,34.86977094670279,35.50887551455355,True
236,0,2019-04-25 15:38:41,34.93595112265797,35.5661314180281,True
236,1,2019-04-25 15:38:41,34.8762803528179,35.573990518892536,True
236,2,2019-04-25 15:38:41,34.84315873924026,35.564074347052234,True
236,3,2019-04-25 15:38:41,34.900617521566495,35.5254083473051,True
236,4,2019-04-25 15:38:41,34.85325680796711,35.458652097826,True
236,5,2019-04-25 15:38:41,34.80254915609762,35.44395738964151,True
237,0,2019-04-25 15:38:41,34.914142083796044,35.57198538668811,True
237,1,2019-04-25 15:38:41,34.910069870993965,35.56264972467614,True
237,2,2019-04-25 15:38:41,34.86722263403805,35.570536634610946,True
237,3,2019-04-25 15:38:41,34.93895888691559,35.507236185773564,True
237,4,2019-04-25 15:38:41,34.7855198915981,35.39006108715254,True
237,5,2019-04-25 15:38:41,34.80317826787282,35.45848337219584,True
238,0,2019-04-25 15:38:41,34.92417112127407,35.57043761217397,True
238,1,2019-04-25 15:38:41,34.92272444756005,35.593548956478756,True
238,2,2019-04-25 15:38:41,34.85425198641529,35.56936961169161,True
238,3,2019-04-25 15:38:41,34.91068061942219,35.49282433730242,True
238,4,2019-04-25 15:38:41,34.839014447902485,35.45038800807505,True
238,5,2019-04-25 15:38:41,34.83109166010143,35.46097560498985,True
239,0,2019-04-25 15:38:41,34.89234010815506,35.57861241553712,True
239,1,2019-04-25 15:38:41,34.901210020374585,35.57097596514316,True
239,2,2019-04-25 15:38:41,34.85107597486402,35.56919614095394,True
239,3,2019-04-25 15:38:41,34.97271062408591,35.51298128086614,True
239,4,2019-04-25 15:38:41,34.90922589150242,35.49495449164308,True
239,5,2019-04-25 15:38:41,34.867381315994265,35.50564422931648,True
240,0,2019-04-25 15:38:41,34.93889427209101,35.594980800537044,True
240,1,2019-04-25 15:38:41,34.89600412982404,35.57545293149227,True
240,2,2019-04-25 15:38:41,34.85680166863582,35.56433802164392,True
240,3,2019-04-25 15:38:41,34.930225580087225,35.52724538408752,True
240,4,2019-04-25 15:38:41,34.862383578639104,35.471406924539664,True
240,5,2019-04-25 15:38:41,34.84443162484473,35.49367807585246,True
241,0,2019-04-25 15:38:41,34.926219329578736,35.56850737128815,True
241,1,2019-04-25 15:38:41,34.8620709730897,35.5459911582926,True
241,2,2019-04-25 15:38:41,34.83545454169554,35.56031558709908,True
241,3,2019-04-25 15:38:41,34.966162772373366,35.52428869267366,True
241,4,2019-04-25 15:38:41,34.83771009912678,35.460496510631316,True
241,5,2019-04-25 15:38:41,34.83407986412377,35.46889420422964,True
242,0,2019-04-25 15:38:41,34.90887290492047,35.59463620121789,True
242,1,2019-04-25 15:38:41,34.899584592165226,35.55925697416906,True
242,2,2019-04-25 15:38:41,34.87211892038625,35.574562281843285,True
242,3,2019-04-25 15:38:41,34.935138218057645,35.52030723907501,True
242,4,2019-04-25 15:38:41,34.88506121344761,35.46024000930329,True
242,5,2019-04-25 15:38:41,34.85806145954019,35.49293132444006,True
243,0,2019-04-25 15:38:41,34.88869066324407,35.594829246476905,True
243,1,2019-04-25 15:38:41,34.88619977962719,35.580598878855334,True
243,2,2019-04-25 15:38:41,34.84097148780401,35.560884982326385,True
243,3,2019-04-25 15:38:41,34.91790147027128,35.52683249659555,True
243,4,2019-04-25 15:38:41,34.853744798631716,35.437237039783824,True
243,5,2019-04-25 15:38:41,34.82252745539989,35.47703692150816,True
244,0,2019-04-25 15:38:41,34.92266637146114,35.56905338109721,True
244,1,2019-04-25 15:38:41,34.89402659205227,35.57112501201335,True
244,2,2019-04-25 15:38:41,34.874386246691465,35.57645354981995,True
244,3,2019-04-25 15:38:41,34.94897580604265,35.539501672910895,True
244,4,2019-04-25 15:38:41,34.78640620821659,35.4043949446439,True
244,5,2019-04-25 15:38:41,34.84215295402365,35.45712993975732,True
245,0,2019-04-25 15:38:41,34.91439213482189,35.602128484049025,True
245,1,2019-04-25 15:38:41,34.89730336684223,35.57021338906281,True
245,2,2019-04-25 15:38:41,34.84633078283617,35.56471670731584,True
245,3,2019-04-25 15:38:41,34.94741573793531,35.554989088504556,True
245,4,2019-04-25 15:38:41,34.88908506509528,35.46696009239196,True
245,5,2019-04-25 15:38:41,34.81100889626825,35.459428219576935,True
246,0,2019-04-25 15:38:41,34.92981228898473,35.57794335866231,True
246,1,2019-04-25 15:38:41,34.91747882443671,35.59339973840327,True
246,2,2019-04-25 15:38:41,34.85042022709108,35.57027791297181,True
246,3,2019-04-25 15:38:41,34.9469066714167,35.541046818842794,True
246,4,2019-04-25 15:38:41,34.87433409436344,35.485737309274164,True
246,5,2019-04-25 15:38:41,34.812523484045435,35.48409822147739,True
247,0,2019-04-25 15:38:41,34.91468236390959,35.601272624840966,True
247,1,2019-04-25 15:38:41,34.91691657105053,35.584919265965766,True
247,2,2019-04-25 15:38:41,34.83694956461909,35.56436083308664,True
247,3,2019-04-25 15:38:41,34.95911706980494,35.50376516196986,True
247,4,2019-04-25 15:38:41,34.86878567113946,35.455242480684824,True
247,5,2019-04-25 15:38:41,34.80407925967675,35.45449453589971,True
248,0,2019-04-25 15:38:41,34.944091591397594,35.592549224835736,True
248,1,2019-04-25 15:38:41,34.87759194122696,35.582451702116,True
248,2,2019-04-25 15:38:41,34.85726765010254,35.56231703782747,True
248,3,2019-04-25 15:38:41,34.92617889262404,35.531240548864396,True
248,4,2019-04-25 15:38:41,34.80877229615827,35.414172033281886,True
248,5,2019-04-25 15:38:41,34.848942600361816,35.48895300689541,True
249,0,2019-04-25 15:38:41,34.900946388117035,35.590705258527045,True
249,1,2019-04-25 15:38:41,34.92171928988797,35.57995736115924,True
249,2,2019-04-25 15:38:41,34.84710170795898,35.57448665005614,True
249,3,2019-04-25 15:38:41,34.946677552990415,35.522942489495854,True
249,4,2019-04-25 15:38:41,34.84087091952663,35.45601224113997,True
249,5,2019-04-25 15:38:41,34.85228459508875,35.48240031685488,True
250,0,2019-04-25 15:38:41,34.92996994466852,35.591560836397036,True
250,1,2019-04-25 15:38:41,34.868362793805794,35.57240894160178,True
250,2,2019-04-25 15:38:41,34.82170118517461,35.55843510540917,True
250,3,2019-04-25 15:38:41,34.94311808853429,35.51821382936254,True
250,4,2019-04-25 15:38:41,34.874855173357,35.45098872838771,True
250,5,2019-04-25 15:38:41,34.760028756845564,35.40705590963819,True
251,0,2019-04-25 15:38:41,34.91043466391035,35.59582354500237,True
251,1,2019-04-25 15:38:41,34.895453627694366,35.55085154609338,True
251,2,2019-04-25 15:38:41,34.881828889339175,35.57930511987925,True
251,3,2019-04-25 15:38:41,34.912864237750135,35.519393601240495,True
251,4,2019-04-25 15:38:41,34.83372649375487,35.44684475339222,True
251,5,2019-04-25 15:38:41,34.83421297686739,35.47762834801521,True
252,0,2019-04-25 15:38:41,34.90813425596706,35.585161169130345,True
252,1,2019-04-25 15:38:41,34.87929440455621,35.55559468977934,True
252,2,2019-04-25 15:38:41,34.87501123753611,35.571856704664526,True
252,3,2019-04-25 15:38:41,34.92716799655084,35.55227474976669,True
252,4,2019-04-25 15:38:41,34.85514862611889,35.49207249173805,True
252,5,2019-04-25 15:38:41,34.78418360621063,35.42479179619259,True
253,0,2019-04-25 15:38:41,34.908148620131826,35.58169350021441,True
253,1,2019-04-25 15:38:41,34.89377406399235,35.560595142222425,True
253,2,2019-04-25 15:38:41,34.846618151085664,35.565835824705125,True
253,3,2019-04-25 15:38:41,34.93641305093012,35.52534810436707,True
253,4,2019-04-25 15:38:41,34.81131890627531,35.419827800659796,True
253,5,2019-04-25 15:38:41,34.83699013658431,35.49302392494187,True
254,0,2019-04-25 15:38:41,34.938162311321,35.60277667224164,True
254,1,2019-04-25 15:38:41,34.916753957484076,35.588413683727715,True
254,2,2019-04-25 15:38:41,34.86773193567603,35.57218683962482,True
254,3,2019-04-25 15:38:41,34.942387846427174,35.51596283868845,True
254,4,2019-04-25 15:38:41,34.85035855998643,35.466655673748846,True
254,5,2019-04-25 15:38:41,34.83204499297404,35.49181080768192,True
255,0,2019-04-25 15:38:41,34.91141774642031,35.58554131830327,True
255,1,2019-04-25 15:38:41,34.88488437514703,35.57064570448621,True
255,2,2019-04-25 15:38:41,34.905276858247376,35.580834009706805,True
255,3,2019-04-25 15:38:41,34.943716219939645,35.52697940916191,True
255,4,2019-04-25 15:38:41,34.89751252223261,35.48426627748338,True
255,5,2019-04-25 15:38:41,34.85067760429437,35.51867764109066,True
256,0,2019-04-25 15:38:41,34.92458864076098,35.583885249786974,True
256,1,2019-04-25 15:38:41,34.86964066389699,35.5664082599592,True
256,2,2019-04-25 15:38:41,34.872062659410524,35.57431355448411,True
256,3,2019-04-25 15:38:41,34.947673546951435,35.53035615446679,True
256,4,2019-04-25 15:38:41,34.82852938903614,35.43804993413007,True
256,5,2019-04-25 15:38:41,34.82427849181103,35.45872341563688,True
257,0,2019-04-25 15:38:41,34.93997453589938,35.56746710652752,True
257,1,2019-04-25 15:38:41,34.906429051475634,35.58435819326686,True
257,2,2019-04-25 15:38:41,34.875698427926885,35.5771621780611,True
257,3,2019-04-25 15:38:41,34.94786232654091,35.50431640238776,True
257,4,2019-04-25 15:38:41,34.83570776628536,35.45481305402103,True
257,5,2019-04-25 15:38:41,34.80961408870332,35.4556226758719,True
258,0,2019-04-25 15:38:41,34.93705219802934,35.591195185431815,True
258,1,2019-04-25 15:38:41,34.90250002774714,35.55691808464492,True
258,2,2019-04-25 15:38:41,34.84539286034495,35.56268849901458,True
258,3,2019-04-25 15:38:41,34.92833531539239,35.511211097280295,True
258,4,2019-04-25 15:38:41,34.85032152467036,35.47874022155182,True
258,5,2019-04-25 15:38:41,34.85763846798766,35.489675993151195,True
259,0,2019-04-25 15:38:41,34.90365783918067,35.58922675791824,True
259,1,2019-04-25 15:38:41,34.88881265166368,35.559897240124954,True
259,2,2019-04-25 15:38:41,34.873655760210845,35.56956050292743,True
259,3,2019-04-25 15:38:41,34.95923957097286,35.53221845465586,True
259,4,2019-04-25 15:38:41,34.83083487240743,35.447497011730974,True
259,5,2019-04-25 15:38:41,34.862256928745346,35.484330418390655,True
260,0,2019-04-25 15:38:41,34.9480426214118,35.60969526383887,True
260,1,2019-04-25 15:38:41,34.8835462591038,35.560905768003984,True
260,2,2019-04-25 15:38:41,34.84755158349227,35.57592081634315,True
260,3,2019-04-25 15:38:41,34.914593970403374,35.50358341710468,True
260,4,2019-04-25 15:38:41,34.84631350527436,35.45074288381066,True
260,5,2019-04-25 15:38:41,34.87754074095308,35.49144319794518,True
261,0,2019-04-25 15:38:41,34.904542275103225,35.60448661225896,True
261,1,2019-04-25 15:38:41,34.906054898138585,35.57916467336285,True
261,2,2019-04-25 15:38:41,34.86185259293075,35.570911652799964,True
261,3,2019-04-25 15:38:41,34.94841236703017,35.53654631411777,True
261,4,2019-04-25 15:38:41,34.85625309863542,35.476778150682556,True
261,5,2019-04-25 15:38:41,34.843894263160514,35.4669734491889,True
262,0,2019-04-25 15:38:41,34.93316478670565,35.58742099956464,True
262,1,2019-04-25 15:38:41,34.875025697817975,35.56569993004685,True
262,2,2019-04-25 15:38:41,34.82593589802468,35.56210386174726,True
262,3,2019-04-25 15:38:41,34.92126880075256,35.49376585250341,True
262,4,2019-04-25 15:38:41,34.78826409488959,35.387868270312,True
262,5,2019-04-25 15:38:41,34.85929426457384,35.50144763804268,True
263,0,2019-04-25 15:38:41,34.918210397428666,35.58728076469277,True
263,1,2019-04-25 15:38:41,34.89761349785696,35.5885703973653,True
263,2,2019-04-25 15:38:41,34.827426640563665,35.5697756540923,True
263,3,2019-04-25 15:38:41,34.9418279689252,35.524951088708754,True
263,4,2019-04-25 15:38:41,34.800632364081025,35.43640903681443,True
263,5,2019-04-25 15:38:41,34.873054710022096,35.50247038760346,True
264,0,2019-04-25 15:38:41,34.94692511901902,35.56290908039703,True
264,1,2019-04-25 15:38:41,34.8762082287658,35.57153481675041,True
264,2,2019-04-25 15:38:41,34.870156203285745,35.55969417503938,True
264,3,2019-04-25 15:38:41,34.91947308438936,35.52389654498184,True
264,4,2019-04-25 15:38:41,34.79437213909063,35.36862407047055,True
264,5,2019-04-25 15:38:41,34.82017830249383,35.473798482167,True
265,0,2019-04-25 15:38:41,34.89894014869639,35.57582963117384,True
265,1,2019-04-25 15:38:41,34.879022321798786,35.573274563446454,True
265,2,2019-04-25 15:38:41,34.86383857754352,35.57399013596444,True
265,3,2019-04-25 15:38:41,34.93463946798533,35.543768443734464,True
265,4,2019-04-25 15:38:41,34.86284093102265,35.45571364651962,True
265,5,2019-04-25 15:38:41,34.83768437857287,35.48893232466505,True
266,0,2019-04-25 15:38:41,34.915670850706384,35.592188041284004,True
266,1,2019-04-25 15:38:41,34.896169082882274,35.57329604244227,True
266,2,2019-04-25 15:38:41,34.84360431511758,35.571857925567876,True
266,3,2019-04-25 15:38:41,34.901835896613484,35.48011131193117,True
266,4,2019-04-25 15:38:41,34.815267015574065,35.4398033314691,True
266,5,2019-04-25 15:38:41,34.81700666123372,35.463025171635024,True
267,0,2019-04-25 15:38:41,34.91332413567938,35.58314429275721,True
267,1,2019-04-25 15:38:41,34.93576948149166,35.55468502363879,True
267,2,2019-04-25 15:38:41,34.85812703493214,35.57549765277144,True
267,3,2019-04-25 15:38:41,34.9346280639811,35.527644875795524,True
267,4,2019-04-25 15:38:41,34.79449866954768,35.394622767527295,True
267,5,2019-04-25 15:38:41,34.85323880669566,35.48532345260159,True
268,0,2019-04-25 15:38:41,34.87496052484556,35.59266660463156,True
268,1,2019-04-25 15:38:41,34.90425664956278,35.56869637614805,True
268,2,2019-04-25 15:38:41,34.827114517869056,35.5523706387969,True
268,3,2019-04-25 15:38:41,34.922579405409685,35.51257054141317,True
268,4,2019-04-25 15:38:41,34.85883718210074,35.4492932723906,True
268,5,2019-04-25 15:38:41,34.83639803465185,35.45501669384507,True
269,0,2019-04-25 15:38:41,34.927654244852405,35.57914206953648,True
269,1,2019-04-25 15:38:41,34.89466503301331,35.58712750423876,True
269,2,2019-04-25 15:38:41,34.87173341024915,35.56671649258434,True
269,3,2019-04-25 15:38:41,34.96436961508623,35.51038389131429,True
269,4,2019-04-25 15:38:41,34.837254079464444,35.426070670162105,True
269,5,2019-04-25 15:38:41,34.83195606178946,35.49382127284006,True
270,0,2019-04-25 15:38:41,34.911889146106574,35.57976905306233,True
270,1,2019-04-25 15:38:41,34.861469516547196,35.54828068876544,True
270,2,2019-04-25 15:38:41,34.80774344346354,35.53662800381945,True
270,3,2019-04-25 15:38:41,34.970461761779774,35.532445725122805,True
270,4,2019-04-25 15:38:41,34.8291424770538,35.452595522271345,True
270,5,2019-04-25 15:38:41,34.82575176669598,35.4817934748694,True
271,0,2019-04-25 15:38:41,34.88905720563486,35.590498681324014,True
271,1,2019-04-25 15:38:41,34.9074059312204,35.589776034428574,True
271,2,2019-04-25 15:38:41,34.86437335414589,35.56342690321774,True
271,3,2019-04-25 15:38:41,34.91458223273945,35.50172983873066,True
271,4,2019-04-25 15:38:41,34.80921756464886,35.40864483552413,True
271,5,2019-04-25 15:38:41,34.830699403376805,35.46978230325803,True
272,0,2019-04-25 15:38:41,34.90306598595195,35.58888541348991,True
272,1,2019-04-25 15:38:41,34.916128686525205,35.58078052607565,True
272,2,2019-04-25 15:38:41,34.854621494413635,35.56924073414215,True
272,3,2019-04-25 15:38:41,34.930998159359156,35.51474904909064,True
272,4,2019-04-25 15:38:41,34.874308832186564,35.47674779207683,True
272,5,2019-04-25 15:38:41,34.78597070053075,35.443205434395246,True
273,0,2019-04-25 15:38:41,34.9073995291878,35.577387838026496,True
273,1,2019-04-25 15:38:41,34.87767530225252,35.583708486554734,True
273,2,2019-04-25 15:38:41,34.861888638570306,35.563437075715875,True
273,3,2019-04-25 15:38:41,34.9117964432332,35.51497672263814,True
273,4,2019-04-25 15:38:41,34.86895640652282,35.46547925917973,True
273,5,2019-04-25 15:38:41,34.82790770270655,35.47342132218807,True
274,0,2019-04-25 15:38:41,34.897939393619026,35.592147424625004,True
274,1,2019-04-25 15:38:41,34.86863834072804,35.57616970938923,True
274,2,2019-04-25 15:38:41,34.82237437154776,35.5610146662006,True
274,3,2019-04-25 15:38:41,34.922961925516766,35.50890530667635,True
274,4,2019-04-25 15:38:41,34.81064701825244,35.4548216729454,True
274,5,2019-04-25 15:38:41,34.882305822567155,35.51757422314944,True
275,0,2019-04-25 15:38:41,34.91808906525023,35.56747102257042,True
275,1,2019-04-25 15:38:41,34.92133710903517,35.58521058656179,True
275,2,2019-04-25 15:38:41,34.83560294854743,35.56007257660199,True
275,3,2019-04-25 15:38:41,34.93853774484865,35.517026469970865,True
275,4,2019-04-25 15:38:41,34.815223055751424,35.42484044971404,True
275,5,2019-04-25 15:38:41,34.8203653861327,35.47103521746546,True
276,0,2019-04-25 15:38:41,34.89091715563169,35.578975657263456,True
276,1,2019-04-25 15:38:41,34.86610707178479,35.5648111213942,True
276,2,2019-04-25 15:38:41,34.83779801555573,35.55432270089836,True
276,3,2019-04-25 15:38:41,34.94369687145819,35.56131297659816,True
276,4,2019-04-25 15:38:41,34.84510839208222,35.45590788766259,True
276,5,2019-04-25 15:38:41,34.813550379501386,35.472632932754685,True
277,0,2019-04-25 15:38:41,34.93855731777417,35.58671652338965,True
277,1,2019-04-25 15:38:41,34.90408197300169,35.58992865430156,True
277,2,2019-04-25 15:38:41,34.88241931434524,35.57560107122718,True
277,3,2019-04-25 15:38:41,34.93598530206159,35.53880730897968,True
277,4,2019-04-25 15:38:41,34.84851992278042,35.46207770670626,True
277,5,2019-04-25 15:38:41,34.83161819433738,35.484547605620946,True
278,0,2019-04-25 15:38:41,34.92536218276145,35.58408207551771,True
278,1,2019-04-25 15:38:41,34.881420687298615,35.57262926048035,True
278,2,2019-04-25 15:38:41,34.8593265900701,35.57720450815166,True
278,3,2019-04-25 15:38:41,34.96232783397344,35.537499971854714,True
278,4,2019-04-25 15:38:41,34.824230131971596,35.44405727751219,True
278,5,2019-04-25 15:38:41,34.81054372587298,35.47736031305797,True
279,0,2019-04-25 15:38:41,34.93594135635665,35.57543771008162,True
279,1,2019-04-25 15:38:41,34.89374360212717,35.57218418547295,True
279,2,2019-04-25 15:38:41,34.873669991292346,35.56690656082932,True
279,3,2019-04-25 15:38:41,34.924225523955585,35.548631112352915,True
279,4,2019-04-25 15:38:41,34.83264752794133,35.45174712563396,True
279,5,2019-04-25 15:38:41,34.84582750051461,35.49421934616151,True
280,0,2019-04-25 15:38:41,34.92386567322628,35.58919490408898,True
280,1,2019-04-25 15:38:41,34.87814151094065,35.565181093901096,True
280,2,2019-04-25 15:38:41,34.820266097784085,35.56792573751082,True
280,3,2019-04-25 15:38:41,34.926191033033874,35.548331634120224,True
280,4,2019-04-25 15:38:41,34.81198952369603,35.4136384923146,True
280,5,2019-04-25 15:38:41,34.81471242468984,35.45094854607017,True
281,0,2019-04-25 15:38:41,34.9094307417587,35.59122647327235,True
281,1,2019-04-25 15:38:41,34.86819852833777,35.556172710063194,True
281,2,2019-04-25 15:38:41,34.843846645438646,35.5685789876127,True
281,3,2019-04-25 15:38:41,34.92593192378998,35.54894755673945,True
281,4,2019-04-25 15:38:41,34.81717717148274,35.41949992289757,True
281,5,2019-04-25 15:38:41,34.85220327409923,35.49093094419378,True
282,0,2019-04-25 15:38:41,34.92222953917648,35.58628640377381,True
282,1,2019-04-25 15:38:41,34.90272224372695,35.55740699996759,True
282,2,2019-04-25 15:38:41,34.82789857413701,35.561234336707436,True
282,3,2019-04-25 15:38:41,34.9500586552952,35.53779101020831,True
282,4,2019-04-25 15:38:41,34.83076145136753,35.45697917959114,True
282,5,2019-04-25 15:38:41,34.80352123167443,35.46223422219838,True
283,0,2019-04-25 15:38:41,34.90471218564871,35.595824583154254,True
283,1,2019-04-25 15:38:41,34.88235651641827,35.57030924877892,True
283,2,2019-04-25 15:38:41,34.821418357948566,35.55814013833357,True
283,3,2019-04-25 15:38:41,34.863394577443714,35.48909322868786,True
283,4,2019-04-25 15:38:41,34.836380994730554,35.44422052419439,True
283,5,2019-04-25 15:38:41,34.814761020409726,35.460209298401445,True
284,0,2019-04-25 15:38:41,34.90948907139357,35.58429910814005,True
284,1,2019-04-25 15:38:41,34.8944653813043,35.57117640062268,True
284,2,2019-04-25 15:38:41,34.827335405038504,35.558036957821386,True
284,3,2019-04-25 15:38:41,34.93291586708764,35.49058576274106,True
284,4,2019-04-25 15:38:41,34.860399517605124,35.46979350739375,True
284,5,2019-04-25 15:38:41,34.85605417007525,35.50549626074358,True
285,0,2019-04-25 15:38:41,34.89573994734131,35.5958380678285,True
285,1,2019-04-25 15:38:41,34.89070830935771,35.58479785849993,True
285,2,2019-04-25 15:38:41,34.865541842903,35.56591049856974,True
285,3,2019-04-25 15:38:41,34.902896024227694,35.49997931278977,True
285,4,2019-04-25 15:38:41,34.830206914805075,35.46676645770752,True
285,5,2019-04-25 15:38:41,34.821778654647396,35.47149757894035,True
286,0,2019-04-25 15:38:41,34.91371547170895,35.58962192401667,True
286,1,2019-04-25 15:38:41,34.89781516913103,35.56977723476255,True
286,2,2019-04-25 15:38:41,34.86079455030502,35.57960745947374,True
286,3,2019-04-25 15:38:41,34.93558478967028,35.51823107839048,True
286,4,2019-04-25 15:38:41,34.811560411439075,35.42697654836454,True
286,5,2019-04-25 15:38:41,34.83341744965372,35.45342705069092,True
287,0,2019-04-25 15:38:41,34.93925220742793,35.564149994564644,True
287,1,2019-04-25 15:38:41,34.87283466622977,35.584024763239626,True
287,2,2019-04-25 15:38:41,34.880675424547725,35.56889236325352,True
287,3,2019-04-25 15:38:41,34.92344265528282,35.510153293520325,True
287,4,2019-04-25 15:38:41,34.87336112171247,35.470946780154506,True
287,5,2019-04-25 15:38:41,34.84584008083029,35.492509646719434,True
288,0,2019-04-25 15:38:41,34.91421943942117,35.59543497076287,True
288,1,2019-04-25 15:38:41,34.875381469123994,35.574075835074545,True
288,2,2019-04-25 15:38:41,34.83291882861283,35.5585105411844,True
288,3,2019-04-25 15:38:41,34.94431547042529,35.50864880592674,True
288,4,2019-04-25 15:38:41,34.79576233918365,35.37093290200312,True
288,5,2019-04-25 15:38:41,34.7916039148778,35.46226540620197,True
289,0,2019-04-25 15:38:41,34.9259715380226,35.59381283784228,True
289,1,2019-04-25 15:38:41,34.90559705477977,35.56533279302592,True
289,2,2019-04-25 15:38:41,34.83695643628594,35.56463188042002,True
289,3,2019-04-25 15:38:41,34.929064791243654,35.52214308126111,True
289,4,2019-04-25 15:38:41,34.80915855359299,35.417384108757595,True
289,5,2019-04-25 15:38:41,34.899466731944294,35.49884873639813,True
290,0,2019-04-25 15:38:41,34.9188175174791,35.58564662900628,True
290,1,2019-04-25 15:38:41,34.8949675172985,35.58526779122239,True
290,2,2019-04-25 15:38:41,34.824345934984,35.55671754102413,True
290,3,2019-04-25 15:38:41,34.8956619815057,35.52536812593243,True
290,4,2019-04-25 15:38:41,34.820952503857384,35.433527589192934,True
290,5,2019-04-25 15:38:41,34.80467383401586,35.44724259110554,True
291,0,2019-04-25 15:38:41,34.902178367419225,35.58147840702685,True
291,1,2019-04-25 15:38:41,34.863011860738844,35.55488713887331,True
291,2,2019-04-25 15:38:41,34.84687035452702,35.57768628539191,True
291,3,2019-04-25 15:38:41,34.93942431618011,35.520399680070184,True
291,4,2019-04-25 15:38:41,34.83121509468373,35.42471096976409,True
291,5,2019-04-25 15:38:41,34.81472485133071,35.46003034090901,True
292,0,2019-04-25 15:38:41,34.92645925923292,35.5949246258793,True
292,1,2019-04-25 15:38:41,34.88298950325966,35.58326260142842,True
292,2,2019-04-25 15:38:41,34.80009938304566,35.5464819215886,True
292,3,2019-04-25 15:38:41,34.924341501996295,35.51041190347726,True
292,4,2019-04-25 15:38:41,34.8407211285074,35.42850964960931,True
292,5,2019-04-25 15:38:41,34.79171909281895,35.45994059795094,True
293,0,2019-04-25 15:38:41,34.90965917653479,35.58433819641832,True
293,1,2019-04-25 15:38:41,34.899627082930515,35.563957454507346,True
293,2,2019-04-25 15:38:41,34.86926805554133,35.56599153706552,True
293,3,2019-04-25 15:38:41,34.92233895358083,35.514777292253235,True
293,4,2019-04-25 15:38:41,34.80696284127045,35.40027786102772,True
293,5,2019-04-25 15:38:41,34.84613822620159,35.470360028909944,True
294,0,2019-04-25 15:38:41,34.91860363264406,35.58271109899663,True
294,1,2019-04-25 15:38:41,34.906704253860966,35.580792704020205,True
294,2,2019-04-25 15:38:41,34.83891181121423,35.56191757493915,True
294,3,2019-04-25 15:38:41,34.958681472614884,35.53677673761722,True
294,4,2019-04-25 15:38:41,34.85438741784672,35.43755806354127,True
294,5,2019-04-25 15:38:41,34.82018026394939,35.460260028810296,True
295,0,2019-04-25 15:38:41,34.91202797126301,35.58886689024218,True
295,1,2019-04-25 15:38:41,34.86558406604151,35.557593572047146,True
295,2,2019-04-25 15:38:41,34.83221894519388,35.55996921978695,True
295,3,2019-04-25 15:38:41,34.916365867233104,35.49741924609553,True
295,4,2019-04-25 15:38:41,34.84126412050286,35.46435589376936,True
295,5,2019-04-25 15:38:41,34.84409857697886,35.47862183788136,True
296,0,2019-04-25 15:38:41,34.90484378599493,35.56358095548367,True
296,1,2019-04-25 15:38:41,34.88298086736641,35.560660420421605,True
296,2,2019-04-25 15:38:41,34.841640557560105,35.55656968890112,True
296,3,2019-04-25 15:38:41,34.91954036044944,35.50733024968631,True
296,4,2019-04-25 15:38:41,34.80016177963444,35.413875964946854,True
296,5,2019-04-25 15:38:41,34.8656959432836,35.48555079623771,True
297,0,2019-04-25 15:38:41,34.90897089560658,35.58002051542281,True
297,1,2019-04-25 15:38:41,34.891438141480016,35.563474646348446,True
297,2,2019-04-25 15:38:41,34.85919374209549,35.577421792241395,True
297,3,2019-04-25 15:38:41,34.91279074212081,35.52559871419373,True
297,4,2019-04-25 15:38:41,34.839195752327214,35.443260191739,True
297,5,2019-04-25 15:38:41,34.8155415170388,35.459149023219936,True
298,0,2019-04-25 15:38:41,34.90967106691772,35.59242094728326,True
298,1,2019-04-25 15:38:41,34.905144361786704,35.576543604066416,True
298,2,2019-04-25 15:38:41,34.83566597414671,35.549563918959656,True
298,3,2019-04-25 15:38:41,34.93947830573567,35.52516830905699,True
298,4,2019-04-25 15:38:41,34.878362731392365,35.46887880166121,True
298,5,2019-04-25 15:38:41,34.81760096412552,35.466532073990905,True
299,0,2019-04-25 15:38:41,34.91278506634275,35.5838955256056,True
299,1,2019-04-25 15:38:41,34.91326049884598,35.55260269186388,True
299,2,2019-04-25 15:38:41,34.8661061107074,35.56636334604322,True
299,3,2019-04-25 15:38:41,34.91295214668497,35.51659192214464,True
299,4,2019-04-25 15:38:41,34.829646489518495,35.43830396050484,True
299,5,2019-04-25 15:38:41,34.837420189690064,35.477919992187466,True
300,0,2019-04-25 15:38:41,34.90454690888495,35.578711841283734,True
300,1,2019-04-25 15:38:41,34.8858525268179,35.56543889047595,True
300,2,2019-04-25 15:38:41,34.853178477300915,35.55398149621259,True
300,3,2019-04-25 15:38:41,34.90309695012966,35.52040821412211,True
300,4,2019-04-25 15:38:41,34.80666324779973,35.397530240665915,True
300,5,2019-04-25 15:38:41,34.83370218717309,35.468644370530754,True
301,0,2019-04-25 15:38:41,34.884247376433066,35.5675077463188,True
301,1,2019-04-25 15:38:41,34.877853504249636,35.58269360010579,True
301,2,2019-04-25 15:38:41,34.84207893756075,35.556194510653015,True
301,3,2019-04-25 15:38:41,34.93672393649006,35.514662160822745,True
301,4,2019-04-25 15:38:41,34.83153613346699,35.45313092057329,True
301,5,2019-04-25 15:38:41,34.86546419852947,35.50497530633456,True
302,0,2019-04-25 15:38:41,34.91351693020901,35.59237430264077,True
302,1,2019-04-25 15:38:41,34.881825433421334,35.58710224233451,True
302,2,2019-04-25 15:38:41,34.866021983319264,35.57551416118666,True
302,3,2019-04-25 15:38:41,34.93568125607593,35.520312416889944,True
302,4,2019-04-25 15:38:41,34.801833473649005,35.39855233051201,True
302,5,2019-04-25 15:38:41,34.82284847330642,35.480084534678404,True
303,0,2019-04-25 15:38:41,34.92050000211652,35.592970135220554,True
303,1,2019-04-25 15:38:41,34.90356040570549,35.58510262963846,True
303,2,2019-04-25 15:38:41,34.849719396936074,35.57772018120438,True
303,3,2019-04-25 15:38:41,34.93478465084436,35.52705698742585,True
303,4,2019-04-25 15:38:41,34.83018738807252,35.4336106055395,True
303,5,2019-04-25 15:38:41,34.79755552999719,35.433585137423194,True
304,0,2019-04-25 15:38:41,34.89836886037165,35.58880115410304,True
304,1,2019-04-25 15:38:41,34.91032189168006,35.566102592487475,True
304,2,2019-04-25 15:38:41,34.866857220221846,35.572228687183184,True
304,3,2019-04-25 15:38:41,34.91915177013121,35.53253662867812,True
304,4,2019-04-25 15:38:41,34.84054476198433,35.45451410643853,True
304,5,2019-04-25 15:38:41,34.795703747219264,35.45503513797326,True
305,0,2019-04-25 15:38:41,34.902590566122356,35.58778362354636,True
305,1,2019-04-25 15:38:41,34.910376660081226,35.57132489418139,True
305,2,2019-04-25 15:38:41,34.82242814713727,35.55409635380668,True
305,3,2019-04-25 15:38:41,34.973517075469,35.511140666411585,True
305,4,2019-04-25 15:38:41,34.82770795357594,35.43395082721106,True
305,5,2019-04-25 15:38:41,34.787901212216106,35.43736411273652,True
306,0,2019-04-25 15:38:41,34.922793122042975,35.57285158070366,True
306,1,2019-04-25 15:38:41,34.85965606301108,35.54647293368048,True
306,2,2019-04-25 15:38:41,34.840035734468266,35.57055510042057,True
306,3,2019-04-25 15:38:41,34.90014501437227,35.51871401722712,True
306,4,2019-04-25 15:38:41,34.84231389892096,35.46799500754517,True
306,5,2019-04-25 15:38:41,34.82273606600679,35.47096884049949,True
307,0,2019-04-25 15:38:41,34.901554566989894,35.58056606286296,True
307,1,2019-04-25 15:38:41,34.873323111775534,35.58164122566354,True
307,2,2019-04-25 15:38:41,34.859601143023674,35.57184132891637,True
307,3,2019-04-25 15:38:41,34.89684530093253,35.507036804905354,True
307,4,2019-04-25 15:38:41,34.789337382702925,35.401776414390795,True
307,5,2019-04-25 15:38:41,34.82589340188595,35.47255089149113,True
308,0,2019-04-25 15:38:41,34.8826203451756,35.57637724126249,True
308,1,2019-04-25 15:38:41,34.887129696423,35.57925335081639,True
308,2,2019-04-25 15:38:41,34.84826217360359,35.55452847783603,True
308,3,2019-04-25 15:38:41,34.94315178534615,35.51756889858301,True
308,4,2019-04-25 15:38:41,34.81126971438423,35.42376649016462,True
308,5,2019-04-25 15:38:41,34.843237849618006,35.4648344723376,True
309,0,2019-04-25 15:38:41,34.95694665709794,35.59191448046199,True
309,1,2019-04-25 15:38:41,34.884616987320925,35.5719619245174,True
309,2,2019-04-25 15:38:41,34.84571585358562,35.549626376057745,True
309,3,2019-04-25 15:38:41,34.92029887684971,35.52438216650223,True
309,4,2019-04-25 15:38:41,34.79483694757585,35.387448293404574,True
309,5,2019-04-25 15:38:41,34.842841368199196,35.46713027940451,True
310,0,2019-04-25 15:38:41,34.90795073838321,35.58366208763358,True
310,1,2019-04-25 15:38:41,34.88752638433924,35.56179858851678,True
310,2,2019-04-25 15:38:41,34.824621340622606,35.56041368000561,True
310,3,2019-04-25 15:38:41,34.94386062471807,35.517924080149754,True
310,4,2019-04-25 15:38:41,34.83163203880298,35.43722899836633,True
310,5,2019-04-25 15:38:41,34.81796962946395,35.4773280940295,True
311,0,2019-04-25 15:38:41,34.93685244077481,35.599305482112676,True
311,1,2019-04-25 15:38:41,34.8645467289421,35.57212713397608,True
311,2,2019-04-25 15:38:41,34.856876474326164,35.562549764695916,True
311,3,2019-04-25 15:38:41,34.90625177301591,35.53641475363571,True
311,4,2019-04-25 15:38:41,34.80221181006349,35.399074294898355,True
311,5,2019-04-25 15:38:41,34.86254079546481,35.495356576793895,True
312,0,2019-04-25 15:38:41,34.92041081182167,35.5783435207104,True
312,1,2019-04-25 15:38:41,34.85247855123445,35.55917646517432,True
312,2,2019-04-25 15:38:41,34.880969161682835,35.56200553480904,True
312,3,2019-04-25 15:38:41,34.971805392225825,35.508948836950545,True
312,4,2019-04-25 15:38:41,34.86278140245131,35.48183008931357,True
312,5,2019-04-25 15:38:41,34.863116600807146,35.50530555196065,True
313,0,2019-04-25 15:38:41,34.890820833608274,35.5872506253585,True
313,1,2019-04-25 15:38:41,34.87805456915602,35.56463389369202,True
313,2,2019-04-25 15:38:41,34.82048108542019,35.56337104767964,True
313,3,2019-04-25 15:38:41,34.93565685000853,35.54506423531534,True
313,4,2019-04-25 15:38:41,34.77829786581973,35.39735684081772,True
313,5,2019-04-25 15:38:41,34.83362687990748,35.4629502105629,True
314,0,2019-04-25 15:38:41,34.9158193446912,35.59885705028764,True
314,1,2019-04-25 15:38:41,34.864155894902126,35.57175970185138,True
314,2,2019-04-25 15:38:41,34.8699880923303,35.57776487003533,True
314,3,2019-04-25 15:38:41,34.923546726976966,35.50120702131332,True
314,4,2019-04-25 15:38:41,34.79146367965707,35.40399190156825,True
314,5,2019-04-25 15:38:41,34.815686781438394,35.47067449931831,True
315,0,2019-04-25 15:38:41,34.877819781190176,35.569081864818266,True
315,1,2019-04-25 15:38:41,34.87533186622797,35.57447293828703,True
315,2,2019-04-25 15:38:41,34.81802738120775,35.5487223729249,True
315,3,2019-04-25 15:38:41,34.96515474577521,35.518040395996145,True
315,4,2019-04-25 15:38:41,34.809015847459044,35.425941437032726,True
315,5,2019-04-25 15:38:41,34.83257371501104,35.47556236981784,True
316,0,2019-04-25 15:38:41,34.915915298170354,35.586036783507566,True
316,1,2019-04-25 15:38:41,34.872383476352276,35.5690227261507,True
316,2,2019-04-25 15:38:41,34.86189143859386,35.55890992916488,True
316,3,2019-04-25 15:38:41,34.9345996471692,35.51211542575537,True
316,4,2019-04-25 15:38:41,34.8240197280863,35.42669377639946,True
316,5,2019-04-25 15:38:41,34.809900970017615,35.468877453845806,True
317,0,2019-04-25 15:38:41,34.93134871641649,35.60369988399152,True
317,1,2019-04-25 15:38:41,34.91814730831423,35.56166932899307,True
317,2,2019-04-25 15:38:41,34.81408035695222,35.560257806073146,True
317,3,2019-04-25 15:38:41,34.91752692275095,35.51360540994147,True
317,4,2019-04-25 15:38:41,34.78551891889088,35.38799343151126,True
317,5,2019-04-25 15:38:41,34.74629956369707,35.369071365967145,True
318,0,2019-04-25 15:38:41,34.89215040780789,35.577499339942335,True
318,1,2019-04-25 15:38:41,34.86727770139683,35.57014416518479,True
318,2,2019-04-25 15:38:41,34.860426305533885,35.560659434660856,True
318,3,2019-04-25 15:38:41,34.90733008811598,35.509013295113306,True
318,4,2019-04-25 15:38:41,34.82829992846718,35.446825100155905,True
318,5,2019-04-25 15:38:41,34.846250779714204,35.48187590006592,True
319,0,2019-04-25 15:38:41,34.92721184738572,35.5894852527428,True
319,1,2019-04-25 15:38:41,34.873524683728256,35.56983570875919,True
319,2,2019-04-25 15:38:41,34.8659477777939,35.58183536610781,True
319,3,2019-04-25 15:38:41,34.92938378578867,35.51682769234786,True
319,4,2019-04-25 15:38:41,34.8344638623435,35.44244312606327,True
319,5,2019-04-25 15:38:41,34.895357550696154,35.49278996073654,True
320,0,2019-04-25 15:38:41,34.92922469819573,35.561986024104215,True
320,1,2019-04-25 15:38:41,34.891870999595966,35.566147966576985,True
320,2,2019-04-25 15:38:41,34.82763765178433,35.56509838298382,True
320,3,2019-04-25 15:38:41,34.9551082734849,35.513266798160295,True
320,4,2019-04-25 15:38:41,34.80256839493416,35.41926847213313,True
320,5,2019-04-25 15:38:41,34.869826385915744,35.48401975164069,True
321,0,2019-04-25 15:38:41,34.92343412635394,35.58379156950951,True
321,1,2019-04-25 15:38:41,34.90781487154141,35.562425490703276,True
321,2,2019-04-25 15:38:41,34.85031399173767,35.567857415628644,True
321,3,2019-04-25 15:38:41,34.94328119602858,35.52629189830194,True
321,4,2019-04-25 15:38:41,34.83453233401239,35.460927459229026,True
321,5,2019-04-25 15:38:41,34.799184222866266,35.4453697415721,True
322,0,2019-04-25 15:38:41,34.91092042306552,35.59027207469267,True
322,1,2019-04-25 15:38:41,34.89349073255378,35.566219054716484,True
322,2,2019-04-25 15:38:41,34.819777068145235,35.55958792773513,True
322,3,2019-04-25 15:38:41,34.92896374947244,35.521788039461164,True
322,4,2019-04-25 15:38:41,34.872126125646915,35.45445314258813,True
322,5,2019-04-25 15:38:41,34.834545396545266,35.50185097279168,True
323,0,2019-04-25 15:38:41,34.89370223969944,35.583572806909125,True
323,1,2019-04-25 15:38:41,34.87592456397242,35.56839769900932,True
323,2,2019-04-25 15:38:41,34.864514143738994,35.567675676733074,True
323,3,2019-04-25 15:38:41,34.92570081377699,35.52608679085189,True
323,4,2019-04-25 15:38:41,34.817294218179256,35.43234969500118,True
323,5,2019-04-25 15:38:41,34.81214102803078,35.46808770719458,True
324,0,2019-04-25 15:38:41,34.902255575913706,35.57287054207239,True
324,1,2019-04-25 15:38:41,34.899496295529744,35.561036952654526,True
324,2,2019-04-25 15:38:41,34.847610783777306,35.562510883946004,True
324,3,2019-04-25 15:38:41,34.911055654238695,35.514359064718256,True
324,4,2019-04-25 15:38:41,34.824403812374506,35.44627946069839,True
324,5,2019-04-25 15:38:41,34.79655521862615,35.44907334597156,True
325,0,2019-04-25 15:38:41,34.884515581096394,35.58462512036707,True
325,1,2019-04-25 15:38:41,34.88752142805375,35.574144071000326,True
325,2,2019-04-25 15:38:41,34.84967323702315,35.55079600432051,True
325,3,2019-04-25 15:38:41,34.89373709187514,35.53383254900546,True
325,4,2019-04-25 15:38:41,34.84932519491933,35.4426803096528,True
325,5,2019-04-25 15:38:41,34.81469690246169,35.459039776945026,True
326,0,2019-04-25 15:38:41,34.88673968214532,35.581629483763415,True
326,1,2019-04-25 15:38:41,34.861356860578844,35.56497462983663,True
326,2,2019-04-25 15:38:41,34.81563790220169,35.551794068076205,True
326,3,2019-04-25 15:38:41,34.932332106765415,35.54426310129313,True
326,4,2019-04-25 15:38:41,34.79912514436269,35.41066209717379,True
326,5,2019-04-25 15:38:41,34.805061259063876,35.46287870604437,True
327,0,2019-04-25 15:38:41,34.895199405213255,35.570368528165076,True
327,1,2019-04-25 15:38:41,34.86506847581125,35.58340920546289,True
327,2,2019-04-25 15:38:41,34.84102527483441,35.56508025156553,True
327,3,2019-04-25 15:38:41,34.93360357061998,35.52263850262292,True
327,4,2019-04-25 15:38:41,34.83844148603153,35.452959486156395,True
327,5,2019-04-25 15:38:41,34.842934050671175,35.5032620207404,True
328,0,2019-04-25 15:38:41,34.892419965310786,35.58148235681129,True
328,1,2019-04-25 15:38:41,34.85098592214056,35.572136759808075,True
328,2,2019-04-25 15:38:41,34.89172089991089,35.56683964844501,True
328,3,2019-04-25 15:38:41,34.884396745088885,35.500814252272335,True
328,4,2019-04-25 15:38:41,34.84282695224718,35.43493254805937,True
328,5,2019-04-25 15:38:41,34.821119563989605,35.469478229714205,True
329,0,2019-04-25 15:38:41,34.89938826906977,35.57608557563756,True
329,1,2019-04-25 15:38:41,34.89166548028763,35.569101003401336,True
329,2,2019-04-25 15:38:41,34.85906170697101,35.557707987304326,True
329,3,2019-04-25 15:38:41,34.95326322061758,35.50745319848603,True
329,4,2019-04-25 15:38:41,34.84818653582925,35.47507375045527,True
329,5,2019-04-25 15:38:41,34.854961372562265,35.489582699377884,True
330,0,2019-04-25 15:38:41,34.88913097100873,35.55159234134892,True
330,1,2019-04-25 15:38:41,34.86125399367992,35.55981623248111,True
330,2,2019-04-25 15:38:41,34.85358769522591,35.570073296344546,True
330,3,2019-04-25 15:38:41,34.88580747331899,35.509963344377844,True
330,4,2019-04-25 15:38:41,34.824157584645626,35.449695296697094,True
330,5,2019-04-25 15:38:41,34.827585138658044,35.464159852270356,True
331,0,2019-04-25 15:38:41,34.90226055461717,35.57846190731176,True
331,1,2019-04-25 15:38:41,34.869237290852595,35.57711083908387,True
331,2,2019-04-25 15:38:41,34.859791114087606,35.55931563858921,True
331,3,2019-04-25 15:38:41,34.95800568898676,35.524027761877456,True
331,4,2019-04-25 15:38:41,34.845004573541146,35.45483095663698,True
331,5,2019-04-25 15:38:41,34.80839305018722,35.45176710348531,True
332,0,2019-04-25 15:38:41,34.90184936292431,35.59480581568276,True
332,1,2019-04-25 15:38:41,34.91699183490546,35.57899794136474,True
332,2,2019-04-25 15:38:41,34.87973151238012,35.57676326998276,True
332,3,2019-04-25 15:38:41,34.910813663478386,35.5051364458074,True
332,4,2019-04-25 15:38:41,34.82770123601828,35.44771213624532,True
332,5,2019-04-25 15:38:41,34.81170868104807,35.46017416749073,True
333,0,2019-04-25 15:38:41,34.93313624955206,35.54632462490807,True
333,1,2019-04-25 15:38:41,34.85772639677071,35.57976989145683,True
333,2,2019-04-25 15:38:41,34.80616357517854,35.55194952145567,True
333,3,2019-04-25 15:38:41,34.94022731381432,35.534304973761074,True
333,4,2019-04-25 15:38:41,34.83732702192218,35.423192493945635,True
333,5,2019-04-25 15:38:41,34.79963051949671,35.45392150786813,True
334,0,2019-04-25 15:38:41,34.915161678990735,35.591230165620075,True
334,1,2019-04-25 15:38:41,34.89734897788356,35.58148487629202,True
334,2,2019-04-25 15:38:41,34.84294876674151,35.56508368670752,True
334,3,2019-04-25 15:38:41,34.920347749511194,35.50949913417554,True
334,4,2019-04-25 15:38:41,34.83568060237789,35.4686058176476,True
334,5,2019-04-25 15:38:41,34.822816007136595,35.463945805904295,True
335,0,2019-04-25 15:38:41,34.92010946998195,35.59397007964232,True
335,1,2019-04-25 15:38:41,34.89628481574575,35.56612221912157,True
335,2,2019-04-25 15:38:41,34.845902543436424,35.56578867753678,True
335,3,2019-04-25 15:38:41,34.8744150149763,35.48789713032154,True
335,4,2019-04-25 15:38:41,34.868676496710194,35.4854516059732,True
335,5,2019-04-25 15:38:41,34.822925315665664,35.468000628372906,True
336,0,2019-04-25 15:38:41,34.919222203875,35.5721100328613,True
336,1,2019-04-25 15:38:41,34.86636626147428,35.5590641919259,True
336,2,2019-04-25 15:38:41,34.82080675347971,35.54722394720046,True
336,3,2019-04-25 15:38:41,34.92945514636145,35.52477100064663,True
336,4,2019-04-25 15:38:41,34.84758523922123,35.450170658535,True
336,5,2019-04-25 15:38:41,34.798964134204695,35.450244773882424,True
337,0,2019-04-25 15:38:41,34.89183746200387,35.59031864887774,True
337,1,2019-04-25 15:38:41,34.881983463881895,35.57059712166452,True
337,2,2019-04-25 15:38:41,34.85621517310082,35.57467507001978,True
337,3,2019-04-25 15:38:41,34.912056943034024,35.54350527034128,True
337,4,2019-04-25 15:38:41,34.87137159295068,35.46621166699468,True
337,5,2019-04-25 15:38:41,34.86925389246869,35.4884240657992,True
338,0,2019-04-25 15:38:41,34.900522658326736,35.56533697002779,True
338,1,2019-04-25 15:38:41,34.85656235211626,35.57323990582973,True
338,2,2019-04-25 15:38:41,34.85814971291802,35.563459899822426,True
338,3,2019-04-25 15:38:41,34.906477109265516,35.51592492385526,True
338,4,2019-04-25 15:38:41,34.84809621892485,35.466126627348686,True
338,5,2019-04-25 15:38:41,34.81874535964406,35.466748658202235,True
339,0,2019-04-25 15:38:41,34.92845022719864,35.57118840442486,True
339,1,2019-04-25 15:38:41,34.88134810071767,35.560886546022445,True
339,2,2019-04-25 15:38:41,34.8630066379282,35.563289053029806,True
339,3,2019-04-25 15:38:41,34.931747199154586,35.52117085138251,True
339,4,2019-04-25 15:38:41,34.83955421281697,35.44541797465272,True
339,5,2019-04-25 15:38:41,34.83465699123689,35.49156518423824,True
340,0,2019-04-25 15:38:41,34.866744410715036,35.57195661258749,True
340,1,2019-04-25 15:38:41,34.86061631109237,35.565272008963355,True
340,2,2019-04-25 15:38:41,34.86790352979732,35.56329021334669,True
340,3,2019-04-25 15:38:41,34.91980455510118,35.536649242864904,True
340,4,2019-04-25 15:38:41,34.81150307342959,35.42254202011236,True
340,5,2019-04-25 15:38:41,34.85718315835879,35.48795682925029,True
341,0,2019-04-25 15:38:41,34.93897488352839,35.55925391741411,True
341,1,2019-04-25 15:38:41,34.87102021698837,35.57734510527989,True
341,2,2019-04-25 15:38:41,34.81886777251835,35.53860670294707,True
341,3,2019-04-25 15:38:41,34.942352147910306,35.514571960973626,True
341,4,2019-04-25 15:38:41,34.853939712536416,35.47406194880682,True
341,5,2019-04-25 15:38:41,34.83330885138162,35.495587527260156,True
342,0,2019-04-25 15:38:41,34.91343119351054,35.598353075017464,True
342,1,2019-04-25 15:38:41,34.89188675956377,35.56772781647559,True
342,2,2019-04-25 15:38:41,34.830156908691556,35.57015616494013,True
342,3,2019-04-25 15:38:41,34.91347866067753,35.507077528323435,True
342,4,2019-04-25 15:38:41,34.84755486223594,35.47273165093616,True
342,5,2019-04-25 15:38:41,34.86205603296664,35.50400211633375,True
343,0,2019-04-25 15:38:41,34.91442351610017,35.57146286669514,True
343,1,2019-04-25 15:38:41,34.883495890136416,35.56637821534949,True
343,2,2019-04-25 15:38:41,34.826233186335045,35.55563188491175,True
343,3,2019-04-25 15:38:41,34.906658405345574,35.52611483202839,True
343,4,2019-04-25 15:38:41,34.8471092950267,35.4389149133145,True
343,5,2019-04-25 15:38:41,34.84475361744142,35.49309919109722,True
344,0,2019-04-25 15:38:41,34.9009402976103,35.56877740905679,True
344,1,2019-04-25 15:38:41,34.842198584235646,35.53188813978478,True
344,2,2019-04-25 15:38:41,34.8173399185692,35.55606802063358,True
344,3,2019-04-25 15:38:41,34.89566316615043,35.51439487765904,True
344,4,2019-04-25 15:38:41,34.82454078402583,35.45128711936551,True
344,5,2019-04-25 15:38:41,34.80421830571998,35.47102873250163,True
345,0,2019-04-25 15:38:41,34.93115615263577,35.59843344755392,True
345,1,2019-04-25 15:38:41,34.89580850137793,35.561059818525536,True
345,2,2019-04-25 15:38:41,34.846410607466666,35.561626949086424,True
345,3,2019-04-25 15:38:41,34.9587777827507,35.542635661265095,True
345,4,2019-04-25 15:38:41,34.80556016217882,35.41054558463623,True
345,5,2019-04-25 15:38:41,34.82671183442586,35.47296360285492,True
346,0,2019-04-25 15:38:41,34.87813686624465,35.5917736543119,True
346,1,2019-04-25 15:38:41,34.86710555496944,35.56951421285857,True
346,2,2019-04-25 15:38:41,34.80312347925172,35.54191484683383,True
346,3,2019-04-25 15:38:41,34.89797416737235,35.509505556245685,True
346,4,2019-04-25 15:38:41,34.76982225074106,35.34308637170418,True
346,5,2019-04-25 15:38:41,34.81068515189057,35.46523191264334,True
347,0,2019-04-25 15:38:41,34.6613324920319,35.23552120831437,True
347,1,2019-04-25 15:38:41,34.663978506657266,35.20481322438618,True
347,2,2019-04-25 15:38:41,34.572126408082994,35.124592106491306,True
347,3,2019-04-25 15:38:41,34.63884366394702,35.15291374677396,True
347,4,2019-04-25 15:38:41,34.51542566776784,35.07397679306789,True
347,5,2019-04-25 15:38:41,34.54700671577039,35.10077372295143,True
348,0,2019-04-25 15:38:41,34.642580451429545,35.18984400562964,True
348,1,2019-04-25 15:38:41,34.66344362295882,35.21108016135124,True
348,2,2019-04-25 15:38:41,34.57089991643879,35.12349793541234,True
348,3,2019-04-25 15:38:41,34.62023596204031,35.133911917513146,True
348,4,2019-04-25 15:38:41,34.523057625507896,35.081133006406155,True
348,5,2019-04-25 15:38:41,34.56066717222443,35.10877230156811,True
349,0,2019-04-25 15:38:41,34.59768160567521,35.13099626658747,True
349,1,2019-04-25 15:38:41,34.62692617684636,35.1483798799862,True
349,2,2019-04-25 15:38:41,34.622509369473306,35.210069118919755,True
349,3,2019-04-25 15:38:41,34.62839358795543,35.11415648927321,True
349,4,2019-04-25 15:38:41,34.52368956292542,35.08191295048455,True
349,5,2019-04-25 15:38:41,34.545424422174676,35.119032311216515,True
350,0,2019-04-25 15:38:41,34.6414674885176,35.18904346174792,True
350,1,2019-04-25 15:38:41,34.63457454811007,35.161861538651294,True
350,2,2019-04-25 15:38:41,34.51916036253819,35.09969782444367,True
350,3,2019-04-25 15:38:41,34.60580963125687,35.106591306656995,True
350,4,2019-04-25 15:38:41,34.47701665305901,35.06735958132995,True
350,5,2019-04-25 15:38:41,34.529808301164834,35.115890866263356,True
351,0,2019-04-25 15:38:41,34.661852741400985,35.240704609315344,True
351,1,2019-04-25 15:38:41,34.589110529996056,35.135463614767644,True
351,2,2019-04-25 15:38:41,34.48697316750604,35.126434674620505,True
351,3,2019-04-25 15:38:41,34.58067197738241,35.08895350975082,True
351,4,2019-04-25 15:38:41,34.5569133602519,35.07831056067574,True
351,5,2019-04-25 15:38:41,34.55911051717825,35.10726960802718,True
352,0,2019-04-25 15:38:41,34.658788969262254,35.213147388860875,True
352,1,2019-04-25 15:38:41,34.659123374012744,35.20867465983347,True
352,2,2019-04-25 15:38:41,34.61134205151606,35.18802469478017,True
352,3,2019-04-25 15:38:41,34.62309849906347,35.1394182818521,True
352,4,2019-04-25 15:38:41,34.527615513785996,35.069867432066985,True
352,5,2019-04-25 15:38:41,34.50120208558511,35.11754568282848,True
353,0,2019-04-25 15:38:41,34.64433670251228,35.211455201428514,True
353,1,2019-04-25 15:38:41,34.6253930958646,35.14937715528342,True
353,2,2019-04-25 15:38:41,34.557252636301044,35.12859623529886,True
353,3,2019-04-25 15:38:41,34.64642808277684,35.159077539961714,True
353,4,2019-04-25 15:38:41,34.51121346754647,35.088016643517754,True
353,5,2019-04-25 15:38:41,34.51948846285501,35.10825242030098,True
354,0,2019-04-25 15:38:41,34.66249195636271,35.22152184628043,True
354,1,2019-04-25 15:38:41,34.63816244073537,35.1519196154037,True
354,2,2019-04-25 15:38:41,34.57390893904275,35.12915708195087,True
354,3,2019-04-25 15:38:41,34.59288728897594,35.10952409447379,True
354,4,2019-04-25 15:38:41,34.52805222844928,35.06181034833697,True
354,5,2019-04-25 15:38:41,34.52772888678067,35.108935672708874,True
355,0,2019-04-25 15:38:41,34.68391587842668,35.2782621489543,True
355,1,2019-04-25 15:38:41,34.6157722808304,35.13719000672491,True
355,2,2019-04-25 15:38:41,34.57416407387449,35.13611489142405,True
355,3,2019-04-25 15:38:41,34.64426223185433,35.161362135469496,True
355,4,2019-04-25 15:38:41,34.49568020845605,35.069891358836486,True
355,5,2019-04-25 15:38:41,34.56800405666038,35.10391609309746,True
356,0,2019-04-25 15:38:41,34.60359474633421,35.14934299892483,True
356,1,2019-04-25 15:38:41,34.64258654619952,35.180221299539916,True
356,2,2019-04-25 15:38:41,34.529540923570465,35.10008145052939,True
356,3,2019-04-25 15:38:41,34.62050747978044,35.11312374167943,True
356,4,2019-04-25 15:38:41,34.45223562746599,35.07452944402368,True
356,5,2019-04-25 15:38:41,34.53813040423547,35.10629656984424,True
357,0,2019-04-25 15:38:41,34.65448447718061,35.21979841835558,True
357,1,2019-04-25 15:38:41,34.664162839441154,35.21335330193862,True
357,2,2019-04-25 15:38:41,34.563017082152875,35.125974181272056,True
357,3,2019-04-25 15:38:41,34.62422502133852,35.13120421863028,True
357,4,2019-04-25 15:38:41,34.5229795030543,35.07660609121355,True
357,5,2019-04-25 15:38:41,34.514809528640185,35.11967026356886,True
358,0,2019-04-25 15:38:41,34.64935146544748,35.204054734328814,True
358,1,2019-04-25 15:38:41,34.5923748320711,35.12954755336102,True
358,2,2019-04-25 15:38:41,34.53244790165947,35.105345429459526,True
358,3,2019-04-25 15:38:41,34.59278684751297,35.09700780127263,True
358,4,2019-04-25 15:38:41,34.45658733770238,35.08204585227171,True
358,5,2019-04-25 15:38:41,34.540176069361586,35.11494740524326,True
359,0,2019-04-25 15:38:41,34.65956471545642,35.219802678566246,True
359,1,2019-04-25 15:38:41,34.61079634405457,35.131337836845994,True
359,2,2019-04-25 15:38:41,34.551401392489,35.116494936534295,True
359,3,2019-04-25 15:38:41,34.63888629492962,35.14000336872653,True
359,4,2019-04-25 15:38:41,34.49124310623645,35.08304257162483,True
359,5,2019-04-25 15:38:41,34.45971911936912,35.12308476298917,True
360,0,2019-04-25 15:38:41,34.671475318889534,35.25431984135215,True
360,1,2019-04-25 15:38:41,34.662849642637475,35.20731917960781,True
360,2,2019-04-25 15:38:41,34.54752709533126,35.11530913333597,True
360,3,2019-04-25 15:38:41,34.563058963861835,35.10194269811428,True
360,4,2019-04-25 15:38:41,34.53109326713977,35.0578903891883,True
360,5,2019-04-25 15:38:41,34.575956219960204,35.12901077318011,True
361,0,2019-04-25 15:38:41,34.69632198898137,35.32129626616973,True
361,1,2019-04-25 15:38:41,34.63020152547346,35.14899882779798,True
361,2,2019-04-25 15:38:41,34.568077207369825,35.11289919179313,True
361,3,2019-04-25 15:38:41,34.56434556783636,35.1011005361694,True
361,4,2019-04-25 15:38:41,34.47603134922225,35.07354103195932,True
361,5,2019-04-25 15:38:41,34.54161994316075,35.123544675549546,True
362,0,2019-04-25 15:38:41,34.656194565862855,35.21823780990726,True
362,1,2019-04-25 15:38:41,34.611887457905944,35.137543133726155,True
362,2,2019-04-25 15:38:41,34.54419214224564,35.11125141888328,True
362,3,2019-04-25 15:38:41,34.5943781165012,35.10149340660363,True
362,4,2019-04-25 15:38:41,34.53754547841641,35.07341897767446,True
362,5,2019-04-25 15:38:41,34.59576860299479,35.125900590695764,True
363,0,2019-04-25 15:38:41,34.648434006223965,35.22485780889203,True
363,1,2019-04-25 15:38:41,34.62219076073374,35.16301469286472,True
363,2,2019-04-25 15:38:41,34.52141467878332,35.12047693270343,True
363,3,2019-04-25 15:38:41,34.60144525650807,35.09845507928115,True
363,4,2019-04-25 15:38:41,34.558411932653144,35.075152972273806,True
363,5,2019-04-25 15:38:41,34.50365600912847,35.11041162166405,True
364,0,2019-04-25 15:38:41,34.595022098106654,35.14621762860485,True
364,1,2019-04-25 15:38:41,34.61772293530093,35.14556671754675,True
364,2,2019-04-25 15:38:41,34.564371427513755,35.13059674322001,True
364,3,2019-04-25 15:38:41,34.636833782257824,35.13217684690979,True
364,4,2019-04-25 15:38:41,34.48332748966048,35.080038597137765,True
364,5,2019-04-25 15:38:41,34.54294409307566,35.108467558375466,True
365,0,2019-04-25 15:38:41,34.623362621003174,35.17351171835707,True
365,1,2019-04-25 15:38:41,34.58259684190887,35.11679381433297,True
365,2,2019-04-25 15:38:41,34.577131118260375,35.140152034862254,True
365,3,2019-04-25 15:38:41,34.57777718453924,35.10416956809917,True
365,4,2019-04-25 15:38:41,34.506282052416005,35.07583791536115,True
365,5,2019-04-25 15:38:41,34.5221203274622,35.110872688856546,True
366,0,2019-04-25 15:38:41,34.674973120785765,35.24501883817057,True
366,1,2019-04-25 15:38:41,34.61114818008969,35.132371941774096,True
366,2,2019-04-25 15:38:41,34.56415368074539,35.13489021005281,True
366,3,2019-04-25 15:38:41,34.61531707001803,35.13013151939352,True
366,4,2019-04-25 15:38:41,34.51925213451334,35.08206091294884,True
366,5,2019-04-25 15:38:41,34.53911865336856,35.084264902332876,True
367,0,2019-04-25 15:38:41,34.64947682117498,35.22620235852935,True
367,1,2019-04-25 15:38:41,34.65874245937793,35.19592819136413,True
367,2,2019-04-25 15:38:41,34.53229001674107,35.09908621952901,True
367,3,2019-04-25 15:38:41,34.618108053012044,35.1205423111443,True
367,4,2019-04-25 15:38:41,34.480906970969194,35.08127863622391,True
367,5,2019-04-25 15:38:41,34.47541860690052,35.1116104064374,True
368,0,2019-04-25 15:38:41,34.64829081636237,35.19974426519874,True
368,1,2019-04-25 15:38:41,34.65892552777515,35.182864029532844,True
368,2,2019-04-25 15:38:41,34.56122901025723,35.14108650314033,True
368,3,2019-04-25 15:38:41,34.63788115863059,35.13645566208724,True
368,4,2019-04-25 15:38:41,34.514538571503074,35.08351006182227,True
368,5,2019-04-25 15:38:41,34.50211624284293,35.10406768242293,True
369,0,2019-04-25 15:38:41,34.63394673043601,35.193349565086706,True
369,1,2019-04-25 15:38:41,34.66086544861059,35.23304196399894,True
369,2,2019-04-25 15:38:41,34.58796395283698,35.161119645026574,True
369,3,2019-04-25 15:38:41,34.641028860208415,35.138103134115816,True
369,4,2019-04-25 15:38:41,34.45061036541529,35.06466744776864,True
369,5,2019-04-25 15:38:41,34.51281096267182,35.11734826988987,True
370,0,2019-04-25 15:38:41,34.601610850771394,35.12972497982492,True
370,1,2019-04-25 15:38:41,34.59660389108238,35.139594618079336,True
370,2,2019-04-25 15:38:41,34.58220875372866,35.14699630057124,True
370,3,2019-04-25 15:38:41,34.6314969955793,35.12590931980099,True
370,4,2019-04-25 15:38:41,34.50052247665818,35.063309371806646,True
370,5,2019-04-25 15:38:41,34.55102043426146,35.104181113712315,True
